ISO-10303-21;
HEADER;
/* Generated by software containing ST-Developer
 * from STEP Tools, Inc. (www.steptools.com) 
 */

FILE_DESCRIPTION(
/* description */ ('KiCad electronic assembly'),
/* implementation_level */ '2;1');

FILE_NAME(
/* name */ 'glowbug v3 - for machining - main.step',
/* time_stamp */ '2026-08-17T15:07:28-07:00',
/* author */ (''),
/* organization */ (''),
/* preprocessor_version */ 'ST-DEVELOPER v20.1',
/* originating_system */ 'Autodesk Translation Framework v15.8.0.0',
/* authorisation */ '');

FILE_SCHEMA (('AUTOMOTIVE_DESIGN { 1 0 10303 214 3 1 1 }'));
ENDSEC;

DATA;
#10=MECHANICAL_DESIGN_GEOMETRIC_PRESENTATION_REPRESENTATION('',(#13),#3029);
#11=SHAPE_REPRESENTATION_RELATIONSHIP('SRR','None',#3035,#12);
#12=ADVANCED_BREP_SHAPE_REPRESENTATION('',(#14),#3028);
#13=STYLED_ITEM('',(#3045),#14);
#14=MANIFOLD_SOLID_BREP('main',#1661);
#15=CONICAL_SURFACE('',#1740,3.90000042591002,0.785398163397454);
#16=CONICAL_SURFACE('',#1744,3.90000042591002,0.785398163397442);
#17=CONICAL_SURFACE('',#1748,3.90000042591001,0.785398163397484);
#18=CONICAL_SURFACE('',#1752,3.90000042591005,0.785398163397487);
#19=CONICAL_SURFACE('',#1766,1.67,0.785398163397451);
#20=CONICAL_SURFACE('',#1770,1.67,0.78539816339729);
#21=CONICAL_SURFACE('',#1774,1.67,0.78539816339729);
#22=CONICAL_SURFACE('',#1777,1.67,0.785398163397451);
#23=CONICAL_SURFACE('',#1791,2.75000042591002,0.785398163397447);
#24=CONICAL_SURFACE('',#1794,2.75000042591002,0.785398163397449);
#25=CONICAL_SURFACE('',#1797,2.75000042591007,0.785398163397454);
#26=CONICAL_SURFACE('',#1800,2.75000042591004,0.785398163397451);
#27=FACE_BOUND('',#265,.T.);
#28=FACE_BOUND('',#270,.T.);
#29=FACE_BOUND('',#275,.T.);
#30=FACE_BOUND('',#281,.T.);
#31=FACE_BOUND('',#308,.T.);
#32=FACE_BOUND('',#320,.T.);
#33=FACE_BOUND('',#341,.T.);
#34=FACE_BOUND('',#342,.T.);
#35=FACE_BOUND('',#343,.T.);
#36=FACE_BOUND('',#344,.T.);
#37=FACE_BOUND('',#345,.T.);
#38=B_SPLINE_SURFACE_WITH_KNOTS('',3,3,((#2395,#2396,#2397,#2398,#2399,
#2400,#2401,#2402,#2403,#2404),(#2405,#2406,#2407,#2408,#2409,#2410,#2411,
#2412,#2413,#2414),(#2415,#2416,#2417,#2418,#2419,#2420,#2421,#2422,#2423,
#2424),(#2425,#2426,#2427,#2428,#2429,#2430,#2431,#2432,#2433,#2434),(#2435,
#2436,#2437,#2438,#2439,#2440,#2441,#2442,#2443,#2444)),.UNSPECIFIED.,.F.,
 .F.,.F.,(4,1,4),(4,1,1,1,1,1,1,4),(0.,0.571428571428571,1.),(-0.204574150648388,
-0.198382455876045,-0.192190761103702,-0.179807371559015,-0.155040592469643,
-0.105507034290897,-0.0807402552015243,-0.0312066970227788),
 .UNSPECIFIED.);
#39=B_SPLINE_SURFACE_WITH_KNOTS('',3,3,((#2633,#2634,#2635,#2636,#2637,
#2638,#2639,#2640,#2641,#2642),(#2643,#2644,#2645,#2646,#2647,#2648,#2649,
#2650,#2651,#2652),(#2653,#2654,#2655,#2656,#2657,#2658,#2659,#2660,#2661,
#2662),(#2663,#2664,#2665,#2666,#2667,#2668,#2669,#2670,#2671,#2672),(#2673,
#2674,#2675,#2676,#2677,#2678,#2679,#2680,#2681,#2682)),.UNSPECIFIED.,.F.,
 .F.,.F.,(4,1,4),(4,1,1,1,1,1,1,4),(0.,0.571428571428571,1.),(-0.70626764767273,
-0.656734089493966,-0.631967310404584,-0.58243375222582,-0.557666973136438,
-0.545283583591747,-0.539091888819401,-0.532900194047055),.UNSPECIFIED.);
#40=(
BOUNDED_SURFACE()
B_SPLINE_SURFACE(2,2,((#2366,#2367,#2368),(#2369,#2370,#2371),(#2372,#2373,
#2374)),.UNSPECIFIED.,.F.,.F.,.F.)
B_SPLINE_SURFACE_WITH_KNOTS((3,3),(3,3),(0.,1.57079632679491),(1.24900063672235E-15,
1.5707963267949),.UNSPECIFIED.)
GEOMETRIC_REPRESENTATION_ITEM()
RATIONAL_B_SPLINE_SURFACE(((1.,0.707106781186548,1.),(0.707106781186512,
0.499999999999976,0.707106781186512),(1.,0.707106781186548,1.)))
REPRESENTATION_ITEM('')
SURFACE()
);
#41=(
BOUNDED_SURFACE()
B_SPLINE_SURFACE(2,2,((#2497,#2498,#2499),(#2500,#2501,#2502),(#2503,#2504,
#2505)),.UNSPECIFIED.,.F.,.F.,.F.)
B_SPLINE_SURFACE_WITH_KNOTS((3,3),(3,3),(0.,1.5707963267949),(1.5707963267949,
3.14159265358979),.UNSPECIFIED.)
GEOMETRIC_REPRESENTATION_ITEM()
RATIONAL_B_SPLINE_SURFACE(((1.,0.707106781186547,1.),(0.707106781186548,
0.5,0.707106781186548),(1.,0.707106781186547,1.)))
REPRESENTATION_ITEM('')
SURFACE()
);
#42=(
BOUNDED_SURFACE()
B_SPLINE_SURFACE(2,2,((#2554,#2555,#2556),(#2557,#2558,#2559),(#2560,#2561,
#2562)),.UNSPECIFIED.,.F.,.F.,.F.)
B_SPLINE_SURFACE_WITH_KNOTS((3,3),(3,3),(0.,1.5707963267949),(-3.14159265358979,
-1.5707963267949),.UNSPECIFIED.)
GEOMETRIC_REPRESENTATION_ITEM()
RATIONAL_B_SPLINE_SURFACE(((1.,0.707106781186547,1.),(0.707106781186547,
0.5,0.707106781186547),(1.,0.707106781186547,1.)))
REPRESENTATION_ITEM('')
SURFACE()
);
#43=(
BOUNDED_SURFACE()
B_SPLINE_SURFACE(2,2,((#2613,#2614,#2615),(#2616,#2617,#2618),(#2619,#2620,
#2621)),.UNSPECIFIED.,.F.,.F.,.F.)
B_SPLINE_SURFACE_WITH_KNOTS((3,3),(3,3),(0.,1.5707963267949),(-1.5707963267949,
4.44089020708081E-15),.UNSPECIFIED.)
GEOMETRIC_REPRESENTATION_ITEM()
RATIONAL_B_SPLINE_SURFACE(((1.,0.707106781186546,1.),(0.707106781186514,
0.499999999999975,0.707106781186514),(1.,0.707106781186546,1.)))
REPRESENTATION_ITEM('')
SURFACE()
);
#44=CIRCLE('',#1666,1.00000000000001);
#45=CIRCLE('',#1667,1.);
#46=CIRCLE('',#1668,1.);
#47=CIRCLE('',#1669,2.00000042591004);
#48=CIRCLE('',#1670,1.00000042591004);
#49=CIRCLE('',#1672,2.);
#50=CIRCLE('',#1675,2.);
#51=CIRCLE('',#1676,3.59999999999999);
#52=CIRCLE('',#1677,2.);
#53=CIRCLE('',#1678,1.7);
#54=CIRCLE('',#1680,1.);
#55=CIRCLE('',#1681,1.);
#56=CIRCLE('',#1682,2.00000042591002);
#57=CIRCLE('',#1683,1.00000042591002);
#58=CIRCLE('',#1686,2.);
#59=CIRCLE('',#1687,3.6);
#60=CIRCLE('',#1688,2.);
#61=CIRCLE('',#1689,1.7);
#62=CIRCLE('',#1691,1.);
#63=CIRCLE('',#1692,1.);
#64=CIRCLE('',#1693,2.00000042591002);
#65=CIRCLE('',#1694,1.00000042591002);
#66=CIRCLE('',#1697,2.);
#67=CIRCLE('',#1698,3.6);
#68=CIRCLE('',#1699,2.);
#69=CIRCLE('',#1700,1.7);
#70=CIRCLE('',#1702,1.);
#71=CIRCLE('',#1703,1.);
#72=CIRCLE('',#1704,2.00000042591006);
#73=CIRCLE('',#1705,1.00000042591006);
#74=CIRCLE('',#1707,1.);
#75=CIRCLE('',#1708,2.);
#76=CIRCLE('',#1710,2.);
#77=CIRCLE('',#1711,3.59999999999999);
#78=CIRCLE('',#1712,2.);
#79=CIRCLE('',#1713,1.7);
#80=CIRCLE('',#1715,2.);
#81=CIRCLE('',#1717,2.);
#82=CIRCLE('',#1719,2.);
#83=CIRCLE('',#1722,2.);
#84=CIRCLE('',#1724,2.);
#85=CIRCLE('',#1726,1.57);
#86=CIRCLE('',#1727,1.57);
#87=CIRCLE('',#1729,2.);
#88=CIRCLE('',#1731,2.);
#89=CIRCLE('',#1734,2.);
#90=CIRCLE('',#1736,1.57);
#91=CIRCLE('',#1738,1.57);
#92=CIRCLE('',#1741,4.00000042591002);
#93=CIRCLE('',#1742,3.80000042591002);
#94=CIRCLE('',#1745,4.00000042591002);
#95=CIRCLE('',#1746,3.80000042591002);
#96=CIRCLE('',#1749,4.00000042591002);
#97=CIRCLE('',#1750,3.80000042591);
#98=CIRCLE('',#1753,4.00000042591005);
#99=CIRCLE('',#1754,3.80000042591004);
#100=CIRCLE('',#1756,4.00000042591002);
#101=CIRCLE('',#1759,4.00000042591002);
#102=CIRCLE('',#1762,3.50000042591002);
#103=CIRCLE('',#1763,3.50000042591002);
#104=CIRCLE('',#1764,3.50000042591008);
#105=CIRCLE('',#1765,3.50000042591005);
#106=CIRCLE('',#1767,1.57);
#107=CIRCLE('',#1768,1.77);
#108=CIRCLE('',#1771,1.57);
#109=CIRCLE('',#1772,1.77);
#110=CIRCLE('',#1775,1.77);
#111=CIRCLE('',#1778,1.77);
#112=CIRCLE('',#1782,1.57);
#113=CIRCLE('',#1786,1.57);
#114=CIRCLE('',#1792,2.00000042591002);
#115=CIRCLE('',#1795,2.00000042591002);
#116=CIRCLE('',#1798,2.00000042591006);
#117=CIRCLE('',#1801,2.00000042591004);
#118=CIRCLE('',#1809,4.00000042591005);
#119=CIRCLE('',#1810,4.00000042591002);
#120=CIRCLE('',#1811,3.6);
#121=CIRCLE('',#1812,3.59999999999999);
#122=CIRCLE('',#1813,3.59999999999999);
#123=CIRCLE('',#1814,3.6);
#124=CIRCLE('',#1815,1.7);
#125=CIRCLE('',#1816,1.7);
#126=CIRCLE('',#1817,1.7);
#127=CIRCLE('',#1818,1.7);
#128=CYLINDRICAL_SURFACE('',#1665,1.);
#129=CYLINDRICAL_SURFACE('',#1671,1.);
#130=CYLINDRICAL_SURFACE('',#1679,1.);
#131=CYLINDRICAL_SURFACE('',#1684,1.);
#132=CYLINDRICAL_SURFACE('',#1690,1.);
#133=CYLINDRICAL_SURFACE('',#1695,1.);
#134=CYLINDRICAL_SURFACE('',#1701,1.);
#135=CYLINDRICAL_SURFACE('',#1706,1.);
#136=CYLINDRICAL_SURFACE('',#1714,2.);
#137=CYLINDRICAL_SURFACE('',#1716,2.);
#138=CYLINDRICAL_SURFACE('',#1718,2.);
#139=CYLINDRICAL_SURFACE('',#1721,2.);
#140=CYLINDRICAL_SURFACE('',#1723,2.);
#141=CYLINDRICAL_SURFACE('',#1725,1.57);
#142=CYLINDRICAL_SURFACE('',#1728,2.);
#143=CYLINDRICAL_SURFACE('',#1730,2.);
#144=CYLINDRICAL_SURFACE('',#1733,2.);
#145=CYLINDRICAL_SURFACE('',#1737,1.57);
#146=CYLINDRICAL_SURFACE('',#1755,4.00000042591002);
#147=CYLINDRICAL_SURFACE('',#1758,4.00000042591002);
#148=CYLINDRICAL_SURFACE('',#1781,1.57);
#149=CYLINDRICAL_SURFACE('',#1802,2.00000042591002);
#150=CYLINDRICAL_SURFACE('',#1803,2.00000042591002);
#151=CYLINDRICAL_SURFACE('',#1805,1.57);
#152=CYLINDRICAL_SURFACE('',#1806,2.00000042591004);
#153=CYLINDRICAL_SURFACE('',#1807,2.00000042591006);
#154=CYLINDRICAL_SURFACE('',#1820,3.59999999999999);
#155=CYLINDRICAL_SURFACE('',#1822,3.6);
#156=CYLINDRICAL_SURFACE('',#1824,4.00000042591002);
#157=CYLINDRICAL_SURFACE('',#1825,4.00000042591005);
#158=CYLINDRICAL_SURFACE('',#1826,1.7);
#159=CYLINDRICAL_SURFACE('',#1827,1.7);
#160=CYLINDRICAL_SURFACE('',#1828,1.7);
#161=CYLINDRICAL_SURFACE('',#1830,3.59999999999999);
#162=CYLINDRICAL_SURFACE('',#1831,1.7);
#163=CYLINDRICAL_SURFACE('',#1833,3.6);
#164=FACE_OUTER_BOUND('',#257,.T.);
#165=FACE_OUTER_BOUND('',#258,.T.);
#166=FACE_OUTER_BOUND('',#259,.T.);
#167=FACE_OUTER_BOUND('',#260,.T.);
#168=FACE_OUTER_BOUND('',#261,.T.);
#169=FACE_OUTER_BOUND('',#262,.T.);
#170=FACE_OUTER_BOUND('',#263,.T.);
#171=FACE_OUTER_BOUND('',#264,.T.);
#172=FACE_OUTER_BOUND('',#266,.T.);
#173=FACE_OUTER_BOUND('',#267,.T.);
#174=FACE_OUTER_BOUND('',#268,.T.);
#175=FACE_OUTER_BOUND('',#269,.T.);
#176=FACE_OUTER_BOUND('',#271,.T.);
#177=FACE_OUTER_BOUND('',#272,.T.);
#178=FACE_OUTER_BOUND('',#273,.T.);
#179=FACE_OUTER_BOUND('',#274,.T.);
#180=FACE_OUTER_BOUND('',#276,.T.);
#181=FACE_OUTER_BOUND('',#277,.T.);
#182=FACE_OUTER_BOUND('',#278,.T.);
#183=FACE_OUTER_BOUND('',#279,.T.);
#184=FACE_OUTER_BOUND('',#280,.T.);
#185=FACE_OUTER_BOUND('',#282,.T.);
#186=FACE_OUTER_BOUND('',#283,.T.);
#187=FACE_OUTER_BOUND('',#284,.T.);
#188=FACE_OUTER_BOUND('',#285,.T.);
#189=FACE_OUTER_BOUND('',#286,.T.);
#190=FACE_OUTER_BOUND('',#287,.T.);
#191=FACE_OUTER_BOUND('',#288,.T.);
#192=FACE_OUTER_BOUND('',#289,.T.);
#193=FACE_OUTER_BOUND('',#290,.T.);
#194=FACE_OUTER_BOUND('',#291,.T.);
#195=FACE_OUTER_BOUND('',#292,.T.);
#196=FACE_OUTER_BOUND('',#293,.T.);
#197=FACE_OUTER_BOUND('',#294,.T.);
#198=FACE_OUTER_BOUND('',#295,.T.);
#199=FACE_OUTER_BOUND('',#296,.T.);
#200=FACE_OUTER_BOUND('',#297,.T.);
#201=FACE_OUTER_BOUND('',#298,.T.);
#202=FACE_OUTER_BOUND('',#299,.T.);
#203=FACE_OUTER_BOUND('',#300,.T.);
#204=FACE_OUTER_BOUND('',#301,.T.);
#205=FACE_OUTER_BOUND('',#302,.T.);
#206=FACE_OUTER_BOUND('',#303,.T.);
#207=FACE_OUTER_BOUND('',#304,.T.);
#208=FACE_OUTER_BOUND('',#305,.T.);
#209=FACE_OUTER_BOUND('',#306,.T.);
#210=FACE_OUTER_BOUND('',#307,.T.);
#211=FACE_OUTER_BOUND('',#309,.T.);
#212=FACE_OUTER_BOUND('',#310,.T.);
#213=FACE_OUTER_BOUND('',#311,.T.);
#214=FACE_OUTER_BOUND('',#312,.T.);
#215=FACE_OUTER_BOUND('',#313,.T.);
#216=FACE_OUTER_BOUND('',#314,.T.);
#217=FACE_OUTER_BOUND('',#315,.T.);
#218=FACE_OUTER_BOUND('',#316,.T.);
#219=FACE_OUTER_BOUND('',#317,.T.);
#220=FACE_OUTER_BOUND('',#318,.T.);
#221=FACE_OUTER_BOUND('',#319,.T.);
#222=FACE_OUTER_BOUND('',#321,.T.);
#223=FACE_OUTER_BOUND('',#322,.T.);
#224=FACE_OUTER_BOUND('',#323,.T.);
#225=FACE_OUTER_BOUND('',#324,.T.);
#226=FACE_OUTER_BOUND('',#325,.T.);
#227=FACE_OUTER_BOUND('',#326,.T.);
#228=FACE_OUTER_BOUND('',#327,.T.);
#229=FACE_OUTER_BOUND('',#328,.T.);
#230=FACE_OUTER_BOUND('',#329,.T.);
#231=FACE_OUTER_BOUND('',#330,.T.);
#232=FACE_OUTER_BOUND('',#331,.T.);
#233=FACE_OUTER_BOUND('',#332,.T.);
#234=FACE_OUTER_BOUND('',#333,.T.);
#235=FACE_OUTER_BOUND('',#334,.T.);
#236=FACE_OUTER_BOUND('',#335,.T.);
#237=FACE_OUTER_BOUND('',#336,.T.);
#238=FACE_OUTER_BOUND('',#337,.T.);
#239=FACE_OUTER_BOUND('',#338,.T.);
#240=FACE_OUTER_BOUND('',#339,.T.);
#241=FACE_OUTER_BOUND('',#340,.T.);
#242=FACE_OUTER_BOUND('',#346,.T.);
#243=FACE_OUTER_BOUND('',#347,.T.);
#244=FACE_OUTER_BOUND('',#348,.T.);
#245=FACE_OUTER_BOUND('',#349,.T.);
#246=FACE_OUTER_BOUND('',#350,.T.);
#247=FACE_OUTER_BOUND('',#351,.T.);
#248=FACE_OUTER_BOUND('',#352,.T.);
#249=FACE_OUTER_BOUND('',#353,.T.);
#250=FACE_OUTER_BOUND('',#354,.T.);
#251=FACE_OUTER_BOUND('',#355,.T.);
#252=FACE_OUTER_BOUND('',#356,.T.);
#253=FACE_OUTER_BOUND('',#357,.T.);
#254=FACE_OUTER_BOUND('',#358,.T.);
#255=FACE_OUTER_BOUND('',#359,.T.);
#256=FACE_OUTER_BOUND('',#360,.T.);
#257=EDGE_LOOP('',(#1049,#1050,#1051,#1052,#1053));
#258=EDGE_LOOP('',(#1054,#1055,#1056,#1057,#1058));
#259=EDGE_LOOP('',(#1059,#1060,#1061,#1062));
#260=EDGE_LOOP('',(#1063,#1064,#1065,#1066));
#261=EDGE_LOOP('',(#1067,#1068,#1069,#1070));
#262=EDGE_LOOP('',(#1071,#1072,#1073,#1074));
#263=EDGE_LOOP('',(#1075,#1076,#1077,#1078,#1079,#1080,#1081,#1082));
#264=EDGE_LOOP('',(#1083,#1084,#1085,#1086,#1087,#1088,#1089,#1090));
#265=EDGE_LOOP('',(#1091));
#266=EDGE_LOOP('',(#1092,#1093,#1094,#1095));
#267=EDGE_LOOP('',(#1096,#1097,#1098,#1099));
#268=EDGE_LOOP('',(#1100,#1101,#1102,#1103));
#269=EDGE_LOOP('',(#1104,#1105,#1106,#1107,#1108,#1109,#1110,#1111));
#270=EDGE_LOOP('',(#1112));
#271=EDGE_LOOP('',(#1113,#1114,#1115,#1116));
#272=EDGE_LOOP('',(#1117,#1118,#1119,#1120));
#273=EDGE_LOOP('',(#1121,#1122,#1123,#1124));
#274=EDGE_LOOP('',(#1125,#1126,#1127,#1128,#1129,#1130,#1131,#1132));
#275=EDGE_LOOP('',(#1133));
#276=EDGE_LOOP('',(#1134,#1135,#1136,#1137));
#277=EDGE_LOOP('',(#1138,#1139,#1140,#1141));
#278=EDGE_LOOP('',(#1142,#1143,#1144,#1145));
#279=EDGE_LOOP('',(#1146,#1147,#1148,#1149));
#280=EDGE_LOOP('',(#1150,#1151,#1152,#1153,#1154,#1155,#1156,#1157));
#281=EDGE_LOOP('',(#1158));
#282=EDGE_LOOP('',(#1159,#1160,#1161,#1162,#1163));
#283=EDGE_LOOP('',(#1164,#1165,#1166,#1167,#1168));
#284=EDGE_LOOP('',(#1169,#1170,#1171,#1172,#1173));
#285=EDGE_LOOP('',(#1174,#1175,#1176,#1177,#1178,#1179,#1180,#1181));
#286=EDGE_LOOP('',(#1182,#1183,#1184,#1185,#1186));
#287=EDGE_LOOP('',(#1187,#1188,#1189,#1190,#1191,#1192));
#288=EDGE_LOOP('',(#1193,#1194,#1195,#1196));
#289=EDGE_LOOP('',(#1197,#1198,#1199,#1200,#1201));
#290=EDGE_LOOP('',(#1202,#1203,#1204,#1205,#1206));
#291=EDGE_LOOP('',(#1207,#1208,#1209,#1210,#1211,#1212,#1213,#1214));
#292=EDGE_LOOP('',(#1215,#1216,#1217,#1218,#1219,#1220));
#293=EDGE_LOOP('',(#1221,#1222,#1223,#1224,#1225,#1226,#1227,#1228,#1229,
#1230,#1231,#1232));
#294=EDGE_LOOP('',(#1233,#1234,#1235,#1236));
#295=EDGE_LOOP('',(#1237,#1238,#1239,#1240));
#296=EDGE_LOOP('',(#1241,#1242,#1243,#1244));
#297=EDGE_LOOP('',(#1245,#1246,#1247,#1248));
#298=EDGE_LOOP('',(#1249,#1250,#1251,#1252));
#299=EDGE_LOOP('',(#1253,#1254,#1255,#1256));
#300=EDGE_LOOP('',(#1257,#1258,#1259,#1260));
#301=EDGE_LOOP('',(#1261,#1262,#1263,#1264));
#302=EDGE_LOOP('',(#1265,#1266,#1267,#1268));
#303=EDGE_LOOP('',(#1269,#1270,#1271,#1272));
#304=EDGE_LOOP('',(#1273,#1274,#1275,#1276));
#305=EDGE_LOOP('',(#1277,#1278,#1279,#1280));
#306=EDGE_LOOP('',(#1281,#1282,#1283,#1284));
#307=EDGE_LOOP('',(#1285,#1286,#1287,#1288,#1289,#1290,#1291,#1292));
#308=EDGE_LOOP('',(#1293,#1294,#1295,#1296,#1297,#1298,#1299,#1300));
#309=EDGE_LOOP('',(#1301,#1302,#1303,#1304));
#310=EDGE_LOOP('',(#1305,#1306,#1307,#1308));
#311=EDGE_LOOP('',(#1309,#1310,#1311,#1312));
#312=EDGE_LOOP('',(#1313,#1314,#1315,#1316));
#313=EDGE_LOOP('',(#1317,#1318,#1319,#1320));
#314=EDGE_LOOP('',(#1321,#1322,#1323,#1324));
#315=EDGE_LOOP('',(#1325,#1326,#1327,#1328));
#316=EDGE_LOOP('',(#1329,#1330,#1331,#1332));
#317=EDGE_LOOP('',(#1333,#1334,#1335,#1336));
#318=EDGE_LOOP('',(#1337,#1338,#1339,#1340,#1341));
#319=EDGE_LOOP('',(#1342,#1343,#1344,#1345));
#320=EDGE_LOOP('',(#1346,#1347,#1348,#1349,#1350,#1351,#1352,#1353));
#321=EDGE_LOOP('',(#1354,#1355,#1356,#1357));
#322=EDGE_LOOP('',(#1358,#1359,#1360,#1361,#1362,#1363));
#323=EDGE_LOOP('',(#1364,#1365,#1366,#1367));
#324=EDGE_LOOP('',(#1368,#1369,#1370,#1371));
#325=EDGE_LOOP('',(#1372,#1373,#1374,#1375));
#326=EDGE_LOOP('',(#1376,#1377,#1378,#1379));
#327=EDGE_LOOP('',(#1380,#1381,#1382,#1383));
#328=EDGE_LOOP('',(#1384,#1385,#1386,#1387));
#329=EDGE_LOOP('',(#1388,#1389,#1390,#1391));
#330=EDGE_LOOP('',(#1392,#1393,#1394,#1395));
#331=EDGE_LOOP('',(#1396,#1397,#1398,#1399));
#332=EDGE_LOOP('',(#1400,#1401,#1402,#1403));
#333=EDGE_LOOP('',(#1404,#1405,#1406,#1407));
#334=EDGE_LOOP('',(#1408,#1409,#1410,#1411));
#335=EDGE_LOOP('',(#1412,#1413,#1414,#1415));
#336=EDGE_LOOP('',(#1416,#1417,#1418,#1419));
#337=EDGE_LOOP('',(#1420,#1421,#1422,#1423,#1424));
#338=EDGE_LOOP('',(#1425,#1426,#1427,#1428));
#339=EDGE_LOOP('',(#1429,#1430,#1431,#1432));
#340=EDGE_LOOP('',(#1433,#1434,#1435,#1436,#1437,#1438,#1439,#1440));
#341=EDGE_LOOP('',(#1441,#1442,#1443,#1444,#1445,#1446,#1447,#1448,#1449,
#1450,#1451,#1452,#1453,#1454,#1455,#1456,#1457,#1458,#1459,#1460,#1461,
#1462,#1463,#1464));
#342=EDGE_LOOP('',(#1465));
#343=EDGE_LOOP('',(#1466));
#344=EDGE_LOOP('',(#1467));
#345=EDGE_LOOP('',(#1468));
#346=EDGE_LOOP('',(#1469,#1470,#1471,#1472));
#347=EDGE_LOOP('',(#1473,#1474,#1475,#1476));
#348=EDGE_LOOP('',(#1477,#1478,#1479,#1480));
#349=EDGE_LOOP('',(#1481,#1482,#1483,#1484));
#350=EDGE_LOOP('',(#1485,#1486,#1487,#1488));
#351=EDGE_LOOP('',(#1489,#1490,#1491,#1492));
#352=EDGE_LOOP('',(#1493,#1494,#1495,#1496));
#353=EDGE_LOOP('',(#1497,#1498,#1499,#1500));
#354=EDGE_LOOP('',(#1501,#1502,#1503,#1504));
#355=EDGE_LOOP('',(#1505,#1506,#1507,#1508));
#356=EDGE_LOOP('',(#1509,#1510,#1511,#1512));
#357=EDGE_LOOP('',(#1513,#1514,#1515,#1516));
#358=EDGE_LOOP('',(#1517,#1518,#1519,#1520));
#359=EDGE_LOOP('',(#1521,#1522,#1523,#1524));
#360=EDGE_LOOP('',(#1525,#1526,#1527,#1528));
#361=LINE('',#2335,#505);
#362=LINE('',#2337,#506);
#363=LINE('',#2339,#507);
#364=LINE('',#2340,#508);
#365=LINE('',#2351,#509);
#366=LINE('',#2353,#510);
#367=LINE('',#2355,#511);
#368=LINE('',#2356,#512);
#369=LINE('',#2362,#513);
#370=LINE('',#2365,#514);
#371=LINE('',#2393,#515);
#372=LINE('',#2394,#516);
#373=LINE('',#2458,#517);
#374=LINE('',#2460,#518);
#375=LINE('',#2462,#519);
#376=LINE('',#2464,#520);
#377=LINE('',#2466,#521);
#378=LINE('',#2468,#522);
#379=LINE('',#2469,#523);
#380=LINE('',#2474,#524);
#381=LINE('',#2478,#525);
#382=LINE('',#2496,#526);
#383=LINE('',#2522,#527);
#384=LINE('',#2523,#528);
#385=LINE('',#2528,#529);
#386=LINE('',#2532,#530);
#387=LINE('',#2541,#531);
#388=LINE('',#2553,#532);
#389=LINE('',#2581,#533);
#390=LINE('',#2582,#534);
#391=LINE('',#2587,#535);
#392=LINE('',#2591,#536);
#393=LINE('',#2600,#537);
#394=LINE('',#2612,#538);
#395=LINE('',#2631,#539);
#396=LINE('',#2632,#540);
#397=LINE('',#2698,#541);
#398=LINE('',#2702,#542);
#399=LINE('',#2709,#543);
#400=LINE('',#2712,#544);
#401=LINE('',#2715,#545);
#402=LINE('',#2718,#546);
#403=LINE('',#2721,#547);
#404=LINE('',#2723,#548);
#405=LINE('',#2725,#549);
#406=LINE('',#2727,#550);
#407=LINE('',#2728,#551);
#408=LINE('',#2731,#552);
#409=LINE('',#2734,#553);
#410=LINE('',#2744,#554);
#411=LINE('',#2747,#555);
#412=LINE('',#2752,#556);
#413=LINE('',#2756,#557);
#414=LINE('',#2760,#558);
#415=LINE('',#2763,#559);
#416=LINE('',#2765,#560);
#417=LINE('',#2767,#561);
#418=LINE('',#2769,#562);
#419=LINE('',#2770,#563);
#420=LINE('',#2780,#564);
#421=LINE('',#2783,#565);
#422=LINE('',#2786,#566);
#423=LINE('',#2788,#567);
#424=LINE('',#2789,#568);
#425=LINE('',#2792,#569);
#426=LINE('',#2796,#570);
#427=LINE('',#2800,#571);
#428=LINE('',#2802,#572);
#429=LINE('',#2804,#573);
#430=LINE('',#2805,#574);
#431=LINE('',#2810,#575);
#432=LINE('',#2815,#576);
#433=LINE('',#2816,#577);
#434=LINE('',#2817,#578);
#435=LINE('',#2822,#579);
#436=LINE('',#2827,#580);
#437=LINE('',#2828,#581);
#438=LINE('',#2829,#582);
#439=LINE('',#2834,#583);
#440=LINE('',#2839,#584);
#441=LINE('',#2840,#585);
#442=LINE('',#2841,#586);
#443=LINE('',#2847,#587);
#444=LINE('',#2850,#588);
#445=LINE('',#2853,#589);
#446=LINE('',#2854,#590);
#447=LINE('',#2857,#591);
#448=LINE('',#2861,#592);
#449=LINE('',#2862,#593);
#450=LINE('',#2866,#594);
#451=LINE('',#2870,#595);
#452=LINE('',#2874,#596);
#453=LINE('',#2878,#597);
#454=LINE('',#2883,#598);
#455=LINE('',#2886,#599);
#456=LINE('',#2890,#600);
#457=LINE('',#2892,#601);
#458=LINE('',#2893,#602);
#459=LINE('',#2896,#603);
#460=LINE('',#2901,#604);
#461=LINE('',#2902,#605);
#462=LINE('',#2905,#606);
#463=LINE('',#2909,#607);
#464=LINE('',#2910,#608);
#465=LINE('',#2911,#609);
#466=LINE('',#2914,#610);
#467=LINE('',#2917,#611);
#468=LINE('',#2921,#612);
#469=LINE('',#2925,#613);
#470=LINE('',#2927,#614);
#471=LINE('',#2928,#615);
#472=LINE('',#2931,#616);
#473=LINE('',#2932,#617);
#474=LINE('',#2934,#618);
#475=LINE('',#2936,#619);
#476=LINE('',#2940,#620);
#477=LINE('',#2941,#621);
#478=LINE('',#2944,#622);
#479=LINE('',#2945,#623);
#480=LINE('',#2948,#624);
#481=LINE('',#2949,#625);
#482=LINE('',#2951,#626);
#483=LINE('',#2952,#627);
#484=LINE('',#2955,#628);
#485=LINE('',#2957,#629);
#486=LINE('',#2960,#630);
#487=LINE('',#2962,#631);
#488=LINE('',#2965,#632);
#489=LINE('',#2967,#633);
#490=LINE('',#2973,#634);
#491=LINE('',#2981,#635);
#492=LINE('',#2984,#636);
#493=LINE('',#2987,#637);
#494=LINE('',#2990,#638);
#495=LINE('',#2993,#639);
#496=LINE('',#3003,#640);
#497=LINE('',#3006,#641);
#498=LINE('',#3009,#642);
#499=LINE('',#3013,#643);
#500=LINE('',#3015,#644);
#501=LINE('',#3017,#645);
#502=LINE('',#3019,#646);
#503=LINE('',#3022,#647);
#504=LINE('',#3024,#648);
#505=VECTOR('',#1838,10.);
#506=VECTOR('',#1839,10.);
#507=VECTOR('',#1840,10.);
#508=VECTOR('',#1841,10.);
#509=VECTOR('',#1844,10.);
#510=VECTOR('',#1845,10.);
#511=VECTOR('',#1846,10.);
#512=VECTOR('',#1847,10.);
#513=VECTOR('',#1852,10.);
#514=VECTOR('',#1855,10.);
#515=VECTOR('',#1864,10.);
#516=VECTOR('',#1865,10.);
#517=VECTOR('',#1870,10.);
#518=VECTOR('',#1871,10.);
#519=VECTOR('',#1872,10.);
#520=VECTOR('',#1873,10.);
#521=VECTOR('',#1874,10.);
#522=VECTOR('',#1875,10.);
#523=VECTOR('',#1876,10.);
#524=VECTOR('',#1881,10.);
#525=VECTOR('',#1884,10.);
#526=VECTOR('',#1893,10.);
#527=VECTOR('',#1902,10.);
#528=VECTOR('',#1903,10.);
#529=VECTOR('',#1908,10.);
#530=VECTOR('',#1911,10.);
#531=VECTOR('',#1920,10.);
#532=VECTOR('',#1921,10.);
#533=VECTOR('',#1930,10.);
#534=VECTOR('',#1931,10.);
#535=VECTOR('',#1936,10.);
#536=VECTOR('',#1939,10.);
#537=VECTOR('',#1948,10.);
#538=VECTOR('',#1949,10.);
#539=VECTOR('',#1960,10.);
#540=VECTOR('',#1961,10.);
#541=VECTOR('',#1968,10.);
#542=VECTOR('',#1971,10.);
#543=VECTOR('',#1980,10.);
#544=VECTOR('',#1983,10.);
#545=VECTOR('',#1986,10.);
#546=VECTOR('',#1989,10.);
#547=VECTOR('',#1992,10.);
#548=VECTOR('',#1995,10.);
#549=VECTOR('',#1996,10.);
#550=VECTOR('',#1997,10.);
#551=VECTOR('',#1998,10.);
#552=VECTOR('',#2001,10.);
#553=VECTOR('',#2004,10.);
#554=VECTOR('',#2007,10.);
#555=VECTOR('',#2010,10.);
#556=VECTOR('',#2015,10.);
#557=VECTOR('',#2020,10.);
#558=VECTOR('',#2025,10.);
#559=VECTOR('',#2028,10.);
#560=VECTOR('',#2031,10.);
#561=VECTOR('',#2032,10.);
#562=VECTOR('',#2033,10.);
#563=VECTOR('',#2034,10.);
#564=VECTOR('',#2037,10.);
#565=VECTOR('',#2040,10.);
#566=VECTOR('',#2043,10.);
#567=VECTOR('',#2044,10.);
#568=VECTOR('',#2045,10.);
#569=VECTOR('',#2048,10.);
#570=VECTOR('',#2053,10.);
#571=VECTOR('',#2056,10.);
#572=VECTOR('',#2057,10.);
#573=VECTOR('',#2058,10.);
#574=VECTOR('',#2059,10.);
#575=VECTOR('',#2064,10.);
#576=VECTOR('',#2069,10.);
#577=VECTOR('',#2070,10.);
#578=VECTOR('',#2071,10.);
#579=VECTOR('',#2076,10.);
#580=VECTOR('',#2081,10.);
#581=VECTOR('',#2082,10.);
#582=VECTOR('',#2083,10.);
#583=VECTOR('',#2088,10.);
#584=VECTOR('',#2093,10.);
#585=VECTOR('',#2094,10.);
#586=VECTOR('',#2095,10.);
#587=VECTOR('',#2104,10.);
#588=VECTOR('',#2107,10.);
#589=VECTOR('',#2110,10.);
#590=VECTOR('',#2111,10.);
#591=VECTOR('',#2114,10.);
#592=VECTOR('',#2119,10.);
#593=VECTOR('',#2120,10.);
#594=VECTOR('',#2123,10.);
#595=VECTOR('',#2126,10.);
#596=VECTOR('',#2129,10.);
#597=VECTOR('',#2132,10.);
#598=VECTOR('',#2137,10.);
#599=VECTOR('',#2140,10.);
#600=VECTOR('',#2145,10.);
#601=VECTOR('',#2146,10.);
#602=VECTOR('',#2147,10.);
#603=VECTOR('',#2150,10.);
#604=VECTOR('',#2157,10.);
#605=VECTOR('',#2158,10.);
#606=VECTOR('',#2161,10.);
#607=VECTOR('',#2166,10.);
#608=VECTOR('',#2167,10.);
#609=VECTOR('',#2168,10.);
#610=VECTOR('',#2171,10.);
#611=VECTOR('',#2176,10.);
#612=VECTOR('',#2181,10.);
#613=VECTOR('',#2186,10.);
#614=VECTOR('',#2187,10.);
#615=VECTOR('',#2188,10.);
#616=VECTOR('',#2191,10.);
#617=VECTOR('',#2192,10.);
#618=VECTOR('',#2195,10.);
#619=VECTOR('',#2196,10.);
#620=VECTOR('',#2201,10.);
#621=VECTOR('',#2202,10.);
#622=VECTOR('',#2205,10.);
#623=VECTOR('',#2206,10.);
#624=VECTOR('',#2209,10.);
#625=VECTOR('',#2210,10.);
#626=VECTOR('',#2213,10.);
#627=VECTOR('',#2214,10.);
#628=VECTOR('',#2219,10.);
#629=VECTOR('',#2222,10.);
#630=VECTOR('',#2227,10.);
#631=VECTOR('',#2230,10.);
#632=VECTOR('',#2235,10.);
#633=VECTOR('',#2238,10.);
#634=VECTOR('',#2249,10.);
#635=VECTOR('',#2262,10.);
#636=VECTOR('',#2265,10.);
#637=VECTOR('',#2268,10.);
#638=VECTOR('',#2271,10.);
#639=VECTOR('',#2274,10.);
#640=VECTOR('',#2285,10.);
#641=VECTOR('',#2290,10.);
#642=VECTOR('',#2295,10.);
#643=VECTOR('',#2302,1.6);
#644=VECTOR('',#2305,1.6);
#645=VECTOR('',#2308,1.6);
#646=VECTOR('',#2311,10.);
#647=VECTOR('',#2316,1.6);
#648=VECTOR('',#2319,10.);
#649=B_SPLINE_CURVE_WITH_KNOTS('',3,(#2326,#2327,#2328,#2329,#2330,#2331,
#2332,#2333),.UNSPECIFIED.,.F.,.F.,(4,2,2,4),(2.31559393881753E-9,0.0197248585960615,
0.0327566314332075,0.0423676795006602),.UNSPECIFIED.);
#650=B_SPLINE_CURVE_WITH_KNOTS('',3,(#2344,#2345,#2346,#2347,#2348,#2349),
 .UNSPECIFIED.,.F.,.F.,(4,2,4),(0.,0.0144432659700768,0.042326005091262),
 .UNSPECIFIED.);
#651=B_SPLINE_CURVE_WITH_KNOTS('',3,(#2383,#2384,#2385,#2386,#2387,#2388,
#2389,#2390,#2391,#2392),.UNSPECIFIED.,.F.,.F.,(4,2,2,2,4),(0.534445444412074,
0.579786117550395,0.625126790688716,0.691655605499094,0.758184420309473),
 .UNSPECIFIED.);
#652=B_SPLINE_CURVE_WITH_KNOTS('',3,(#2446,#2447,#2448,#2449,#2450,#2451,
#2452,#2453,#2454,#2455),.UNSPECIFIED.,.F.,.F.,(4,1,1,1,1,1,1,4),(-0.204574150648388,
-0.198382455876045,-0.192190761103702,-0.179807371559015,-0.155040592469643,
-0.105507034290897,-0.0807402552015243,-0.0603438461153502),
 .UNSPECIFIED.);
#653=B_SPLINE_CURVE_WITH_KNOTS('',3,(#2486,#2487,#2488,#2489,#2490,#2491,
#2492,#2493,#2494,#2495),.UNSPECIFIED.,.F.,.F.,(4,2,2,2,4),(0.,0.0665288148103786,
0.133057629620757,0.178398302759078,0.2237389758974),.UNSPECIFIED.);
#654=B_SPLINE_CURVE_WITH_KNOTS('',3,(#2514,#2515,#2516,#2517,#2518,#2519,
#2520,#2521),.UNSPECIFIED.,.F.,.F.,(4,2,2,4),(0.534445444412075,0.584607482095621,
0.634769519779166,0.758261311714246),.UNSPECIFIED.);
#655=B_SPLINE_CURVE_WITH_KNOTS('',3,(#2543,#2544,#2545,#2546,#2547,#2548,
#2549,#2550,#2551,#2552),.UNSPECIFIED.,.F.,.F.,(4,2,2,2,4),(0.,0.0665288148103786,
0.133057629620757,0.178398302759078,0.223738975897399),.UNSPECIFIED.);
#656=B_SPLINE_CURVE_WITH_KNOTS('',3,(#2571,#2572,#2573,#2574,#2575,#2576,
#2577,#2578,#2579,#2580),.UNSPECIFIED.,.F.,.F.,(4,2,2,2,4),(0.534445444412075,
0.579786117550396,0.625126790688717,0.691655605499096,0.758184420309475),
 .UNSPECIFIED.);
#657=B_SPLINE_CURVE_WITH_KNOTS('',3,(#2602,#2603,#2604,#2605,#2606,#2607,
#2608,#2609,#2610,#2611),.UNSPECIFIED.,.F.,.F.,(4,2,2,2,4),(0.,0.0665288148103785,
0.133057629620757,0.178398302759078,0.223738975897399),.UNSPECIFIED.);
#658=B_SPLINE_CURVE_WITH_KNOTS('',3,(#2683,#2684,#2685,#2686,#2687,#2688,
#2689,#2690,#2691,#2692),.UNSPECIFIED.,.F.,.F.,(4,1,1,1,1,1,1,4),(-0.677130497497605,
-0.656734089493966,-0.631967310404584,-0.58243375222582,-0.557666973136438,
-0.545283583591747,-0.539091888819401,-0.532900194047055),.UNSPECIFIED.);
#659=B_SPLINE_CURVE_WITH_KNOTS('',3,(#2737,#2738,#2739,#2740,#2741,#2742),
 .UNSPECIFIED.,.F.,.F.,(4,2,4),(0.,0.0590474541984733,0.115726739946039),
 .UNSPECIFIED.);
#660=B_SPLINE_CURVE_WITH_KNOTS('',3,(#2773,#2774,#2775,#2776,#2777,#2778),
 .UNSPECIFIED.,.F.,.F.,(4,2,4),(1.61649726742816,1.67317655317585,1.73222400737433),
 .UNSPECIFIED.);
#661=VERTEX_POINT('',#2324);
#662=VERTEX_POINT('',#2325);
#663=VERTEX_POINT('',#2334);
#664=VERTEX_POINT('',#2336);
#665=VERTEX_POINT('',#2338);
#666=VERTEX_POINT('',#2342);
#667=VERTEX_POINT('',#2343);
#668=VERTEX_POINT('',#2350);
#669=VERTEX_POINT('',#2352);
#670=VERTEX_POINT('',#2354);
#671=VERTEX_POINT('',#2358);
#672=VERTEX_POINT('',#2359);
#673=VERTEX_POINT('',#2361);
#674=VERTEX_POINT('',#2363);
#675=VERTEX_POINT('',#2375);
#676=VERTEX_POINT('',#2376);
#677=VERTEX_POINT('',#2381);
#678=VERTEX_POINT('',#2382);
#679=VERTEX_POINT('',#2457);
#680=VERTEX_POINT('',#2459);
#681=VERTEX_POINT('',#2461);
#682=VERTEX_POINT('',#2463);
#683=VERTEX_POINT('',#2465);
#684=VERTEX_POINT('',#2467);
#685=VERTEX_POINT('',#2471);
#686=VERTEX_POINT('',#2473);
#687=VERTEX_POINT('',#2475);
#688=VERTEX_POINT('',#2477);
#689=VERTEX_POINT('',#2480);
#690=VERTEX_POINT('',#2483);
#691=VERTEX_POINT('',#2485);
#692=VERTEX_POINT('',#2506);
#693=VERTEX_POINT('',#2507);
#694=VERTEX_POINT('',#2512);
#695=VERTEX_POINT('',#2513);
#696=VERTEX_POINT('',#2525);
#697=VERTEX_POINT('',#2527);
#698=VERTEX_POINT('',#2529);
#699=VERTEX_POINT('',#2531);
#700=VERTEX_POINT('',#2534);
#701=VERTEX_POINT('',#2537);
#702=VERTEX_POINT('',#2538);
#703=VERTEX_POINT('',#2540);
#704=VERTEX_POINT('',#2542);
#705=VERTEX_POINT('',#2563);
#706=VERTEX_POINT('',#2564);
#707=VERTEX_POINT('',#2569);
#708=VERTEX_POINT('',#2570);
#709=VERTEX_POINT('',#2584);
#710=VERTEX_POINT('',#2586);
#711=VERTEX_POINT('',#2588);
#712=VERTEX_POINT('',#2590);
#713=VERTEX_POINT('',#2593);
#714=VERTEX_POINT('',#2596);
#715=VERTEX_POINT('',#2597);
#716=VERTEX_POINT('',#2599);
#717=VERTEX_POINT('',#2601);
#718=VERTEX_POINT('',#2622);
#719=VERTEX_POINT('',#2623);
#720=VERTEX_POINT('',#2628);
#721=VERTEX_POINT('',#2629);
#722=VERTEX_POINT('',#2695);
#723=VERTEX_POINT('',#2697);
#724=VERTEX_POINT('',#2699);
#725=VERTEX_POINT('',#2701);
#726=VERTEX_POINT('',#2704);
#727=VERTEX_POINT('',#2707);
#728=VERTEX_POINT('',#2711);
#729=VERTEX_POINT('',#2713);
#730=VERTEX_POINT('',#2717);
#731=VERTEX_POINT('',#2719);
#732=VERTEX_POINT('',#2724);
#733=VERTEX_POINT('',#2726);
#734=VERTEX_POINT('',#2730);
#735=VERTEX_POINT('',#2732);
#736=VERTEX_POINT('',#2736);
#737=VERTEX_POINT('',#2743);
#738=VERTEX_POINT('',#2745);
#739=VERTEX_POINT('',#2749);
#740=VERTEX_POINT('',#2751);
#741=VERTEX_POINT('',#2755);
#742=VERTEX_POINT('',#2759);
#743=VERTEX_POINT('',#2761);
#744=VERTEX_POINT('',#2766);
#745=VERTEX_POINT('',#2768);
#746=VERTEX_POINT('',#2772);
#747=VERTEX_POINT('',#2779);
#748=VERTEX_POINT('',#2781);
#749=VERTEX_POINT('',#2785);
#750=VERTEX_POINT('',#2787);
#751=VERTEX_POINT('',#2790);
#752=VERTEX_POINT('',#2794);
#753=VERTEX_POINT('',#2798);
#754=VERTEX_POINT('',#2799);
#755=VERTEX_POINT('',#2801);
#756=VERTEX_POINT('',#2803);
#757=VERTEX_POINT('',#2807);
#758=VERTEX_POINT('',#2809);
#759=VERTEX_POINT('',#2813);
#760=VERTEX_POINT('',#2814);
#761=VERTEX_POINT('',#2819);
#762=VERTEX_POINT('',#2821);
#763=VERTEX_POINT('',#2825);
#764=VERTEX_POINT('',#2826);
#765=VERTEX_POINT('',#2831);
#766=VERTEX_POINT('',#2833);
#767=VERTEX_POINT('',#2837);
#768=VERTEX_POINT('',#2838);
#769=VERTEX_POINT('',#2846);
#770=VERTEX_POINT('',#2848);
#771=VERTEX_POINT('',#2852);
#772=VERTEX_POINT('',#2856);
#773=VERTEX_POINT('',#2860);
#774=VERTEX_POINT('',#2864);
#775=VERTEX_POINT('',#2865);
#776=VERTEX_POINT('',#2867);
#777=VERTEX_POINT('',#2869);
#778=VERTEX_POINT('',#2871);
#779=VERTEX_POINT('',#2873);
#780=VERTEX_POINT('',#2875);
#781=VERTEX_POINT('',#2877);
#782=VERTEX_POINT('',#2881);
#783=VERTEX_POINT('',#2882);
#784=VERTEX_POINT('',#2885);
#785=VERTEX_POINT('',#2889);
#786=VERTEX_POINT('',#2891);
#787=VERTEX_POINT('',#2895);
#788=VERTEX_POINT('',#2900);
#789=VERTEX_POINT('',#2904);
#790=VERTEX_POINT('',#2908);
#791=VERTEX_POINT('',#2913);
#792=VERTEX_POINT('',#2920);
#793=VERTEX_POINT('',#2924);
#794=VERTEX_POINT('',#2926);
#795=VERTEX_POINT('',#2930);
#796=VERTEX_POINT('',#2935);
#797=VERTEX_POINT('',#2939);
#798=VERTEX_POINT('',#2943);
#799=VERTEX_POINT('',#2947);
#800=VERTEX_POINT('',#2979);
#801=VERTEX_POINT('',#2982);
#802=VERTEX_POINT('',#2985);
#803=VERTEX_POINT('',#2988);
#804=VERTEX_POINT('',#2991);
#805=VERTEX_POINT('',#2994);
#806=VERTEX_POINT('',#2996);
#807=VERTEX_POINT('',#2998);
#808=VERTEX_POINT('',#3000);
#809=EDGE_CURVE('',#661,#662,#649,.T.);
#810=EDGE_CURVE('',#663,#661,#361,.T.);
#811=EDGE_CURVE('',#664,#663,#362,.T.);
#812=EDGE_CURVE('',#665,#664,#363,.T.);
#813=EDGE_CURVE('',#662,#665,#364,.T.);
#814=EDGE_CURVE('',#666,#667,#650,.T.);
#815=EDGE_CURVE('',#668,#666,#365,.T.);
#816=EDGE_CURVE('',#669,#668,#366,.T.);
#817=EDGE_CURVE('',#670,#669,#367,.T.);
#818=EDGE_CURVE('',#667,#670,#368,.T.);
#819=EDGE_CURVE('',#671,#672,#44,.T.);
#820=EDGE_CURVE('',#672,#673,#369,.T.);
#821=EDGE_CURVE('',#673,#674,#45,.T.);
#822=EDGE_CURVE('',#674,#671,#370,.T.);
#823=EDGE_CURVE('',#675,#676,#46,.T.);
#824=EDGE_CURVE('',#676,#674,#47,.T.);
#825=EDGE_CURVE('',#673,#675,#48,.T.);
#826=EDGE_CURVE('',#677,#678,#651,.T.);
#827=EDGE_CURVE('',#678,#676,#371,.T.);
#828=EDGE_CURVE('',#675,#677,#372,.T.);
#829=EDGE_CURVE('',#662,#672,#49,.F.);
#830=EDGE_CURVE('',#671,#661,#652,.T.);
#831=EDGE_CURVE('',#679,#678,#373,.T.);
#832=EDGE_CURVE('',#679,#680,#374,.T.);
#833=EDGE_CURVE('',#681,#680,#375,.T.);
#834=EDGE_CURVE('',#682,#681,#376,.T.);
#835=EDGE_CURVE('',#683,#682,#377,.T.);
#836=EDGE_CURVE('',#684,#683,#378,.T.);
#837=EDGE_CURVE('',#676,#684,#379,.T.);
#838=EDGE_CURVE('',#672,#685,#50,.F.);
#839=EDGE_CURVE('',#686,#685,#380,.T.);
#840=EDGE_CURVE('',#687,#686,#51,.T.);
#841=EDGE_CURVE('',#688,#687,#381,.T.);
#842=EDGE_CURVE('',#677,#688,#52,.T.);
#843=EDGE_CURVE('',#689,#689,#53,.T.);
#844=EDGE_CURVE('',#690,#682,#54,.T.);
#845=EDGE_CURVE('',#681,#691,#653,.T.);
#846=EDGE_CURVE('',#691,#690,#382,.T.);
#847=EDGE_CURVE('',#692,#693,#55,.T.);
#848=EDGE_CURVE('',#693,#682,#56,.T.);
#849=EDGE_CURVE('',#690,#692,#57,.T.);
#850=EDGE_CURVE('',#694,#695,#654,.T.);
#851=EDGE_CURVE('',#695,#693,#383,.T.);
#852=EDGE_CURVE('',#692,#694,#384,.T.);
#853=EDGE_CURVE('',#696,#691,#58,.T.);
#854=EDGE_CURVE('',#696,#697,#385,.F.);
#855=EDGE_CURVE('',#698,#697,#59,.T.);
#856=EDGE_CURVE('',#698,#699,#386,.F.);
#857=EDGE_CURVE('',#694,#699,#60,.T.);
#858=EDGE_CURVE('',#700,#700,#61,.T.);
#859=EDGE_CURVE('',#701,#702,#62,.T.);
#860=EDGE_CURVE('',#702,#703,#387,.T.);
#861=EDGE_CURVE('',#703,#704,#655,.T.);
#862=EDGE_CURVE('',#704,#701,#388,.T.);
#863=EDGE_CURVE('',#705,#706,#63,.T.);
#864=EDGE_CURVE('',#706,#702,#64,.T.);
#865=EDGE_CURVE('',#701,#705,#65,.T.);
#866=EDGE_CURVE('',#707,#708,#656,.T.);
#867=EDGE_CURVE('',#708,#706,#389,.T.);
#868=EDGE_CURVE('',#705,#707,#390,.T.);
#869=EDGE_CURVE('',#709,#704,#66,.T.);
#870=EDGE_CURVE('',#709,#710,#391,.F.);
#871=EDGE_CURVE('',#711,#710,#67,.T.);
#872=EDGE_CURVE('',#711,#712,#392,.F.);
#873=EDGE_CURVE('',#707,#712,#68,.T.);
#874=EDGE_CURVE('',#713,#713,#69,.T.);
#875=EDGE_CURVE('',#714,#715,#70,.T.);
#876=EDGE_CURVE('',#715,#716,#393,.T.);
#877=EDGE_CURVE('',#716,#717,#657,.T.);
#878=EDGE_CURVE('',#717,#714,#394,.T.);
#879=EDGE_CURVE('',#718,#719,#71,.T.);
#880=EDGE_CURVE('',#719,#715,#72,.T.);
#881=EDGE_CURVE('',#714,#718,#73,.T.);
#882=EDGE_CURVE('',#720,#721,#74,.T.);
#883=EDGE_CURVE('',#721,#719,#395,.T.);
#884=EDGE_CURVE('',#718,#720,#396,.T.);
#885=EDGE_CURVE('',#667,#721,#658,.T.);
#886=EDGE_CURVE('',#720,#666,#75,.F.);
#887=EDGE_CURVE('',#722,#717,#76,.T.);
#888=EDGE_CURVE('',#723,#722,#397,.T.);
#889=EDGE_CURVE('',#724,#723,#77,.T.);
#890=EDGE_CURVE('',#724,#725,#398,.F.);
#891=EDGE_CURVE('',#725,#720,#78,.F.);
#892=EDGE_CURVE('',#726,#726,#79,.T.);
#893=EDGE_CURVE('',#680,#727,#80,.T.);
#894=EDGE_CURVE('',#727,#696,#399,.T.);
#895=EDGE_CURVE('',#699,#728,#400,.T.);
#896=EDGE_CURVE('',#728,#729,#81,.T.);
#897=EDGE_CURVE('',#729,#695,#401,.T.);
#898=EDGE_CURVE('',#703,#730,#402,.T.);
#899=EDGE_CURVE('',#730,#731,#82,.T.);
#900=EDGE_CURVE('',#731,#709,#403,.T.);
#901=EDGE_CURVE('',#729,#730,#404,.F.);
#902=EDGE_CURVE('',#732,#702,#405,.T.);
#903=EDGE_CURVE('',#733,#732,#406,.T.);
#904=EDGE_CURVE('',#693,#733,#407,.T.);
#905=EDGE_CURVE('',#712,#734,#408,.T.);
#906=EDGE_CURVE('',#734,#735,#83,.T.);
#907=EDGE_CURVE('',#735,#708,#409,.T.);
#908=EDGE_CURVE('',#736,#662,#659,.F.);
#909=EDGE_CURVE('',#736,#737,#410,.T.);
#910=EDGE_CURVE('',#737,#738,#84,.T.);
#911=EDGE_CURVE('',#738,#685,#411,.T.);
#912=EDGE_CURVE('',#663,#739,#85,.T.);
#913=EDGE_CURVE('',#739,#740,#412,.T.);
#914=EDGE_CURVE('',#664,#740,#86,.T.);
#915=EDGE_CURVE('',#688,#741,#413,.T.);
#916=EDGE_CURVE('',#741,#679,#87,.T.);
#917=EDGE_CURVE('',#716,#742,#414,.T.);
#918=EDGE_CURVE('',#742,#743,#88,.T.);
#919=EDGE_CURVE('',#743,#722,#415,.T.);
#920=EDGE_CURVE('',#735,#742,#416,.T.);
#921=EDGE_CURVE('',#744,#715,#417,.T.);
#922=EDGE_CURVE('',#745,#744,#418,.T.);
#923=EDGE_CURVE('',#706,#745,#419,.T.);
#924=EDGE_CURVE('',#746,#666,#660,.T.);
#925=EDGE_CURVE('',#725,#747,#420,.T.);
#926=EDGE_CURVE('',#747,#748,#89,.T.);
#927=EDGE_CURVE('',#748,#746,#421,.T.);
#928=EDGE_CURVE('',#749,#674,#422,.T.);
#929=EDGE_CURVE('',#750,#749,#423,.T.);
#930=EDGE_CURVE('',#719,#750,#424,.T.);
#931=EDGE_CURVE('',#751,#670,#90,.T.);
#932=EDGE_CURVE('',#751,#739,#425,.T.);
#933=EDGE_CURVE('',#752,#669,#91,.T.);
#934=EDGE_CURVE('',#752,#751,#426,.T.);
#935=EDGE_CURVE('',#753,#754,#427,.T.);
#936=EDGE_CURVE('',#754,#755,#428,.T.);
#937=EDGE_CURVE('',#755,#756,#429,.T.);
#938=EDGE_CURVE('',#756,#753,#430,.T.);
#939=EDGE_CURVE('',#753,#757,#92,.T.);
#940=EDGE_CURVE('',#757,#758,#431,.T.);
#941=EDGE_CURVE('',#758,#754,#93,.T.);
#942=EDGE_CURVE('',#759,#760,#432,.T.);
#943=EDGE_CURVE('',#760,#758,#433,.T.);
#944=EDGE_CURVE('',#757,#759,#434,.T.);
#945=EDGE_CURVE('',#759,#761,#94,.T.);
#946=EDGE_CURVE('',#761,#762,#435,.T.);
#947=EDGE_CURVE('',#762,#760,#95,.T.);
#948=EDGE_CURVE('',#763,#764,#436,.T.);
#949=EDGE_CURVE('',#764,#762,#437,.T.);
#950=EDGE_CURVE('',#761,#763,#438,.T.);
#951=EDGE_CURVE('',#763,#765,#96,.T.);
#952=EDGE_CURVE('',#765,#766,#439,.T.);
#953=EDGE_CURVE('',#766,#764,#97,.T.);
#954=EDGE_CURVE('',#767,#768,#440,.T.);
#955=EDGE_CURVE('',#768,#766,#441,.T.);
#956=EDGE_CURVE('',#765,#767,#442,.T.);
#957=EDGE_CURVE('',#767,#756,#98,.T.);
#958=EDGE_CURVE('',#755,#768,#99,.T.);
#959=EDGE_CURVE('',#759,#769,#443,.T.);
#960=EDGE_CURVE('',#769,#770,#100,.F.);
#961=EDGE_CURVE('',#761,#770,#444,.T.);
#962=EDGE_CURVE('',#757,#771,#445,.T.);
#963=EDGE_CURVE('',#771,#769,#446,.F.);
#964=EDGE_CURVE('',#753,#772,#447,.T.);
#965=EDGE_CURVE('',#772,#771,#101,.F.);
#966=EDGE_CURVE('',#773,#756,#448,.T.);
#967=EDGE_CURVE('',#773,#772,#449,.F.);
#968=EDGE_CURVE('',#774,#775,#450,.T.);
#969=EDGE_CURVE('',#776,#774,#102,.T.);
#970=EDGE_CURVE('',#777,#776,#451,.T.);
#971=EDGE_CURVE('',#778,#777,#103,.T.);
#972=EDGE_CURVE('',#779,#778,#452,.T.);
#973=EDGE_CURVE('',#780,#779,#104,.T.);
#974=EDGE_CURVE('',#781,#780,#453,.T.);
#975=EDGE_CURVE('',#775,#781,#105,.T.);
#976=EDGE_CURVE('',#782,#783,#454,.T.);
#977=EDGE_CURVE('',#783,#665,#106,.T.);
#978=EDGE_CURVE('',#665,#784,#455,.T.);
#979=EDGE_CURVE('',#784,#782,#107,.T.);
#980=EDGE_CURVE('',#782,#785,#456,.T.);
#981=EDGE_CURVE('',#785,#786,#457,.T.);
#982=EDGE_CURVE('',#786,#783,#458,.T.);
#983=EDGE_CURVE('',#787,#668,#459,.T.);
#984=EDGE_CURVE('',#668,#786,#108,.T.);
#985=EDGE_CURVE('',#785,#787,#109,.T.);
#986=EDGE_CURVE('',#787,#788,#460,.T.);
#987=EDGE_CURVE('',#788,#669,#461,.T.);
#988=EDGE_CURVE('',#789,#752,#462,.T.);
#989=EDGE_CURVE('',#788,#789,#110,.T.);
#990=EDGE_CURVE('',#789,#790,#463,.T.);
#991=EDGE_CURVE('',#790,#740,#464,.T.);
#992=EDGE_CURVE('',#740,#752,#465,.T.);
#993=EDGE_CURVE('',#791,#664,#466,.T.);
#994=EDGE_CURVE('',#790,#791,#111,.T.);
#995=EDGE_CURVE('',#791,#784,#467,.T.);
#996=EDGE_CURVE('',#783,#792,#468,.T.);
#997=EDGE_CURVE('',#792,#736,#112,.T.);
#998=EDGE_CURVE('',#793,#765,#469,.T.);
#999=EDGE_CURVE('',#793,#794,#470,.F.);
#1000=EDGE_CURVE('',#767,#794,#471,.T.);
#1001=EDGE_CURVE('',#724,#795,#472,.T.);
#1002=EDGE_CURVE('',#795,#747,#473,.F.);
#1003=EDGE_CURVE('',#748,#737,#474,.F.);
#1004=EDGE_CURVE('',#792,#796,#475,.T.);
#1005=EDGE_CURVE('',#746,#796,#113,.T.);
#1006=EDGE_CURVE('',#687,#797,#476,.T.);
#1007=EDGE_CURVE('',#797,#741,#477,.F.);
#1008=EDGE_CURVE('',#711,#798,#478,.T.);
#1009=EDGE_CURVE('',#798,#734,#479,.F.);
#1010=EDGE_CURVE('',#698,#799,#480,.T.);
#1011=EDGE_CURVE('',#799,#728,#481,.F.);
#1012=EDGE_CURVE('',#683,#774,#482,.T.);
#1013=EDGE_CURVE('',#775,#684,#483,.T.);
#1014=EDGE_CURVE('',#683,#733,#114,.T.);
#1015=EDGE_CURVE('',#733,#776,#484,.T.);
#1016=EDGE_CURVE('',#732,#777,#485,.T.);
#1017=EDGE_CURVE('',#732,#745,#115,.T.);
#1018=EDGE_CURVE('',#745,#778,#486,.T.);
#1019=EDGE_CURVE('',#744,#779,#487,.T.);
#1020=EDGE_CURVE('',#744,#750,#116,.T.);
#1021=EDGE_CURVE('',#750,#780,#488,.T.);
#1022=EDGE_CURVE('',#749,#781,#489,.T.);
#1023=EDGE_CURVE('',#749,#684,#117,.T.);
#1024=EDGE_CURVE('',#796,#786,#490,.T.);
#1025=EDGE_CURVE('',#794,#773,#118,.F.);
#1026=EDGE_CURVE('',#800,#793,#119,.F.);
#1027=EDGE_CURVE('',#770,#800,#491,.F.);
#1028=EDGE_CURVE('',#801,#799,#120,.F.);
#1029=EDGE_CURVE('',#727,#801,#492,.F.);
#1030=EDGE_CURVE('',#802,#797,#121,.F.);
#1031=EDGE_CURVE('',#738,#802,#493,.F.);
#1032=EDGE_CURVE('',#803,#795,#122,.F.);
#1033=EDGE_CURVE('',#743,#803,#494,.F.);
#1034=EDGE_CURVE('',#804,#798,#123,.F.);
#1035=EDGE_CURVE('',#731,#804,#495,.F.);
#1036=EDGE_CURVE('',#805,#805,#124,.T.);
#1037=EDGE_CURVE('',#806,#806,#125,.T.);
#1038=EDGE_CURVE('',#807,#807,#126,.T.);
#1039=EDGE_CURVE('',#808,#808,#127,.T.);
#1040=EDGE_CURVE('',#686,#802,#496,.T.);
#1041=EDGE_CURVE('',#697,#801,#497,.T.);
#1042=EDGE_CURVE('',#763,#800,#498,.T.);
#1043=EDGE_CURVE('',#807,#700,#499,.T.);
#1044=EDGE_CURVE('',#808,#689,#500,.T.);
#1045=EDGE_CURVE('',#806,#726,#501,.T.);
#1046=EDGE_CURVE('',#723,#803,#502,.T.);
#1047=EDGE_CURVE('',#805,#713,#503,.T.);
#1048=EDGE_CURVE('',#710,#804,#504,.T.);
#1049=ORIENTED_EDGE('',*,*,#809,.F.);
#1050=ORIENTED_EDGE('',*,*,#810,.F.);
#1051=ORIENTED_EDGE('',*,*,#811,.F.);
#1052=ORIENTED_EDGE('',*,*,#812,.F.);
#1053=ORIENTED_EDGE('',*,*,#813,.F.);
#1054=ORIENTED_EDGE('',*,*,#814,.F.);
#1055=ORIENTED_EDGE('',*,*,#815,.F.);
#1056=ORIENTED_EDGE('',*,*,#816,.F.);
#1057=ORIENTED_EDGE('',*,*,#817,.F.);
#1058=ORIENTED_EDGE('',*,*,#818,.F.);
#1059=ORIENTED_EDGE('',*,*,#819,.T.);
#1060=ORIENTED_EDGE('',*,*,#820,.T.);
#1061=ORIENTED_EDGE('',*,*,#821,.T.);
#1062=ORIENTED_EDGE('',*,*,#822,.T.);
#1063=ORIENTED_EDGE('',*,*,#823,.T.);
#1064=ORIENTED_EDGE('',*,*,#824,.T.);
#1065=ORIENTED_EDGE('',*,*,#821,.F.);
#1066=ORIENTED_EDGE('',*,*,#825,.T.);
#1067=ORIENTED_EDGE('',*,*,#826,.T.);
#1068=ORIENTED_EDGE('',*,*,#827,.T.);
#1069=ORIENTED_EDGE('',*,*,#823,.F.);
#1070=ORIENTED_EDGE('',*,*,#828,.T.);
#1071=ORIENTED_EDGE('',*,*,#809,.T.);
#1072=ORIENTED_EDGE('',*,*,#829,.T.);
#1073=ORIENTED_EDGE('',*,*,#819,.F.);
#1074=ORIENTED_EDGE('',*,*,#830,.T.);
#1075=ORIENTED_EDGE('',*,*,#827,.F.);
#1076=ORIENTED_EDGE('',*,*,#831,.F.);
#1077=ORIENTED_EDGE('',*,*,#832,.T.);
#1078=ORIENTED_EDGE('',*,*,#833,.F.);
#1079=ORIENTED_EDGE('',*,*,#834,.F.);
#1080=ORIENTED_EDGE('',*,*,#835,.F.);
#1081=ORIENTED_EDGE('',*,*,#836,.F.);
#1082=ORIENTED_EDGE('',*,*,#837,.F.);
#1083=ORIENTED_EDGE('',*,*,#828,.F.);
#1084=ORIENTED_EDGE('',*,*,#825,.F.);
#1085=ORIENTED_EDGE('',*,*,#820,.F.);
#1086=ORIENTED_EDGE('',*,*,#838,.T.);
#1087=ORIENTED_EDGE('',*,*,#839,.F.);
#1088=ORIENTED_EDGE('',*,*,#840,.F.);
#1089=ORIENTED_EDGE('',*,*,#841,.F.);
#1090=ORIENTED_EDGE('',*,*,#842,.F.);
#1091=ORIENTED_EDGE('',*,*,#843,.F.);
#1092=ORIENTED_EDGE('',*,*,#844,.T.);
#1093=ORIENTED_EDGE('',*,*,#834,.T.);
#1094=ORIENTED_EDGE('',*,*,#845,.T.);
#1095=ORIENTED_EDGE('',*,*,#846,.T.);
#1096=ORIENTED_EDGE('',*,*,#847,.T.);
#1097=ORIENTED_EDGE('',*,*,#848,.T.);
#1098=ORIENTED_EDGE('',*,*,#844,.F.);
#1099=ORIENTED_EDGE('',*,*,#849,.T.);
#1100=ORIENTED_EDGE('',*,*,#850,.T.);
#1101=ORIENTED_EDGE('',*,*,#851,.T.);
#1102=ORIENTED_EDGE('',*,*,#847,.F.);
#1103=ORIENTED_EDGE('',*,*,#852,.T.);
#1104=ORIENTED_EDGE('',*,*,#852,.F.);
#1105=ORIENTED_EDGE('',*,*,#849,.F.);
#1106=ORIENTED_EDGE('',*,*,#846,.F.);
#1107=ORIENTED_EDGE('',*,*,#853,.F.);
#1108=ORIENTED_EDGE('',*,*,#854,.T.);
#1109=ORIENTED_EDGE('',*,*,#855,.F.);
#1110=ORIENTED_EDGE('',*,*,#856,.T.);
#1111=ORIENTED_EDGE('',*,*,#857,.F.);
#1112=ORIENTED_EDGE('',*,*,#858,.F.);
#1113=ORIENTED_EDGE('',*,*,#859,.T.);
#1114=ORIENTED_EDGE('',*,*,#860,.T.);
#1115=ORIENTED_EDGE('',*,*,#861,.T.);
#1116=ORIENTED_EDGE('',*,*,#862,.T.);
#1117=ORIENTED_EDGE('',*,*,#863,.T.);
#1118=ORIENTED_EDGE('',*,*,#864,.T.);
#1119=ORIENTED_EDGE('',*,*,#859,.F.);
#1120=ORIENTED_EDGE('',*,*,#865,.T.);
#1121=ORIENTED_EDGE('',*,*,#866,.T.);
#1122=ORIENTED_EDGE('',*,*,#867,.T.);
#1123=ORIENTED_EDGE('',*,*,#863,.F.);
#1124=ORIENTED_EDGE('',*,*,#868,.T.);
#1125=ORIENTED_EDGE('',*,*,#868,.F.);
#1126=ORIENTED_EDGE('',*,*,#865,.F.);
#1127=ORIENTED_EDGE('',*,*,#862,.F.);
#1128=ORIENTED_EDGE('',*,*,#869,.F.);
#1129=ORIENTED_EDGE('',*,*,#870,.T.);
#1130=ORIENTED_EDGE('',*,*,#871,.F.);
#1131=ORIENTED_EDGE('',*,*,#872,.T.);
#1132=ORIENTED_EDGE('',*,*,#873,.F.);
#1133=ORIENTED_EDGE('',*,*,#874,.F.);
#1134=ORIENTED_EDGE('',*,*,#875,.T.);
#1135=ORIENTED_EDGE('',*,*,#876,.T.);
#1136=ORIENTED_EDGE('',*,*,#877,.T.);
#1137=ORIENTED_EDGE('',*,*,#878,.T.);
#1138=ORIENTED_EDGE('',*,*,#879,.T.);
#1139=ORIENTED_EDGE('',*,*,#880,.T.);
#1140=ORIENTED_EDGE('',*,*,#875,.F.);
#1141=ORIENTED_EDGE('',*,*,#881,.T.);
#1142=ORIENTED_EDGE('',*,*,#882,.T.);
#1143=ORIENTED_EDGE('',*,*,#883,.T.);
#1144=ORIENTED_EDGE('',*,*,#879,.F.);
#1145=ORIENTED_EDGE('',*,*,#884,.T.);
#1146=ORIENTED_EDGE('',*,*,#814,.T.);
#1147=ORIENTED_EDGE('',*,*,#885,.T.);
#1148=ORIENTED_EDGE('',*,*,#882,.F.);
#1149=ORIENTED_EDGE('',*,*,#886,.T.);
#1150=ORIENTED_EDGE('',*,*,#884,.F.);
#1151=ORIENTED_EDGE('',*,*,#881,.F.);
#1152=ORIENTED_EDGE('',*,*,#878,.F.);
#1153=ORIENTED_EDGE('',*,*,#887,.F.);
#1154=ORIENTED_EDGE('',*,*,#888,.F.);
#1155=ORIENTED_EDGE('',*,*,#889,.F.);
#1156=ORIENTED_EDGE('',*,*,#890,.T.);
#1157=ORIENTED_EDGE('',*,*,#891,.T.);
#1158=ORIENTED_EDGE('',*,*,#892,.F.);
#1159=ORIENTED_EDGE('',*,*,#853,.T.);
#1160=ORIENTED_EDGE('',*,*,#845,.F.);
#1161=ORIENTED_EDGE('',*,*,#833,.T.);
#1162=ORIENTED_EDGE('',*,*,#893,.T.);
#1163=ORIENTED_EDGE('',*,*,#894,.T.);
#1164=ORIENTED_EDGE('',*,*,#857,.T.);
#1165=ORIENTED_EDGE('',*,*,#895,.T.);
#1166=ORIENTED_EDGE('',*,*,#896,.T.);
#1167=ORIENTED_EDGE('',*,*,#897,.T.);
#1168=ORIENTED_EDGE('',*,*,#850,.F.);
#1169=ORIENTED_EDGE('',*,*,#869,.T.);
#1170=ORIENTED_EDGE('',*,*,#861,.F.);
#1171=ORIENTED_EDGE('',*,*,#898,.T.);
#1172=ORIENTED_EDGE('',*,*,#899,.T.);
#1173=ORIENTED_EDGE('',*,*,#900,.T.);
#1174=ORIENTED_EDGE('',*,*,#897,.F.);
#1175=ORIENTED_EDGE('',*,*,#901,.T.);
#1176=ORIENTED_EDGE('',*,*,#898,.F.);
#1177=ORIENTED_EDGE('',*,*,#860,.F.);
#1178=ORIENTED_EDGE('',*,*,#902,.F.);
#1179=ORIENTED_EDGE('',*,*,#903,.F.);
#1180=ORIENTED_EDGE('',*,*,#904,.F.);
#1181=ORIENTED_EDGE('',*,*,#851,.F.);
#1182=ORIENTED_EDGE('',*,*,#873,.T.);
#1183=ORIENTED_EDGE('',*,*,#905,.T.);
#1184=ORIENTED_EDGE('',*,*,#906,.T.);
#1185=ORIENTED_EDGE('',*,*,#907,.T.);
#1186=ORIENTED_EDGE('',*,*,#866,.F.);
#1187=ORIENTED_EDGE('',*,*,#829,.F.);
#1188=ORIENTED_EDGE('',*,*,#908,.F.);
#1189=ORIENTED_EDGE('',*,*,#909,.T.);
#1190=ORIENTED_EDGE('',*,*,#910,.T.);
#1191=ORIENTED_EDGE('',*,*,#911,.T.);
#1192=ORIENTED_EDGE('',*,*,#838,.F.);
#1193=ORIENTED_EDGE('',*,*,#811,.T.);
#1194=ORIENTED_EDGE('',*,*,#912,.T.);
#1195=ORIENTED_EDGE('',*,*,#913,.T.);
#1196=ORIENTED_EDGE('',*,*,#914,.F.);
#1197=ORIENTED_EDGE('',*,*,#842,.T.);
#1198=ORIENTED_EDGE('',*,*,#915,.T.);
#1199=ORIENTED_EDGE('',*,*,#916,.T.);
#1200=ORIENTED_EDGE('',*,*,#831,.T.);
#1201=ORIENTED_EDGE('',*,*,#826,.F.);
#1202=ORIENTED_EDGE('',*,*,#887,.T.);
#1203=ORIENTED_EDGE('',*,*,#877,.F.);
#1204=ORIENTED_EDGE('',*,*,#917,.T.);
#1205=ORIENTED_EDGE('',*,*,#918,.T.);
#1206=ORIENTED_EDGE('',*,*,#919,.T.);
#1207=ORIENTED_EDGE('',*,*,#907,.F.);
#1208=ORIENTED_EDGE('',*,*,#920,.T.);
#1209=ORIENTED_EDGE('',*,*,#917,.F.);
#1210=ORIENTED_EDGE('',*,*,#876,.F.);
#1211=ORIENTED_EDGE('',*,*,#921,.F.);
#1212=ORIENTED_EDGE('',*,*,#922,.F.);
#1213=ORIENTED_EDGE('',*,*,#923,.F.);
#1214=ORIENTED_EDGE('',*,*,#867,.F.);
#1215=ORIENTED_EDGE('',*,*,#924,.T.);
#1216=ORIENTED_EDGE('',*,*,#886,.F.);
#1217=ORIENTED_EDGE('',*,*,#891,.F.);
#1218=ORIENTED_EDGE('',*,*,#925,.T.);
#1219=ORIENTED_EDGE('',*,*,#926,.T.);
#1220=ORIENTED_EDGE('',*,*,#927,.T.);
#1221=ORIENTED_EDGE('',*,*,#810,.T.);
#1222=ORIENTED_EDGE('',*,*,#830,.F.);
#1223=ORIENTED_EDGE('',*,*,#822,.F.);
#1224=ORIENTED_EDGE('',*,*,#928,.F.);
#1225=ORIENTED_EDGE('',*,*,#929,.F.);
#1226=ORIENTED_EDGE('',*,*,#930,.F.);
#1227=ORIENTED_EDGE('',*,*,#883,.F.);
#1228=ORIENTED_EDGE('',*,*,#885,.F.);
#1229=ORIENTED_EDGE('',*,*,#818,.T.);
#1230=ORIENTED_EDGE('',*,*,#931,.F.);
#1231=ORIENTED_EDGE('',*,*,#932,.T.);
#1232=ORIENTED_EDGE('',*,*,#912,.F.);
#1233=ORIENTED_EDGE('',*,*,#931,.T.);
#1234=ORIENTED_EDGE('',*,*,#817,.T.);
#1235=ORIENTED_EDGE('',*,*,#933,.F.);
#1236=ORIENTED_EDGE('',*,*,#934,.T.);
#1237=ORIENTED_EDGE('',*,*,#935,.T.);
#1238=ORIENTED_EDGE('',*,*,#936,.T.);
#1239=ORIENTED_EDGE('',*,*,#937,.T.);
#1240=ORIENTED_EDGE('',*,*,#938,.T.);
#1241=ORIENTED_EDGE('',*,*,#935,.F.);
#1242=ORIENTED_EDGE('',*,*,#939,.T.);
#1243=ORIENTED_EDGE('',*,*,#940,.T.);
#1244=ORIENTED_EDGE('',*,*,#941,.T.);
#1245=ORIENTED_EDGE('',*,*,#942,.T.);
#1246=ORIENTED_EDGE('',*,*,#943,.T.);
#1247=ORIENTED_EDGE('',*,*,#940,.F.);
#1248=ORIENTED_EDGE('',*,*,#944,.T.);
#1249=ORIENTED_EDGE('',*,*,#942,.F.);
#1250=ORIENTED_EDGE('',*,*,#945,.T.);
#1251=ORIENTED_EDGE('',*,*,#946,.T.);
#1252=ORIENTED_EDGE('',*,*,#947,.T.);
#1253=ORIENTED_EDGE('',*,*,#948,.T.);
#1254=ORIENTED_EDGE('',*,*,#949,.T.);
#1255=ORIENTED_EDGE('',*,*,#946,.F.);
#1256=ORIENTED_EDGE('',*,*,#950,.T.);
#1257=ORIENTED_EDGE('',*,*,#948,.F.);
#1258=ORIENTED_EDGE('',*,*,#951,.T.);
#1259=ORIENTED_EDGE('',*,*,#952,.T.);
#1260=ORIENTED_EDGE('',*,*,#953,.T.);
#1261=ORIENTED_EDGE('',*,*,#954,.T.);
#1262=ORIENTED_EDGE('',*,*,#955,.T.);
#1263=ORIENTED_EDGE('',*,*,#952,.F.);
#1264=ORIENTED_EDGE('',*,*,#956,.T.);
#1265=ORIENTED_EDGE('',*,*,#954,.F.);
#1266=ORIENTED_EDGE('',*,*,#957,.T.);
#1267=ORIENTED_EDGE('',*,*,#937,.F.);
#1268=ORIENTED_EDGE('',*,*,#958,.T.);
#1269=ORIENTED_EDGE('',*,*,#945,.F.);
#1270=ORIENTED_EDGE('',*,*,#959,.T.);
#1271=ORIENTED_EDGE('',*,*,#960,.T.);
#1272=ORIENTED_EDGE('',*,*,#961,.F.);
#1273=ORIENTED_EDGE('',*,*,#944,.F.);
#1274=ORIENTED_EDGE('',*,*,#962,.T.);
#1275=ORIENTED_EDGE('',*,*,#963,.T.);
#1276=ORIENTED_EDGE('',*,*,#959,.F.);
#1277=ORIENTED_EDGE('',*,*,#939,.F.);
#1278=ORIENTED_EDGE('',*,*,#964,.T.);
#1279=ORIENTED_EDGE('',*,*,#965,.T.);
#1280=ORIENTED_EDGE('',*,*,#962,.F.);
#1281=ORIENTED_EDGE('',*,*,#938,.F.);
#1282=ORIENTED_EDGE('',*,*,#966,.F.);
#1283=ORIENTED_EDGE('',*,*,#967,.T.);
#1284=ORIENTED_EDGE('',*,*,#964,.F.);
#1285=ORIENTED_EDGE('',*,*,#936,.F.);
#1286=ORIENTED_EDGE('',*,*,#941,.F.);
#1287=ORIENTED_EDGE('',*,*,#943,.F.);
#1288=ORIENTED_EDGE('',*,*,#947,.F.);
#1289=ORIENTED_EDGE('',*,*,#949,.F.);
#1290=ORIENTED_EDGE('',*,*,#953,.F.);
#1291=ORIENTED_EDGE('',*,*,#955,.F.);
#1292=ORIENTED_EDGE('',*,*,#958,.F.);
#1293=ORIENTED_EDGE('',*,*,#968,.F.);
#1294=ORIENTED_EDGE('',*,*,#969,.F.);
#1295=ORIENTED_EDGE('',*,*,#970,.F.);
#1296=ORIENTED_EDGE('',*,*,#971,.F.);
#1297=ORIENTED_EDGE('',*,*,#972,.F.);
#1298=ORIENTED_EDGE('',*,*,#973,.F.);
#1299=ORIENTED_EDGE('',*,*,#974,.F.);
#1300=ORIENTED_EDGE('',*,*,#975,.F.);
#1301=ORIENTED_EDGE('',*,*,#976,.T.);
#1302=ORIENTED_EDGE('',*,*,#977,.T.);
#1303=ORIENTED_EDGE('',*,*,#978,.T.);
#1304=ORIENTED_EDGE('',*,*,#979,.T.);
#1305=ORIENTED_EDGE('',*,*,#976,.F.);
#1306=ORIENTED_EDGE('',*,*,#980,.T.);
#1307=ORIENTED_EDGE('',*,*,#981,.T.);
#1308=ORIENTED_EDGE('',*,*,#982,.T.);
#1309=ORIENTED_EDGE('',*,*,#983,.T.);
#1310=ORIENTED_EDGE('',*,*,#984,.T.);
#1311=ORIENTED_EDGE('',*,*,#981,.F.);
#1312=ORIENTED_EDGE('',*,*,#985,.T.);
#1313=ORIENTED_EDGE('',*,*,#983,.F.);
#1314=ORIENTED_EDGE('',*,*,#986,.T.);
#1315=ORIENTED_EDGE('',*,*,#987,.T.);
#1316=ORIENTED_EDGE('',*,*,#816,.T.);
#1317=ORIENTED_EDGE('',*,*,#988,.T.);
#1318=ORIENTED_EDGE('',*,*,#933,.T.);
#1319=ORIENTED_EDGE('',*,*,#987,.F.);
#1320=ORIENTED_EDGE('',*,*,#989,.T.);
#1321=ORIENTED_EDGE('',*,*,#988,.F.);
#1322=ORIENTED_EDGE('',*,*,#990,.T.);
#1323=ORIENTED_EDGE('',*,*,#991,.T.);
#1324=ORIENTED_EDGE('',*,*,#992,.T.);
#1325=ORIENTED_EDGE('',*,*,#993,.T.);
#1326=ORIENTED_EDGE('',*,*,#914,.T.);
#1327=ORIENTED_EDGE('',*,*,#991,.F.);
#1328=ORIENTED_EDGE('',*,*,#994,.T.);
#1329=ORIENTED_EDGE('',*,*,#993,.F.);
#1330=ORIENTED_EDGE('',*,*,#995,.T.);
#1331=ORIENTED_EDGE('',*,*,#978,.F.);
#1332=ORIENTED_EDGE('',*,*,#812,.T.);
#1333=ORIENTED_EDGE('',*,*,#992,.F.);
#1334=ORIENTED_EDGE('',*,*,#913,.F.);
#1335=ORIENTED_EDGE('',*,*,#932,.F.);
#1336=ORIENTED_EDGE('',*,*,#934,.F.);
#1337=ORIENTED_EDGE('',*,*,#977,.F.);
#1338=ORIENTED_EDGE('',*,*,#996,.T.);
#1339=ORIENTED_EDGE('',*,*,#997,.T.);
#1340=ORIENTED_EDGE('',*,*,#908,.T.);
#1341=ORIENTED_EDGE('',*,*,#813,.T.);
#1342=ORIENTED_EDGE('',*,*,#956,.F.);
#1343=ORIENTED_EDGE('',*,*,#998,.F.);
#1344=ORIENTED_EDGE('',*,*,#999,.T.);
#1345=ORIENTED_EDGE('',*,*,#1000,.F.);
#1346=ORIENTED_EDGE('',*,*,#979,.F.);
#1347=ORIENTED_EDGE('',*,*,#995,.F.);
#1348=ORIENTED_EDGE('',*,*,#994,.F.);
#1349=ORIENTED_EDGE('',*,*,#990,.F.);
#1350=ORIENTED_EDGE('',*,*,#989,.F.);
#1351=ORIENTED_EDGE('',*,*,#986,.F.);
#1352=ORIENTED_EDGE('',*,*,#985,.F.);
#1353=ORIENTED_EDGE('',*,*,#980,.F.);
#1354=ORIENTED_EDGE('',*,*,#925,.F.);
#1355=ORIENTED_EDGE('',*,*,#890,.F.);
#1356=ORIENTED_EDGE('',*,*,#1001,.T.);
#1357=ORIENTED_EDGE('',*,*,#1002,.T.);
#1358=ORIENTED_EDGE('',*,*,#927,.F.);
#1359=ORIENTED_EDGE('',*,*,#1003,.T.);
#1360=ORIENTED_EDGE('',*,*,#909,.F.);
#1361=ORIENTED_EDGE('',*,*,#997,.F.);
#1362=ORIENTED_EDGE('',*,*,#1004,.T.);
#1363=ORIENTED_EDGE('',*,*,#1005,.F.);
#1364=ORIENTED_EDGE('',*,*,#915,.F.);
#1365=ORIENTED_EDGE('',*,*,#841,.T.);
#1366=ORIENTED_EDGE('',*,*,#1006,.T.);
#1367=ORIENTED_EDGE('',*,*,#1007,.T.);
#1368=ORIENTED_EDGE('',*,*,#905,.F.);
#1369=ORIENTED_EDGE('',*,*,#872,.F.);
#1370=ORIENTED_EDGE('',*,*,#1008,.T.);
#1371=ORIENTED_EDGE('',*,*,#1009,.T.);
#1372=ORIENTED_EDGE('',*,*,#895,.F.);
#1373=ORIENTED_EDGE('',*,*,#856,.F.);
#1374=ORIENTED_EDGE('',*,*,#1010,.T.);
#1375=ORIENTED_EDGE('',*,*,#1011,.T.);
#1376=ORIENTED_EDGE('',*,*,#1012,.T.);
#1377=ORIENTED_EDGE('',*,*,#968,.T.);
#1378=ORIENTED_EDGE('',*,*,#1013,.T.);
#1379=ORIENTED_EDGE('',*,*,#836,.T.);
#1380=ORIENTED_EDGE('',*,*,#1012,.F.);
#1381=ORIENTED_EDGE('',*,*,#1014,.T.);
#1382=ORIENTED_EDGE('',*,*,#1015,.T.);
#1383=ORIENTED_EDGE('',*,*,#969,.T.);
#1384=ORIENTED_EDGE('',*,*,#1016,.T.);
#1385=ORIENTED_EDGE('',*,*,#970,.T.);
#1386=ORIENTED_EDGE('',*,*,#1015,.F.);
#1387=ORIENTED_EDGE('',*,*,#903,.T.);
#1388=ORIENTED_EDGE('',*,*,#1016,.F.);
#1389=ORIENTED_EDGE('',*,*,#1017,.T.);
#1390=ORIENTED_EDGE('',*,*,#1018,.T.);
#1391=ORIENTED_EDGE('',*,*,#971,.T.);
#1392=ORIENTED_EDGE('',*,*,#1019,.T.);
#1393=ORIENTED_EDGE('',*,*,#972,.T.);
#1394=ORIENTED_EDGE('',*,*,#1018,.F.);
#1395=ORIENTED_EDGE('',*,*,#922,.T.);
#1396=ORIENTED_EDGE('',*,*,#1019,.F.);
#1397=ORIENTED_EDGE('',*,*,#1020,.T.);
#1398=ORIENTED_EDGE('',*,*,#1021,.T.);
#1399=ORIENTED_EDGE('',*,*,#973,.T.);
#1400=ORIENTED_EDGE('',*,*,#1022,.T.);
#1401=ORIENTED_EDGE('',*,*,#974,.T.);
#1402=ORIENTED_EDGE('',*,*,#1021,.F.);
#1403=ORIENTED_EDGE('',*,*,#929,.T.);
#1404=ORIENTED_EDGE('',*,*,#1022,.F.);
#1405=ORIENTED_EDGE('',*,*,#1023,.T.);
#1406=ORIENTED_EDGE('',*,*,#1013,.F.);
#1407=ORIENTED_EDGE('',*,*,#975,.T.);
#1408=ORIENTED_EDGE('',*,*,#864,.F.);
#1409=ORIENTED_EDGE('',*,*,#923,.T.);
#1410=ORIENTED_EDGE('',*,*,#1017,.F.);
#1411=ORIENTED_EDGE('',*,*,#902,.T.);
#1412=ORIENTED_EDGE('',*,*,#848,.F.);
#1413=ORIENTED_EDGE('',*,*,#904,.T.);
#1414=ORIENTED_EDGE('',*,*,#1014,.F.);
#1415=ORIENTED_EDGE('',*,*,#835,.T.);
#1416=ORIENTED_EDGE('',*,*,#982,.F.);
#1417=ORIENTED_EDGE('',*,*,#1024,.F.);
#1418=ORIENTED_EDGE('',*,*,#1004,.F.);
#1419=ORIENTED_EDGE('',*,*,#996,.F.);
#1420=ORIENTED_EDGE('',*,*,#984,.F.);
#1421=ORIENTED_EDGE('',*,*,#815,.T.);
#1422=ORIENTED_EDGE('',*,*,#924,.F.);
#1423=ORIENTED_EDGE('',*,*,#1005,.T.);
#1424=ORIENTED_EDGE('',*,*,#1024,.T.);
#1425=ORIENTED_EDGE('',*,*,#824,.F.);
#1426=ORIENTED_EDGE('',*,*,#837,.T.);
#1427=ORIENTED_EDGE('',*,*,#1023,.F.);
#1428=ORIENTED_EDGE('',*,*,#928,.T.);
#1429=ORIENTED_EDGE('',*,*,#880,.F.);
#1430=ORIENTED_EDGE('',*,*,#930,.T.);
#1431=ORIENTED_EDGE('',*,*,#1020,.F.);
#1432=ORIENTED_EDGE('',*,*,#921,.T.);
#1433=ORIENTED_EDGE('',*,*,#1025,.F.);
#1434=ORIENTED_EDGE('',*,*,#999,.F.);
#1435=ORIENTED_EDGE('',*,*,#1026,.F.);
#1436=ORIENTED_EDGE('',*,*,#1027,.F.);
#1437=ORIENTED_EDGE('',*,*,#960,.F.);
#1438=ORIENTED_EDGE('',*,*,#963,.F.);
#1439=ORIENTED_EDGE('',*,*,#965,.F.);
#1440=ORIENTED_EDGE('',*,*,#967,.F.);
#1441=ORIENTED_EDGE('',*,*,#1011,.F.);
#1442=ORIENTED_EDGE('',*,*,#1028,.F.);
#1443=ORIENTED_EDGE('',*,*,#1029,.F.);
#1444=ORIENTED_EDGE('',*,*,#893,.F.);
#1445=ORIENTED_EDGE('',*,*,#832,.F.);
#1446=ORIENTED_EDGE('',*,*,#916,.F.);
#1447=ORIENTED_EDGE('',*,*,#1007,.F.);
#1448=ORIENTED_EDGE('',*,*,#1030,.F.);
#1449=ORIENTED_EDGE('',*,*,#1031,.F.);
#1450=ORIENTED_EDGE('',*,*,#910,.F.);
#1451=ORIENTED_EDGE('',*,*,#1003,.F.);
#1452=ORIENTED_EDGE('',*,*,#926,.F.);
#1453=ORIENTED_EDGE('',*,*,#1002,.F.);
#1454=ORIENTED_EDGE('',*,*,#1032,.F.);
#1455=ORIENTED_EDGE('',*,*,#1033,.F.);
#1456=ORIENTED_EDGE('',*,*,#918,.F.);
#1457=ORIENTED_EDGE('',*,*,#920,.F.);
#1458=ORIENTED_EDGE('',*,*,#906,.F.);
#1459=ORIENTED_EDGE('',*,*,#1009,.F.);
#1460=ORIENTED_EDGE('',*,*,#1034,.F.);
#1461=ORIENTED_EDGE('',*,*,#1035,.F.);
#1462=ORIENTED_EDGE('',*,*,#899,.F.);
#1463=ORIENTED_EDGE('',*,*,#901,.F.);
#1464=ORIENTED_EDGE('',*,*,#896,.F.);
#1465=ORIENTED_EDGE('',*,*,#1036,.F.);
#1466=ORIENTED_EDGE('',*,*,#1037,.F.);
#1467=ORIENTED_EDGE('',*,*,#1038,.F.);
#1468=ORIENTED_EDGE('',*,*,#1039,.F.);
#1469=ORIENTED_EDGE('',*,*,#911,.F.);
#1470=ORIENTED_EDGE('',*,*,#1031,.T.);
#1471=ORIENTED_EDGE('',*,*,#1040,.F.);
#1472=ORIENTED_EDGE('',*,*,#839,.T.);
#1473=ORIENTED_EDGE('',*,*,#1030,.T.);
#1474=ORIENTED_EDGE('',*,*,#1006,.F.);
#1475=ORIENTED_EDGE('',*,*,#840,.T.);
#1476=ORIENTED_EDGE('',*,*,#1040,.T.);
#1477=ORIENTED_EDGE('',*,*,#894,.F.);
#1478=ORIENTED_EDGE('',*,*,#1029,.T.);
#1479=ORIENTED_EDGE('',*,*,#1041,.F.);
#1480=ORIENTED_EDGE('',*,*,#854,.F.);
#1481=ORIENTED_EDGE('',*,*,#1028,.T.);
#1482=ORIENTED_EDGE('',*,*,#1010,.F.);
#1483=ORIENTED_EDGE('',*,*,#855,.T.);
#1484=ORIENTED_EDGE('',*,*,#1041,.T.);
#1485=ORIENTED_EDGE('',*,*,#950,.F.);
#1486=ORIENTED_EDGE('',*,*,#961,.T.);
#1487=ORIENTED_EDGE('',*,*,#1027,.T.);
#1488=ORIENTED_EDGE('',*,*,#1042,.F.);
#1489=ORIENTED_EDGE('',*,*,#951,.F.);
#1490=ORIENTED_EDGE('',*,*,#1042,.T.);
#1491=ORIENTED_EDGE('',*,*,#1026,.T.);
#1492=ORIENTED_EDGE('',*,*,#998,.T.);
#1493=ORIENTED_EDGE('',*,*,#957,.F.);
#1494=ORIENTED_EDGE('',*,*,#1000,.T.);
#1495=ORIENTED_EDGE('',*,*,#1025,.T.);
#1496=ORIENTED_EDGE('',*,*,#966,.T.);
#1497=ORIENTED_EDGE('',*,*,#1038,.T.);
#1498=ORIENTED_EDGE('',*,*,#1043,.T.);
#1499=ORIENTED_EDGE('',*,*,#858,.T.);
#1500=ORIENTED_EDGE('',*,*,#1043,.F.);
#1501=ORIENTED_EDGE('',*,*,#1039,.T.);
#1502=ORIENTED_EDGE('',*,*,#1044,.T.);
#1503=ORIENTED_EDGE('',*,*,#843,.T.);
#1504=ORIENTED_EDGE('',*,*,#1044,.F.);
#1505=ORIENTED_EDGE('',*,*,#1037,.T.);
#1506=ORIENTED_EDGE('',*,*,#1045,.T.);
#1507=ORIENTED_EDGE('',*,*,#892,.T.);
#1508=ORIENTED_EDGE('',*,*,#1045,.F.);
#1509=ORIENTED_EDGE('',*,*,#919,.F.);
#1510=ORIENTED_EDGE('',*,*,#1033,.T.);
#1511=ORIENTED_EDGE('',*,*,#1046,.F.);
#1512=ORIENTED_EDGE('',*,*,#888,.T.);
#1513=ORIENTED_EDGE('',*,*,#1032,.T.);
#1514=ORIENTED_EDGE('',*,*,#1001,.F.);
#1515=ORIENTED_EDGE('',*,*,#889,.T.);
#1516=ORIENTED_EDGE('',*,*,#1046,.T.);
#1517=ORIENTED_EDGE('',*,*,#1036,.T.);
#1518=ORIENTED_EDGE('',*,*,#1047,.T.);
#1519=ORIENTED_EDGE('',*,*,#874,.T.);
#1520=ORIENTED_EDGE('',*,*,#1047,.F.);
#1521=ORIENTED_EDGE('',*,*,#900,.F.);
#1522=ORIENTED_EDGE('',*,*,#1035,.T.);
#1523=ORIENTED_EDGE('',*,*,#1048,.F.);
#1524=ORIENTED_EDGE('',*,*,#870,.F.);
#1525=ORIENTED_EDGE('',*,*,#1034,.T.);
#1526=ORIENTED_EDGE('',*,*,#1008,.F.);
#1527=ORIENTED_EDGE('',*,*,#871,.T.);
#1528=ORIENTED_EDGE('',*,*,#1048,.T.);
#1529=PLANE('',#1663);
#1530=PLANE('',#1664);
#1531=PLANE('',#1673);
#1532=PLANE('',#1674);
#1533=PLANE('',#1685);
#1534=PLANE('',#1696);
#1535=PLANE('',#1709);
#1536=PLANE('',#1720);
#1537=PLANE('',#1732);
#1538=PLANE('',#1735);
#1539=PLANE('',#1739);
#1540=PLANE('',#1743);
#1541=PLANE('',#1747);
#1542=PLANE('',#1751);
#1543=PLANE('',#1757);
#1544=PLANE('',#1760);
#1545=PLANE('',#1761);
#1546=PLANE('',#1769);
#1547=PLANE('',#1773);
#1548=PLANE('',#1776);
#1549=PLANE('',#1779);
#1550=PLANE('',#1780);
#1551=PLANE('',#1783);
#1552=PLANE('',#1784);
#1553=PLANE('',#1785);
#1554=PLANE('',#1787);
#1555=PLANE('',#1788);
#1556=PLANE('',#1789);
#1557=PLANE('',#1790);
#1558=PLANE('',#1793);
#1559=PLANE('',#1796);
#1560=PLANE('',#1799);
#1561=PLANE('',#1804);
#1562=PLANE('',#1808);
#1563=PLANE('',#1819);
#1564=PLANE('',#1821);
#1565=PLANE('',#1823);
#1566=PLANE('',#1829);
#1567=PLANE('',#1832);
#1568=ADVANCED_FACE('',(#164),#1529,.F.);
#1569=ADVANCED_FACE('',(#165),#1530,.F.);
#1570=ADVANCED_FACE('',(#166),#128,.F.);
#1571=ADVANCED_FACE('',(#167),#40,.T.);
#1572=ADVANCED_FACE('',(#168),#129,.F.);
#1573=ADVANCED_FACE('',(#169),#38,.T.);
#1574=ADVANCED_FACE('',(#170),#1531,.T.);
#1575=ADVANCED_FACE('',(#171,#27),#1532,.F.);
#1576=ADVANCED_FACE('',(#172),#130,.F.);
#1577=ADVANCED_FACE('',(#173),#41,.T.);
#1578=ADVANCED_FACE('',(#174),#131,.F.);
#1579=ADVANCED_FACE('',(#175,#28),#1533,.F.);
#1580=ADVANCED_FACE('',(#176),#132,.F.);
#1581=ADVANCED_FACE('',(#177),#42,.T.);
#1582=ADVANCED_FACE('',(#178),#133,.F.);
#1583=ADVANCED_FACE('',(#179,#29),#1534,.F.);
#1584=ADVANCED_FACE('',(#180),#134,.F.);
#1585=ADVANCED_FACE('',(#181),#43,.T.);
#1586=ADVANCED_FACE('',(#182),#135,.F.);
#1587=ADVANCED_FACE('',(#183),#39,.T.);
#1588=ADVANCED_FACE('',(#184,#30),#1535,.F.);
#1589=ADVANCED_FACE('',(#185),#136,.F.);
#1590=ADVANCED_FACE('',(#186),#137,.F.);
#1591=ADVANCED_FACE('',(#187),#138,.F.);
#1592=ADVANCED_FACE('',(#188),#1536,.T.);
#1593=ADVANCED_FACE('',(#189),#139,.F.);
#1594=ADVANCED_FACE('',(#190),#140,.F.);
#1595=ADVANCED_FACE('',(#191),#141,.F.);
#1596=ADVANCED_FACE('',(#192),#142,.F.);
#1597=ADVANCED_FACE('',(#193),#143,.F.);
#1598=ADVANCED_FACE('',(#194),#1537,.T.);
#1599=ADVANCED_FACE('',(#195),#144,.F.);
#1600=ADVANCED_FACE('',(#196),#1538,.T.);
#1601=ADVANCED_FACE('',(#197),#145,.F.);
#1602=ADVANCED_FACE('',(#198),#1539,.T.);
#1603=ADVANCED_FACE('',(#199),#15,.T.);
#1604=ADVANCED_FACE('',(#200),#1540,.T.);
#1605=ADVANCED_FACE('',(#201),#16,.T.);
#1606=ADVANCED_FACE('',(#202),#1541,.T.);
#1607=ADVANCED_FACE('',(#203),#17,.T.);
#1608=ADVANCED_FACE('',(#204),#1542,.T.);
#1609=ADVANCED_FACE('',(#205),#18,.T.);
#1610=ADVANCED_FACE('',(#206),#146,.T.);
#1611=ADVANCED_FACE('',(#207),#1543,.T.);
#1612=ADVANCED_FACE('',(#208),#147,.T.);
#1613=ADVANCED_FACE('',(#209),#1544,.T.);
#1614=ADVANCED_FACE('',(#210,#31),#1545,.T.);
#1615=ADVANCED_FACE('',(#211),#19,.F.);
#1616=ADVANCED_FACE('',(#212),#1546,.T.);
#1617=ADVANCED_FACE('',(#213),#20,.F.);
#1618=ADVANCED_FACE('',(#214),#1547,.T.);
#1619=ADVANCED_FACE('',(#215),#21,.F.);
#1620=ADVANCED_FACE('',(#216),#1548,.T.);
#1621=ADVANCED_FACE('',(#217),#22,.F.);
#1622=ADVANCED_FACE('',(#218),#1549,.T.);
#1623=ADVANCED_FACE('',(#219),#1550,.F.);
#1624=ADVANCED_FACE('',(#220),#148,.F.);
#1625=ADVANCED_FACE('',(#221,#32),#1551,.T.);
#1626=ADVANCED_FACE('',(#222),#1552,.T.);
#1627=ADVANCED_FACE('',(#223),#1553,.T.);
#1628=ADVANCED_FACE('',(#224),#1554,.T.);
#1629=ADVANCED_FACE('',(#225),#1555,.T.);
#1630=ADVANCED_FACE('',(#226),#1556,.T.);
#1631=ADVANCED_FACE('',(#227),#1557,.T.);
#1632=ADVANCED_FACE('',(#228),#23,.F.);
#1633=ADVANCED_FACE('',(#229),#1558,.T.);
#1634=ADVANCED_FACE('',(#230),#24,.F.);
#1635=ADVANCED_FACE('',(#231),#1559,.T.);
#1636=ADVANCED_FACE('',(#232),#25,.F.);
#1637=ADVANCED_FACE('',(#233),#1560,.T.);
#1638=ADVANCED_FACE('',(#234),#26,.F.);
#1639=ADVANCED_FACE('',(#235),#149,.F.);
#1640=ADVANCED_FACE('',(#236),#150,.F.);
#1641=ADVANCED_FACE('',(#237),#1561,.F.);
#1642=ADVANCED_FACE('',(#238),#151,.F.);
#1643=ADVANCED_FACE('',(#239),#152,.F.);
#1644=ADVANCED_FACE('',(#240),#153,.F.);
#1645=ADVANCED_FACE('',(#241,#33,#34,#35,#36,#37),#1562,.T.);
#1646=ADVANCED_FACE('',(#242),#1563,.T.);
#1647=ADVANCED_FACE('',(#243),#154,.T.);
#1648=ADVANCED_FACE('',(#244),#1564,.T.);
#1649=ADVANCED_FACE('',(#245),#155,.T.);
#1650=ADVANCED_FACE('',(#246),#1565,.T.);
#1651=ADVANCED_FACE('',(#247),#156,.T.);
#1652=ADVANCED_FACE('',(#248),#157,.T.);
#1653=ADVANCED_FACE('',(#249),#158,.F.);
#1654=ADVANCED_FACE('',(#250),#159,.F.);
#1655=ADVANCED_FACE('',(#251),#160,.F.);
#1656=ADVANCED_FACE('',(#252),#1566,.T.);
#1657=ADVANCED_FACE('',(#253),#161,.T.);
#1658=ADVANCED_FACE('',(#254),#162,.F.);
#1659=ADVANCED_FACE('',(#255),#1567,.T.);
#1660=ADVANCED_FACE('',(#256),#163,.T.);
#1661=CLOSED_SHELL('',(#1568,#1569,#1570,#1571,#1572,#1573,#1574,#1575,
#1576,#1577,#1578,#1579,#1580,#1581,#1582,#1583,#1584,#1585,#1586,#1587,
#1588,#1589,#1590,#1591,#1592,#1593,#1594,#1595,#1596,#1597,#1598,#1599,
#1600,#1601,#1602,#1603,#1604,#1605,#1606,#1607,#1608,#1609,#1610,#1611,
#1612,#1613,#1614,#1615,#1616,#1617,#1618,#1619,#1620,#1621,#1622,#1623,
#1624,#1625,#1626,#1627,#1628,#1629,#1630,#1631,#1632,#1633,#1634,#1635,
#1636,#1637,#1638,#1639,#1640,#1641,#1642,#1643,#1644,#1645,#1646,#1647,
#1648,#1649,#1650,#1651,#1652,#1653,#1654,#1655,#1656,#1657,#1658,#1659,
#1660));
#1662=AXIS2_PLACEMENT_3D('',#2322,#1834,#1835);
#1663=AXIS2_PLACEMENT_3D('',#2323,#1836,#1837);
#1664=AXIS2_PLACEMENT_3D('',#2341,#1842,#1843);
#1665=AXIS2_PLACEMENT_3D('',#2357,#1848,#1849);
#1666=AXIS2_PLACEMENT_3D('',#2360,#1850,#1851);
#1667=AXIS2_PLACEMENT_3D('',#2364,#1853,#1854);
#1668=AXIS2_PLACEMENT_3D('',#2377,#1856,#1857);
#1669=AXIS2_PLACEMENT_3D('',#2378,#1858,#1859);
#1670=AXIS2_PLACEMENT_3D('',#2379,#1860,#1861);
#1671=AXIS2_PLACEMENT_3D('',#2380,#1862,#1863);
#1672=AXIS2_PLACEMENT_3D('',#2445,#1866,#1867);
#1673=AXIS2_PLACEMENT_3D('',#2456,#1868,#1869);
#1674=AXIS2_PLACEMENT_3D('',#2470,#1877,#1878);
#1675=AXIS2_PLACEMENT_3D('',#2472,#1879,#1880);
#1676=AXIS2_PLACEMENT_3D('',#2476,#1882,#1883);
#1677=AXIS2_PLACEMENT_3D('',#2479,#1885,#1886);
#1678=AXIS2_PLACEMENT_3D('',#2481,#1887,#1888);
#1679=AXIS2_PLACEMENT_3D('',#2482,#1889,#1890);
#1680=AXIS2_PLACEMENT_3D('',#2484,#1891,#1892);
#1681=AXIS2_PLACEMENT_3D('',#2508,#1894,#1895);
#1682=AXIS2_PLACEMENT_3D('',#2509,#1896,#1897);
#1683=AXIS2_PLACEMENT_3D('',#2510,#1898,#1899);
#1684=AXIS2_PLACEMENT_3D('',#2511,#1900,#1901);
#1685=AXIS2_PLACEMENT_3D('',#2524,#1904,#1905);
#1686=AXIS2_PLACEMENT_3D('',#2526,#1906,#1907);
#1687=AXIS2_PLACEMENT_3D('',#2530,#1909,#1910);
#1688=AXIS2_PLACEMENT_3D('',#2533,#1912,#1913);
#1689=AXIS2_PLACEMENT_3D('',#2535,#1914,#1915);
#1690=AXIS2_PLACEMENT_3D('',#2536,#1916,#1917);
#1691=AXIS2_PLACEMENT_3D('',#2539,#1918,#1919);
#1692=AXIS2_PLACEMENT_3D('',#2565,#1922,#1923);
#1693=AXIS2_PLACEMENT_3D('',#2566,#1924,#1925);
#1694=AXIS2_PLACEMENT_3D('',#2567,#1926,#1927);
#1695=AXIS2_PLACEMENT_3D('',#2568,#1928,#1929);
#1696=AXIS2_PLACEMENT_3D('',#2583,#1932,#1933);
#1697=AXIS2_PLACEMENT_3D('',#2585,#1934,#1935);
#1698=AXIS2_PLACEMENT_3D('',#2589,#1937,#1938);
#1699=AXIS2_PLACEMENT_3D('',#2592,#1940,#1941);
#1700=AXIS2_PLACEMENT_3D('',#2594,#1942,#1943);
#1701=AXIS2_PLACEMENT_3D('',#2595,#1944,#1945);
#1702=AXIS2_PLACEMENT_3D('',#2598,#1946,#1947);
#1703=AXIS2_PLACEMENT_3D('',#2624,#1950,#1951);
#1704=AXIS2_PLACEMENT_3D('',#2625,#1952,#1953);
#1705=AXIS2_PLACEMENT_3D('',#2626,#1954,#1955);
#1706=AXIS2_PLACEMENT_3D('',#2627,#1956,#1957);
#1707=AXIS2_PLACEMENT_3D('',#2630,#1958,#1959);
#1708=AXIS2_PLACEMENT_3D('',#2693,#1962,#1963);
#1709=AXIS2_PLACEMENT_3D('',#2694,#1964,#1965);
#1710=AXIS2_PLACEMENT_3D('',#2696,#1966,#1967);
#1711=AXIS2_PLACEMENT_3D('',#2700,#1969,#1970);
#1712=AXIS2_PLACEMENT_3D('',#2703,#1972,#1973);
#1713=AXIS2_PLACEMENT_3D('',#2705,#1974,#1975);
#1714=AXIS2_PLACEMENT_3D('',#2706,#1976,#1977);
#1715=AXIS2_PLACEMENT_3D('',#2708,#1978,#1979);
#1716=AXIS2_PLACEMENT_3D('',#2710,#1981,#1982);
#1717=AXIS2_PLACEMENT_3D('',#2714,#1984,#1985);
#1718=AXIS2_PLACEMENT_3D('',#2716,#1987,#1988);
#1719=AXIS2_PLACEMENT_3D('',#2720,#1990,#1991);
#1720=AXIS2_PLACEMENT_3D('',#2722,#1993,#1994);
#1721=AXIS2_PLACEMENT_3D('',#2729,#1999,#2000);
#1722=AXIS2_PLACEMENT_3D('',#2733,#2002,#2003);
#1723=AXIS2_PLACEMENT_3D('',#2735,#2005,#2006);
#1724=AXIS2_PLACEMENT_3D('',#2746,#2008,#2009);
#1725=AXIS2_PLACEMENT_3D('',#2748,#2011,#2012);
#1726=AXIS2_PLACEMENT_3D('',#2750,#2013,#2014);
#1727=AXIS2_PLACEMENT_3D('',#2753,#2016,#2017);
#1728=AXIS2_PLACEMENT_3D('',#2754,#2018,#2019);
#1729=AXIS2_PLACEMENT_3D('',#2757,#2021,#2022);
#1730=AXIS2_PLACEMENT_3D('',#2758,#2023,#2024);
#1731=AXIS2_PLACEMENT_3D('',#2762,#2026,#2027);
#1732=AXIS2_PLACEMENT_3D('',#2764,#2029,#2030);
#1733=AXIS2_PLACEMENT_3D('',#2771,#2035,#2036);
#1734=AXIS2_PLACEMENT_3D('',#2782,#2038,#2039);
#1735=AXIS2_PLACEMENT_3D('',#2784,#2041,#2042);
#1736=AXIS2_PLACEMENT_3D('',#2791,#2046,#2047);
#1737=AXIS2_PLACEMENT_3D('',#2793,#2049,#2050);
#1738=AXIS2_PLACEMENT_3D('',#2795,#2051,#2052);
#1739=AXIS2_PLACEMENT_3D('',#2797,#2054,#2055);
#1740=AXIS2_PLACEMENT_3D('',#2806,#2060,#2061);
#1741=AXIS2_PLACEMENT_3D('',#2808,#2062,#2063);
#1742=AXIS2_PLACEMENT_3D('',#2811,#2065,#2066);
#1743=AXIS2_PLACEMENT_3D('',#2812,#2067,#2068);
#1744=AXIS2_PLACEMENT_3D('',#2818,#2072,#2073);
#1745=AXIS2_PLACEMENT_3D('',#2820,#2074,#2075);
#1746=AXIS2_PLACEMENT_3D('',#2823,#2077,#2078);
#1747=AXIS2_PLACEMENT_3D('',#2824,#2079,#2080);
#1748=AXIS2_PLACEMENT_3D('',#2830,#2084,#2085);
#1749=AXIS2_PLACEMENT_3D('',#2832,#2086,#2087);
#1750=AXIS2_PLACEMENT_3D('',#2835,#2089,#2090);
#1751=AXIS2_PLACEMENT_3D('',#2836,#2091,#2092);
#1752=AXIS2_PLACEMENT_3D('',#2842,#2096,#2097);
#1753=AXIS2_PLACEMENT_3D('',#2843,#2098,#2099);
#1754=AXIS2_PLACEMENT_3D('',#2844,#2100,#2101);
#1755=AXIS2_PLACEMENT_3D('',#2845,#2102,#2103);
#1756=AXIS2_PLACEMENT_3D('',#2849,#2105,#2106);
#1757=AXIS2_PLACEMENT_3D('',#2851,#2108,#2109);
#1758=AXIS2_PLACEMENT_3D('',#2855,#2112,#2113);
#1759=AXIS2_PLACEMENT_3D('',#2858,#2115,#2116);
#1760=AXIS2_PLACEMENT_3D('',#2859,#2117,#2118);
#1761=AXIS2_PLACEMENT_3D('',#2863,#2121,#2122);
#1762=AXIS2_PLACEMENT_3D('',#2868,#2124,#2125);
#1763=AXIS2_PLACEMENT_3D('',#2872,#2127,#2128);
#1764=AXIS2_PLACEMENT_3D('',#2876,#2130,#2131);
#1765=AXIS2_PLACEMENT_3D('',#2879,#2133,#2134);
#1766=AXIS2_PLACEMENT_3D('',#2880,#2135,#2136);
#1767=AXIS2_PLACEMENT_3D('',#2884,#2138,#2139);
#1768=AXIS2_PLACEMENT_3D('',#2887,#2141,#2142);
#1769=AXIS2_PLACEMENT_3D('',#2888,#2143,#2144);
#1770=AXIS2_PLACEMENT_3D('',#2894,#2148,#2149);
#1771=AXIS2_PLACEMENT_3D('',#2897,#2151,#2152);
#1772=AXIS2_PLACEMENT_3D('',#2898,#2153,#2154);
#1773=AXIS2_PLACEMENT_3D('',#2899,#2155,#2156);
#1774=AXIS2_PLACEMENT_3D('',#2903,#2159,#2160);
#1775=AXIS2_PLACEMENT_3D('',#2906,#2162,#2163);
#1776=AXIS2_PLACEMENT_3D('',#2907,#2164,#2165);
#1777=AXIS2_PLACEMENT_3D('',#2912,#2169,#2170);
#1778=AXIS2_PLACEMENT_3D('',#2915,#2172,#2173);
#1779=AXIS2_PLACEMENT_3D('',#2916,#2174,#2175);
#1780=AXIS2_PLACEMENT_3D('',#2918,#2177,#2178);
#1781=AXIS2_PLACEMENT_3D('',#2919,#2179,#2180);
#1782=AXIS2_PLACEMENT_3D('',#2922,#2182,#2183);
#1783=AXIS2_PLACEMENT_3D('',#2923,#2184,#2185);
#1784=AXIS2_PLACEMENT_3D('',#2929,#2189,#2190);
#1785=AXIS2_PLACEMENT_3D('',#2933,#2193,#2194);
#1786=AXIS2_PLACEMENT_3D('',#2937,#2197,#2198);
#1787=AXIS2_PLACEMENT_3D('',#2938,#2199,#2200);
#1788=AXIS2_PLACEMENT_3D('',#2942,#2203,#2204);
#1789=AXIS2_PLACEMENT_3D('',#2946,#2207,#2208);
#1790=AXIS2_PLACEMENT_3D('',#2950,#2211,#2212);
#1791=AXIS2_PLACEMENT_3D('',#2953,#2215,#2216);
#1792=AXIS2_PLACEMENT_3D('',#2954,#2217,#2218);
#1793=AXIS2_PLACEMENT_3D('',#2956,#2220,#2221);
#1794=AXIS2_PLACEMENT_3D('',#2958,#2223,#2224);
#1795=AXIS2_PLACEMENT_3D('',#2959,#2225,#2226);
#1796=AXIS2_PLACEMENT_3D('',#2961,#2228,#2229);
#1797=AXIS2_PLACEMENT_3D('',#2963,#2231,#2232);
#1798=AXIS2_PLACEMENT_3D('',#2964,#2233,#2234);
#1799=AXIS2_PLACEMENT_3D('',#2966,#2236,#2237);
#1800=AXIS2_PLACEMENT_3D('',#2968,#2239,#2240);
#1801=AXIS2_PLACEMENT_3D('',#2969,#2241,#2242);
#1802=AXIS2_PLACEMENT_3D('',#2970,#2243,#2244);
#1803=AXIS2_PLACEMENT_3D('',#2971,#2245,#2246);
#1804=AXIS2_PLACEMENT_3D('',#2972,#2247,#2248);
#1805=AXIS2_PLACEMENT_3D('',#2974,#2250,#2251);
#1806=AXIS2_PLACEMENT_3D('',#2975,#2252,#2253);
#1807=AXIS2_PLACEMENT_3D('',#2976,#2254,#2255);
#1808=AXIS2_PLACEMENT_3D('',#2977,#2256,#2257);
#1809=AXIS2_PLACEMENT_3D('',#2978,#2258,#2259);
#1810=AXIS2_PLACEMENT_3D('',#2980,#2260,#2261);
#1811=AXIS2_PLACEMENT_3D('',#2983,#2263,#2264);
#1812=AXIS2_PLACEMENT_3D('',#2986,#2266,#2267);
#1813=AXIS2_PLACEMENT_3D('',#2989,#2269,#2270);
#1814=AXIS2_PLACEMENT_3D('',#2992,#2272,#2273);
#1815=AXIS2_PLACEMENT_3D('',#2995,#2275,#2276);
#1816=AXIS2_PLACEMENT_3D('',#2997,#2277,#2278);
#1817=AXIS2_PLACEMENT_3D('',#2999,#2279,#2280);
#1818=AXIS2_PLACEMENT_3D('',#3001,#2281,#2282);
#1819=AXIS2_PLACEMENT_3D('',#3002,#2283,#2284);
#1820=AXIS2_PLACEMENT_3D('',#3004,#2286,#2287);
#1821=AXIS2_PLACEMENT_3D('',#3005,#2288,#2289);
#1822=AXIS2_PLACEMENT_3D('',#3007,#2291,#2292);
#1823=AXIS2_PLACEMENT_3D('',#3008,#2293,#2294);
#1824=AXIS2_PLACEMENT_3D('',#3010,#2296,#2297);
#1825=AXIS2_PLACEMENT_3D('',#3011,#2298,#2299);
#1826=AXIS2_PLACEMENT_3D('',#3012,#2300,#2301);
#1827=AXIS2_PLACEMENT_3D('',#3014,#2303,#2304);
#1828=AXIS2_PLACEMENT_3D('',#3016,#2306,#2307);
#1829=AXIS2_PLACEMENT_3D('',#3018,#2309,#2310);
#1830=AXIS2_PLACEMENT_3D('',#3020,#2312,#2313);
#1831=AXIS2_PLACEMENT_3D('',#3021,#2314,#2315);
#1832=AXIS2_PLACEMENT_3D('',#3023,#2317,#2318);
#1833=AXIS2_PLACEMENT_3D('',#3025,#2320,#2321);
#1834=DIRECTION('axis',(0.,0.,1.));
#1835=DIRECTION('refdir',(1.,0.,0.));
#1836=DIRECTION('center_axis',(0.,1.,0.));
#1837=DIRECTION('ref_axis',(-3.25119689182798E-63,0.,-1.));
#1838=DIRECTION('',(0.,0.,1.));
#1839=DIRECTION('',(-1.,0.,0.));
#1840=DIRECTION('',(0.,0.,-1.));
#1841=DIRECTION('',(1.,0.,0.));
#1842=DIRECTION('center_axis',(0.,-1.,0.));
#1843=DIRECTION('ref_axis',(0.,0.,1.));
#1844=DIRECTION('',(-1.,0.,0.));
#1845=DIRECTION('',(0.,0.,1.));
#1846=DIRECTION('',(1.,0.,0.));
#1847=DIRECTION('',(0.,0.,-1.));
#1848=DIRECTION('center_axis',(1.36642838276754E-15,-1.,0.));
#1849=DIRECTION('ref_axis',(0.707106781186552,7.85046229341882E-16,0.707106781186543));
#1850=DIRECTION('center_axis',(2.22044604925028E-15,-1.,0.));
#1851=DIRECTION('ref_axis',(1.,2.22044604925028E-15,0.));
#1852=DIRECTION('',(-1.36642838276754E-15,1.,0.));
#1853=DIRECTION('center_axis',(-1.11022302462514E-15,1.,0.));
#1854=DIRECTION('ref_axis',(0.,0.,1.));
#1855=DIRECTION('',(1.36642838276754E-15,-1.,0.));
#1856=DIRECTION('center_axis',(-1.,0.,0.));
#1857=DIRECTION('ref_axis',(0.,0.,1.));
#1858=DIRECTION('center_axis',(0.,0.,-1.));
#1859=DIRECTION('ref_axis',(0.707106781186542,0.707106781186553,0.));
#1860=DIRECTION('center_axis',(0.,0.,1.));
#1861=DIRECTION('ref_axis',(0.707106781186542,0.707106781186553,0.));
#1862=DIRECTION('center_axis',(-1.,-2.8092687966952E-17,0.));
#1863=DIRECTION('ref_axis',(0.,0.707106781186547,0.707106781186548));
#1864=DIRECTION('',(1.,2.8092687966952E-17,0.));
#1865=DIRECTION('',(-1.,-2.8092687966952E-17,0.));
#1866=DIRECTION('center_axis',(0.,0.,-1.));
#1867=DIRECTION('ref_axis',(0.707106781186552,0.707106781186543,0.));
#1868=DIRECTION('center_axis',(2.8092687966952E-17,-1.,0.));
#1869=DIRECTION('ref_axis',(1.,2.8092687966952E-17,-1.99610596136995E-34));
#1870=DIRECTION('',(0.,0.,-1.));
#1871=DIRECTION('',(-1.,-2.8092687966952E-17,-4.2058947776249E-33));
#1872=DIRECTION('',(0.,0.,1.));
#1873=DIRECTION('',(1.,2.8092687966952E-17,0.));
#1874=DIRECTION('',(0.,0.,1.));
#1875=DIRECTION('',(-1.,-2.8092687966952E-17,3.44036057044838E-33));
#1876=DIRECTION('',(0.,0.,-1.));
#1877=DIRECTION('center_axis',(0.,0.,1.));
#1878=DIRECTION('ref_axis',(-1.,0.,0.));
#1879=DIRECTION('center_axis',(0.,0.,-1.));
#1880=DIRECTION('ref_axis',(0.707106781186552,0.707106781186543,0.));
#1881=DIRECTION('',(1.,0.,0.));
#1882=DIRECTION('center_axis',(0.,0.,1.));
#1883=DIRECTION('ref_axis',(-1.,0.,0.));
#1884=DIRECTION('',(0.,-1.,0.));
#1885=DIRECTION('center_axis',(0.,0.,-1.));
#1886=DIRECTION('ref_axis',(0.707106781186553,0.707106781186543,0.));
#1887=DIRECTION('center_axis',(0.,0.,-1.));
#1888=DIRECTION('ref_axis',(-1.,0.,0.));
#1889=DIRECTION('center_axis',(-1.,-2.8092687966952E-17,0.));
#1890=DIRECTION('ref_axis',(0.,0.707106781186547,0.707106781186548));
#1891=DIRECTION('center_axis',(-1.,0.,0.));
#1892=DIRECTION('ref_axis',(0.,0.,1.));
#1893=DIRECTION('',(-1.,-2.8092687966952E-17,0.));
#1894=DIRECTION('center_axis',(1.11022302462516E-15,-1.,0.));
#1895=DIRECTION('ref_axis',(0.,0.,1.));
#1896=DIRECTION('center_axis',(0.,0.,-1.));
#1897=DIRECTION('ref_axis',(-0.707106781186548,0.707106781186547,0.));
#1898=DIRECTION('center_axis',(0.,0.,1.));
#1899=DIRECTION('ref_axis',(-0.707106781186548,0.707106781186547,0.));
#1900=DIRECTION('center_axis',(1.20630005666197E-15,-1.,0.));
#1901=DIRECTION('ref_axis',(-0.707106781186547,-3.14018491736755E-15,0.707106781186548));
#1902=DIRECTION('',(-1.20630005666197E-15,1.,0.));
#1903=DIRECTION('',(1.20630005666197E-15,-1.,0.));
#1904=DIRECTION('center_axis',(0.,0.,1.));
#1905=DIRECTION('ref_axis',(-1.,0.,0.));
#1906=DIRECTION('center_axis',(0.,0.,-1.));
#1907=DIRECTION('ref_axis',(-0.707106781186547,0.707106781186548,0.));
#1908=DIRECTION('',(0.,1.,0.));
#1909=DIRECTION('center_axis',(0.,0.,1.));
#1910=DIRECTION('ref_axis',(-1.,0.,0.));
#1911=DIRECTION('',(1.,0.,0.));
#1912=DIRECTION('center_axis',(0.,0.,-1.));
#1913=DIRECTION('ref_axis',(-0.707106781186548,0.707106781186547,0.));
#1914=DIRECTION('center_axis',(0.,0.,-1.));
#1915=DIRECTION('ref_axis',(-1.,0.,0.));
#1916=DIRECTION('center_axis',(1.20630005666197E-15,-1.,0.));
#1917=DIRECTION('ref_axis',(-0.707106781186547,-3.14018491736755E-15,0.707106781186548));
#1918=DIRECTION('center_axis',(4.44089209850063E-15,-1.,0.));
#1919=DIRECTION('ref_axis',(0.,0.,1.));
#1920=DIRECTION('',(-1.20630005666197E-15,1.,0.));
#1921=DIRECTION('',(1.20630005666197E-15,-1.,0.));
#1922=DIRECTION('center_axis',(1.,0.,0.));
#1923=DIRECTION('ref_axis',(0.,0.,1.));
#1924=DIRECTION('center_axis',(0.,0.,-1.));
#1925=DIRECTION('ref_axis',(-0.707106781186546,-0.707106781186549,0.));
#1926=DIRECTION('center_axis',(0.,0.,1.));
#1927=DIRECTION('ref_axis',(-0.707106781186546,-0.707106781186549,0.));
#1928=DIRECTION('center_axis',(1.,-3.59586405976986E-17,0.));
#1929=DIRECTION('ref_axis',(0.,-0.707106781186549,0.707106781186546));
#1930=DIRECTION('',(-1.,3.59586405976986E-17,0.));
#1931=DIRECTION('',(1.,-3.59586405976986E-17,0.));
#1932=DIRECTION('center_axis',(0.,0.,1.));
#1933=DIRECTION('ref_axis',(-1.,0.,0.));
#1934=DIRECTION('center_axis',(0.,0.,-1.));
#1935=DIRECTION('ref_axis',(-0.707106781186547,-0.707106781186548,0.));
#1936=DIRECTION('',(-1.,0.,0.));
#1937=DIRECTION('center_axis',(0.,0.,1.));
#1938=DIRECTION('ref_axis',(-1.,0.,0.));
#1939=DIRECTION('',(0.,1.,0.));
#1940=DIRECTION('center_axis',(0.,0.,-1.));
#1941=DIRECTION('ref_axis',(-0.707106781186547,-0.707106781186548,0.));
#1942=DIRECTION('center_axis',(0.,0.,-1.));
#1943=DIRECTION('ref_axis',(-1.,0.,0.));
#1944=DIRECTION('center_axis',(1.,-3.59586405976986E-17,0.));
#1945=DIRECTION('ref_axis',(0.,-0.707106781186549,0.707106781186546));
#1946=DIRECTION('center_axis',(1.,0.,0.));
#1947=DIRECTION('ref_axis',(0.,0.,1.));
#1948=DIRECTION('',(-1.,3.59586405976986E-17,0.));
#1949=DIRECTION('',(1.,-3.59586405976986E-17,0.));
#1950=DIRECTION('center_axis',(0.,1.,0.));
#1951=DIRECTION('ref_axis',(0.,0.,1.));
#1952=DIRECTION('center_axis',(0.,0.,-1.));
#1953=DIRECTION('ref_axis',(0.707106781186548,-0.707106781186548,0.));
#1954=DIRECTION('center_axis',(0.,0.,1.));
#1955=DIRECTION('ref_axis',(0.707106781186547,-0.707106781186547,0.));
#1956=DIRECTION('center_axis',(1.36642838276754E-15,-1.,0.));
#1957=DIRECTION('ref_axis',(0.707106781186552,7.85046229341882E-16,0.707106781186543));
#1958=DIRECTION('center_axis',(0.,1.,0.));
#1959=DIRECTION('ref_axis',(-3.5527136788005E-14,0.,1.));
#1960=DIRECTION('',(1.36642838276754E-15,-1.,0.));
#1961=DIRECTION('',(-1.36642838276754E-15,1.,0.));
#1962=DIRECTION('center_axis',(0.,0.,-1.));
#1963=DIRECTION('ref_axis',(0.707106781186553,-0.707106781186542,0.));
#1964=DIRECTION('center_axis',(0.,0.,1.));
#1965=DIRECTION('ref_axis',(-1.,0.,0.));
#1966=DIRECTION('center_axis',(0.,0.,-1.));
#1967=DIRECTION('ref_axis',(0.707106781186551,-0.707106781186544,0.));
#1968=DIRECTION('',(0.,-1.,0.));
#1969=DIRECTION('center_axis',(0.,0.,1.));
#1970=DIRECTION('ref_axis',(-1.,0.,0.));
#1971=DIRECTION('',(-1.,0.,0.));
#1972=DIRECTION('center_axis',(0.,0.,-1.));
#1973=DIRECTION('ref_axis',(0.707106781186553,-0.707106781186542,0.));
#1974=DIRECTION('center_axis',(0.,0.,-1.));
#1975=DIRECTION('ref_axis',(-1.,0.,0.));
#1976=DIRECTION('center_axis',(0.,0.,-1.));
#1977=DIRECTION('ref_axis',(-0.707106781186547,0.707106781186548,0.));
#1978=DIRECTION('center_axis',(-4.2058947776249E-33,-5.03757460247664E-48,
1.));
#1979=DIRECTION('ref_axis',(-0.707106781186547,0.707106781186548,0.));
#1980=DIRECTION('',(0.,0.,-1.));
#1981=DIRECTION('center_axis',(0.,0.,1.));
#1982=DIRECTION('ref_axis',(-0.707106781186548,0.707106781186547,0.));
#1983=DIRECTION('',(0.,0.,1.));
#1984=DIRECTION('center_axis',(-4.2058947776249E-33,-5.03757460247664E-48,
1.));
#1985=DIRECTION('ref_axis',(-0.707106781186548,0.707106781186547,0.));
#1986=DIRECTION('',(0.,0.,-1.));
#1987=DIRECTION('center_axis',(0.,0.,-1.));
#1988=DIRECTION('ref_axis',(-0.707106781186547,-0.707106781186548,0.));
#1989=DIRECTION('',(0.,0.,1.));
#1990=DIRECTION('center_axis',(-4.2058947776249E-33,-5.03757460247664E-48,
1.));
#1991=DIRECTION('ref_axis',(-0.707106781186547,-0.707106781186548,0.));
#1992=DIRECTION('',(0.,0.,-1.));
#1993=DIRECTION('center_axis',(1.,1.20630005666197E-15,0.));
#1994=DIRECTION('ref_axis',(-1.20630005666197E-15,1.,-3.23530447006626E-34));
#1995=DIRECTION('',(-1.20630005666197E-15,1.,-3.59965060865649E-50));
#1996=DIRECTION('',(0.,0.,1.));
#1997=DIRECTION('',(1.20630005666197E-15,-1.,1.224646799147E-16));
#1998=DIRECTION('',(0.,0.,-1.));
#1999=DIRECTION('center_axis',(0.,0.,1.));
#2000=DIRECTION('ref_axis',(-0.707106781186547,-0.707106781186548,0.));
#2001=DIRECTION('',(0.,0.,1.));
#2002=DIRECTION('center_axis',(-4.2058947776249E-33,-5.03757460247664E-48,
1.));
#2003=DIRECTION('ref_axis',(-0.707106781186547,-0.707106781186548,0.));
#2004=DIRECTION('',(0.,0.,-1.));
#2005=DIRECTION('center_axis',(0.,0.,-1.));
#2006=DIRECTION('ref_axis',(0.707106781186552,0.707106781186543,0.));
#2007=DIRECTION('',(0.,0.,1.));
#2008=DIRECTION('center_axis',(-4.2058947776249E-33,-5.03757460247664E-48,
1.));
#2009=DIRECTION('ref_axis',(0.707106781186552,0.707106781186543,0.));
#2010=DIRECTION('',(0.,0.,-1.));
#2011=DIRECTION('center_axis',(-1.,0.,0.));
#2012=DIRECTION('ref_axis',(0.,0.707106781186548,-0.707106781186547));
#2013=DIRECTION('center_axis',(-1.,-1.36642838276754E-15,0.));
#2014=DIRECTION('ref_axis',(0.,0.707106781186548,-0.707106781186547));
#2015=DIRECTION('',(1.,0.,0.));
#2016=DIRECTION('center_axis',(-1.,-1.77635683940025E-15,0.));
#2017=DIRECTION('ref_axis',(0.,0.707106781186548,-0.707106781186547));
#2018=DIRECTION('center_axis',(0.,0.,1.));
#2019=DIRECTION('ref_axis',(0.707106781186553,0.707106781186543,0.));
#2020=DIRECTION('',(0.,0.,1.));
#2021=DIRECTION('center_axis',(-4.2058947776249E-33,-5.03757460247664E-48,
1.));
#2022=DIRECTION('ref_axis',(0.707106781186553,0.707106781186543,0.));
#2023=DIRECTION('center_axis',(0.,0.,-1.));
#2024=DIRECTION('ref_axis',(0.707106781186551,-0.707106781186544,0.));
#2025=DIRECTION('',(0.,0.,1.));
#2026=DIRECTION('center_axis',(-4.2058947776249E-33,-5.03757460247664E-48,
1.));
#2027=DIRECTION('ref_axis',(0.707106781186551,-0.707106781186544,0.));
#2028=DIRECTION('',(0.,0.,-1.));
#2029=DIRECTION('center_axis',(3.59586405976986E-17,1.,0.));
#2030=DIRECTION('ref_axis',(-1.,3.59586405976986E-17,1.99610596136995E-34));
#2031=DIRECTION('',(1.,-3.59586405976986E-17,4.2058947776249E-33));
#2032=DIRECTION('',(0.,0.,1.));
#2033=DIRECTION('',(1.,-3.59586405976986E-17,4.40366488033283E-33));
#2034=DIRECTION('',(0.,0.,-1.));
#2035=DIRECTION('center_axis',(0.,0.,1.));
#2036=DIRECTION('ref_axis',(0.707106781186553,-0.707106781186542,0.));
#2037=DIRECTION('',(0.,0.,1.));
#2038=DIRECTION('center_axis',(-4.2058947776249E-33,-5.03757460247664E-48,
1.));
#2039=DIRECTION('ref_axis',(0.707106781186553,-0.707106781186542,0.));
#2040=DIRECTION('',(0.,0.,-1.));
#2041=DIRECTION('center_axis',(-1.,-1.36642838276754E-15,0.));
#2042=DIRECTION('ref_axis',(1.36642838276754E-15,-1.,4.45680376551946E-34));
#2043=DIRECTION('',(0.,0.,1.));
#2044=DIRECTION('',(-1.36642838276754E-15,1.,-1.224646799147E-16));
#2045=DIRECTION('',(0.,0.,-1.));
#2046=DIRECTION('center_axis',(-1.,-1.36642838276754E-15,0.));
#2047=DIRECTION('ref_axis',(0.,-0.707106781186548,-0.707106781186548));
#2048=DIRECTION('',(-1.36642838276754E-15,1.,0.));
#2049=DIRECTION('center_axis',(-1.,0.,0.));
#2050=DIRECTION('ref_axis',(0.,-0.707106781186548,-0.707106781186548));
#2051=DIRECTION('center_axis',(-1.,-1.77635683940025E-15,0.));
#2052=DIRECTION('ref_axis',(0.,-0.707106781186548,-0.707106781186548));
#2053=DIRECTION('',(-1.,0.,0.));
#2054=DIRECTION('center_axis',(1.03900003339114E-39,-0.707106781186546,
-0.70710678118655));
#2055=DIRECTION('ref_axis',(-1.,0.,-1.46936793852785E-39));
#2056=DIRECTION('',(6.28036983473511E-14,0.70710678118655,-0.707106781186545));
#2057=DIRECTION('',(1.,0.,1.46936793852785E-39));
#2058=DIRECTION('',(0.,-0.70710678118655,0.707106781186545));
#2059=DIRECTION('',(-1.,0.,-1.46936793852785E-39));
#2060=DIRECTION('center_axis',(0.,0.,1.));
#2061=DIRECTION('ref_axis',(-0.707106781186546,-0.707106781186549,4.21876028609082E-17));
#2062=DIRECTION('center_axis',(1.46936793852785E-39,-1.224646799147E-16,
-1.));
#2063=DIRECTION('ref_axis',(-0.707106781186546,-0.707106781186549,0.));
#2064=DIRECTION('',(0.707106781186538,0.,-0.707106781186557));
#2065=DIRECTION('center_axis',(-1.46936793852785E-39,1.224646799147E-16,
1.));
#2066=DIRECTION('ref_axis',(-0.707106781186546,-0.707106781186549,8.65956056235245E-17));
#2067=DIRECTION('center_axis',(-0.707106781186549,-8.83614343911257E-16,
-0.707106781186547));
#2068=DIRECTION('ref_axis',(-0.707106781186547,0.,0.707106781186549));
#2069=DIRECTION('',(0.707106781186545,-9.81307786677368E-16,-0.70710678118655));
#2070=DIRECTION('',(1.127154709152E-15,-1.,1.224646799147E-16));
#2071=DIRECTION('',(-1.127154709152E-15,1.,-1.224646799147E-16));
#2072=DIRECTION('center_axis',(0.,0.,1.));
#2073=DIRECTION('ref_axis',(-0.707106781186548,0.707106781186547,-4.21876028609081E-17));
#2074=DIRECTION('center_axis',(1.46936793852785E-39,-1.224646799147E-16,
-1.));
#2075=DIRECTION('ref_axis',(-0.707106781186548,0.707106781186547,0.));
#2076=DIRECTION('',(-1.47196168001603E-15,-0.707106781186544,-0.707106781186551));
#2077=DIRECTION('center_axis',(-1.46936793852785E-39,1.224646799147E-16,
1.));
#2078=DIRECTION('ref_axis',(-0.707106781186548,0.707106781186547,-8.65956056235243E-17));
#2079=DIRECTION('center_axis',(-5.88946001672733E-17,0.707106781186547,
-0.707106781186549));
#2080=DIRECTION('ref_axis',(-1.,0.,8.32895423070986E-17));
#2081=DIRECTION('',(0.,-0.707106781186548,-0.707106781186546));
#2082=DIRECTION('',(-1.,-8.32895423070988E-17,1.02000256695128E-32));
#2083=DIRECTION('',(1.,8.32895423070988E-17,-1.02000256695128E-32));
#2084=DIRECTION('center_axis',(0.,0.,1.));
#2085=DIRECTION('ref_axis',(0.707106781186548,0.707106781186547,-4.2187602860908E-17));
#2086=DIRECTION('center_axis',(1.46936793852785E-39,-1.224646799147E-16,
-1.));
#2087=DIRECTION('ref_axis',(0.707106781186548,0.707106781186547,0.));
#2088=DIRECTION('',(-0.707106781186597,-2.45326946669319E-15,-0.707106781186498));
#2089=DIRECTION('center_axis',(-1.46936793852785E-39,1.224646799147E-16,
1.));
#2090=DIRECTION('ref_axis',(0.707106781186548,0.707106781186547,-8.65956056235243E-17));
#2091=DIRECTION('center_axis',(0.707106781186555,1.16947836132351E-15,-0.70710678118654));
#2092=DIRECTION('ref_axis',(-0.70710678118654,0.,-0.707106781186555));
#2093=DIRECTION('',(-0.70710678118654,0.,-0.707106781186555));
#2094=DIRECTION('',(-1.77635683940025E-15,1.,-1.224646799147E-16));
#2095=DIRECTION('',(1.77635683940025E-15,-1.,1.224646799147E-16));
#2096=DIRECTION('center_axis',(0.,0.,1.));
#2097=DIRECTION('ref_axis',(0.707106781186547,-0.707106781186548,4.21876028609081E-17));
#2098=DIRECTION('center_axis',(1.46936793852785E-39,-1.224646799147E-16,
-1.));
#2099=DIRECTION('ref_axis',(0.707106781186547,-0.707106781186548,0.));
#2100=DIRECTION('center_axis',(-1.46936793852785E-39,1.224646799147E-16,
1.));
#2101=DIRECTION('ref_axis',(0.707106781186547,-0.707106781186548,8.65956056235245E-17));
#2102=DIRECTION('center_axis',(0.,0.,-1.));
#2103=DIRECTION('ref_axis',(-0.707106781186548,0.707106781186547,0.));
#2104=DIRECTION('',(0.,0.,1.));
#2105=DIRECTION('center_axis',(-4.2058947776249E-33,-5.03757460247664E-48,
1.));
#2106=DIRECTION('ref_axis',(-0.707106781186548,0.707106781186547,0.));
#2107=DIRECTION('',(0.,0.,1.));
#2108=DIRECTION('center_axis',(-1.,-1.127154709152E-15,0.));
#2109=DIRECTION('ref_axis',(-1.127154709152E-15,1.,-1.224646799147E-16));
#2110=DIRECTION('',(0.,0.,1.));
#2111=DIRECTION('',(1.127154709152E-15,-1.,-2.9688049767892E-49));
#2112=DIRECTION('center_axis',(0.,0.,-1.));
#2113=DIRECTION('ref_axis',(-0.707106781186546,-0.707106781186549,0.));
#2114=DIRECTION('',(0.,0.,1.));
#2115=DIRECTION('center_axis',(-4.2058947776249E-33,-5.03757460247664E-48,
1.));
#2116=DIRECTION('ref_axis',(-0.707106781186546,-0.707106781186549,0.));
#2117=DIRECTION('center_axis',(0.,-1.,0.));
#2118=DIRECTION('ref_axis',(-1.,0.,0.));
#2119=DIRECTION('',(0.,0.,-1.));
#2120=DIRECTION('',(1.,0.,4.2058947776249E-33));
#2121=DIRECTION('center_axis',(1.46936793852785E-39,-1.224646799147E-16,
-1.));
#2122=DIRECTION('ref_axis',(-1.,-1.79945674268736E-55,-1.46936793852785E-39));
#2123=DIRECTION('',(1.,2.8092687966952E-17,-3.44036057044838E-33));
#2124=DIRECTION('center_axis',(1.46936793852785E-39,-1.224646799147E-16,
-1.));
#2125=DIRECTION('ref_axis',(-0.707106781186548,0.707106781186547,-8.65956056235243E-17));
#2126=DIRECTION('',(-1.20630005666197E-15,1.,-1.224646799147E-16));
#2127=DIRECTION('center_axis',(1.46936793852785E-39,-1.224646799147E-16,
-1.));
#2128=DIRECTION('ref_axis',(-0.707106781186546,-0.707106781186549,8.65956056235245E-17));
#2129=DIRECTION('',(-1.,3.59586405976986E-17,-4.40366488033283E-33));
#2130=DIRECTION('center_axis',(1.46936793852785E-39,-1.224646799147E-16,
-1.));
#2131=DIRECTION('ref_axis',(0.707106781186549,-0.707106781186546,8.65956056235241E-17));
#2132=DIRECTION('',(1.36642838276754E-15,-1.,1.224646799147E-16));
#2133=DIRECTION('center_axis',(1.46936793852785E-39,-1.224646799147E-16,
-1.));
#2134=DIRECTION('ref_axis',(0.707106781186541,0.707106781186554,-8.65956056235252E-17));
#2135=DIRECTION('center_axis',(1.,0.,0.));
#2136=DIRECTION('ref_axis',(-6.65643988471923E-16,0.707106781186547,0.707106781186548));
#2137=DIRECTION('',(-0.707106781186542,0.,-0.707106781186553));
#2138=DIRECTION('center_axis',(-1.,-1.77635683940025E-15,0.));
#2139=DIRECTION('ref_axis',(0.,0.707106781186547,0.707106781186548));
#2140=DIRECTION('',(0.70710678118654,0.707106781186555,0.));
#2141=DIRECTION('center_axis',(1.,1.77635683940025E-15,0.));
#2142=DIRECTION('ref_axis',(-1.25607396694702E-15,0.707106781186547,0.707106781186548));
#2143=DIRECTION('center_axis',(0.707106781186493,1.14295491372762E-15,-0.707106781186603));
#2144=DIRECTION('ref_axis',(-0.707106781186602,0.,-0.707106781186493));
#2145=DIRECTION('',(1.77635683940025E-15,-1.,1.59974499225527E-16));
#2146=DIRECTION('',(-0.707106781186602,0.,-0.707106781186493));
#2147=DIRECTION('',(-1.77635683940025E-15,1.,-1.59974499225527E-16));
#2148=DIRECTION('center_axis',(1.,0.,0.));
#2149=DIRECTION('ref_axis',(6.65643988471924E-16,-0.707106781186547,0.707106781186548));
#2150=DIRECTION('',(-0.707106781186661,0.707106781186434,0.));
#2151=DIRECTION('center_axis',(-1.,-1.77635683940025E-15,0.));
#2152=DIRECTION('ref_axis',(0.,-0.707106781186547,0.707106781186548));
#2153=DIRECTION('center_axis',(1.,1.77635683940025E-15,0.));
#2154=DIRECTION('ref_axis',(1.25607396694702E-15,-0.707106781186547,0.707106781186548));
#2155=DIRECTION('center_axis',(0.707106781186555,0.70710678118654,0.));
#2156=DIRECTION('ref_axis',(0.,0.,-1.));
#2157=DIRECTION('',(0.,0.,-1.));
#2158=DIRECTION('',(-0.70710678118654,0.707106781186555,0.));
#2159=DIRECTION('center_axis',(1.,0.,0.));
#2160=DIRECTION('ref_axis',(6.65643988471924E-16,-0.707106781186548,-0.707106781186548));
#2161=DIRECTION('',(-0.707106781186664,0.,0.707106781186431));
#2162=DIRECTION('center_axis',(1.,1.77635683940025E-15,0.));
#2163=DIRECTION('ref_axis',(1.25607396694702E-15,-0.707106781186547,-0.707106781186547));
#2164=DIRECTION('center_axis',(0.707106781186493,1.25607396694692E-15,0.707106781186602));
#2165=DIRECTION('ref_axis',(0.707106781186602,0.,-0.707106781186493));
#2166=DIRECTION('',(-1.77635683940025E-15,1.,0.));
#2167=DIRECTION('',(-0.707106781186602,0.,0.707106781186493));
#2168=DIRECTION('',(1.77635683940025E-15,-1.,0.));
#2169=DIRECTION('center_axis',(1.,0.,0.));
#2170=DIRECTION('ref_axis',(-6.65643988471924E-16,0.707106781186548,-0.707106781186547));
#2171=DIRECTION('',(-0.707106781186542,-0.707106781186553,0.));
#2172=DIRECTION('center_axis',(1.,1.77635683940025E-15,0.));
#2173=DIRECTION('ref_axis',(-1.25607396694702E-15,0.707106781186548,-0.707106781186547));
#2174=DIRECTION('center_axis',(0.707106781186618,-0.707106781186477,0.));
#2175=DIRECTION('ref_axis',(0.,0.,-1.));
#2176=DIRECTION('',(0.,0.,1.));
#2177=DIRECTION('center_axis',(0.,0.,-1.));
#2178=DIRECTION('ref_axis',(0.,-1.,0.));
#2179=DIRECTION('center_axis',(-1.,0.,0.));
#2180=DIRECTION('ref_axis',(0.,0.707106781186547,0.707106781186548));
#2181=DIRECTION('',(-1.,0.,0.));
#2182=DIRECTION('center_axis',(-1.,-1.36642838276754E-15,0.));
#2183=DIRECTION('ref_axis',(0.,0.707106781186547,0.707106781186548));
#2184=DIRECTION('center_axis',(1.,1.77635683940025E-15,0.));
#2185=DIRECTION('ref_axis',(1.77635683940025E-15,-1.,1.224646799147E-16));
#2186=DIRECTION('',(0.,0.,-1.));
#2187=DIRECTION('',(-1.77635683940025E-15,1.,-2.43359535155514E-48));
#2188=DIRECTION('',(0.,0.,1.));
#2189=DIRECTION('center_axis',(0.,1.,0.));
#2190=DIRECTION('ref_axis',(-1.,0.,0.));
#2191=DIRECTION('',(0.,0.,1.));
#2192=DIRECTION('',(-1.,0.,-4.2058947776249E-33));
#2193=DIRECTION('center_axis',(-1.,-1.36642838276754E-15,0.));
#2194=DIRECTION('ref_axis',(1.36642838276754E-15,-1.,4.45680376551946E-34));
#2195=DIRECTION('',(1.36642838276754E-15,-1.,7.09479396603809E-49));
#2196=DIRECTION('',(1.36642838276754E-15,-1.,1.59974499225527E-16));
#2197=DIRECTION('center_axis',(-1.,-1.36642838276754E-15,0.));
#2198=DIRECTION('ref_axis',(0.,-0.707106781186547,0.707106781186548));
#2199=DIRECTION('center_axis',(-1.,0.,0.));
#2200=DIRECTION('ref_axis',(0.,-1.,0.));
#2201=DIRECTION('',(0.,0.,1.));
#2202=DIRECTION('',(0.,-1.,-5.03757460247664E-48));
#2203=DIRECTION('center_axis',(1.,0.,0.));
#2204=DIRECTION('ref_axis',(0.,1.,0.));
#2205=DIRECTION('',(0.,0.,1.));
#2206=DIRECTION('',(0.,1.,5.03757460247664E-48));
#2207=DIRECTION('center_axis',(0.,-1.,0.));
#2208=DIRECTION('ref_axis',(1.,0.,0.));
#2209=DIRECTION('',(0.,0.,1.));
#2210=DIRECTION('',(1.,0.,4.2058947776249E-33));
#2211=DIRECTION('center_axis',(1.98645301631895E-17,-0.707106781186547,
-0.707106781186548));
#2212=DIRECTION('ref_axis',(-1.,0.,-2.8092687966952E-17));
#2213=DIRECTION('',(-1.17756934401283E-15,0.707106781186548,-0.707106781186547));
#2214=DIRECTION('',(0.,-0.707106781186548,0.707106781186547));
#2215=DIRECTION('center_axis',(0.,-1.85037170770859E-16,-1.));
#2216=DIRECTION('ref_axis',(-0.707106781186548,0.707106781186547,-5.51062926588412E-17));
#2217=DIRECTION('center_axis',(-1.46936793852785E-39,1.224646799147E-16,
1.));
#2218=DIRECTION('ref_axis',(-0.707106781186548,0.707106781186547,0.));
#2219=DIRECTION('',(-0.707106781186547,-9.15887267565534E-16,-0.707106781186548));
#2220=DIRECTION('center_axis',(0.707106781186545,7.66387344587868E-16,-0.707106781186551));
#2221=DIRECTION('ref_axis',(-0.707106781186551,0.,-0.707106781186545));
#2222=DIRECTION('',(-0.707106781186551,0.,-0.707106781186545));
#2223=DIRECTION('center_axis',(0.,0.,-1.));
#2224=DIRECTION('ref_axis',(-0.707106781186546,-0.707106781186549,5.51062926588414E-17));
#2225=DIRECTION('center_axis',(-1.46936793852785E-39,1.224646799147E-16,
1.));
#2226=DIRECTION('ref_axis',(-0.707106781186546,-0.707106781186549,0.));
#2227=DIRECTION('',(-1.96261557335472E-16,-0.707106781186549,-0.707106781186546));
#2228=DIRECTION('center_axis',(2.54265986088825E-17,0.707106781186546,-0.707106781186549));
#2229=DIRECTION('ref_axis',(-1.,0.,-3.59586405976985E-17));
#2230=DIRECTION('',(0.,-0.707106781186549,-0.707106781186546));
#2231=DIRECTION('center_axis',(0.,0.,-1.));
#2232=DIRECTION('ref_axis',(0.707106781186549,-0.707106781186546,5.5106292658841E-17));
#2233=DIRECTION('center_axis',(-1.46936793852785E-39,1.224646799147E-16,
1.));
#2234=DIRECTION('ref_axis',(0.707106781186549,-0.707106781186546,0.));
#2235=DIRECTION('',(0.707106781186545,0.,-0.70710678118655));
#2236=DIRECTION('center_axis',(-0.707106781186559,-1.05280638108424E-15,
-0.707106781186536));
#2237=DIRECTION('ref_axis',(-0.707106781186536,0.,0.707106781186559));
#2238=DIRECTION('',(0.707106781186536,1.0467283057892E-15,-0.707106781186559));
#2239=DIRECTION('center_axis',(0.,-1.85037170770859E-16,-1.));
#2240=DIRECTION('ref_axis',(0.707106781186541,0.707106781186554,-5.51062926588418E-17));
#2241=DIRECTION('center_axis',(-1.46936793852785E-39,1.224646799147E-16,
1.));
#2242=DIRECTION('ref_axis',(0.707106781186541,0.707106781186554,0.));
#2243=DIRECTION('center_axis',(0.,0.,1.));
#2244=DIRECTION('ref_axis',(-0.707106781186546,-0.707106781186549,0.));
#2245=DIRECTION('center_axis',(0.,0.,1.));
#2246=DIRECTION('ref_axis',(-0.707106781186548,0.707106781186547,0.));
#2247=DIRECTION('center_axis',(0.,1.59974499225527E-16,1.));
#2248=DIRECTION('ref_axis',(-4.95325690964959E-48,1.,-1.59974499225527E-16));
#2249=DIRECTION('',(1.,0.,0.));
#2250=DIRECTION('center_axis',(1.,0.,0.));
#2251=DIRECTION('ref_axis',(0.,-0.707106781186547,0.707106781186548));
#2252=DIRECTION('center_axis',(0.,0.,-1.));
#2253=DIRECTION('ref_axis',(0.707106781186541,0.707106781186554,0.));
#2254=DIRECTION('center_axis',(0.,0.,-1.));
#2255=DIRECTION('ref_axis',(0.707106781186549,-0.707106781186546,0.));
#2256=DIRECTION('center_axis',(-4.2058947776249E-33,-5.03757460247664E-48,
1.));
#2257=DIRECTION('ref_axis',(-1.,0.,-4.2058947776249E-33));
#2258=DIRECTION('center_axis',(-4.2058947776249E-33,-5.03757460247664E-48,
1.));
#2259=DIRECTION('ref_axis',(0.707106781186547,-0.707106781186548,0.));
#2260=DIRECTION('center_axis',(-4.2058947776249E-33,-5.03757460247664E-48,
1.));
#2261=DIRECTION('ref_axis',(0.707106781186548,0.707106781186547,0.));
#2262=DIRECTION('',(-1.,-8.32895423070988E-17,-4.2058947776249E-33));
#2263=DIRECTION('center_axis',(-4.2058947776249E-33,-5.03757460247664E-48,
1.));
#2264=DIRECTION('ref_axis',(-1.,0.,0.));
#2265=DIRECTION('',(0.,1.,5.03757460247664E-48));
#2266=DIRECTION('center_axis',(-4.2058947776249E-33,-5.03757460247664E-48,
1.));
#2267=DIRECTION('ref_axis',(-1.,0.,0.));
#2268=DIRECTION('',(1.,0.,4.2058947776249E-33));
#2269=DIRECTION('center_axis',(-4.2058947776249E-33,-5.03757460247664E-48,
1.));
#2270=DIRECTION('ref_axis',(-1.,0.,0.));
#2271=DIRECTION('',(0.,-1.,-5.03757460247664E-48));
#2272=DIRECTION('center_axis',(-4.2058947776249E-33,-5.03757460247664E-48,
1.));
#2273=DIRECTION('ref_axis',(-1.,0.,0.));
#2274=DIRECTION('',(-1.,0.,-4.2058947776249E-33));
#2275=DIRECTION('center_axis',(-4.2058947776249E-33,-5.03757460247664E-48,
1.));
#2276=DIRECTION('ref_axis',(-1.,0.,0.));
#2277=DIRECTION('center_axis',(-4.2058947776249E-33,-5.03757460247664E-48,
1.));
#2278=DIRECTION('ref_axis',(-1.,0.,0.));
#2279=DIRECTION('center_axis',(-4.2058947776249E-33,-5.03757460247664E-48,
1.));
#2280=DIRECTION('ref_axis',(-1.,0.,0.));
#2281=DIRECTION('center_axis',(-4.2058947776249E-33,-5.03757460247664E-48,
1.));
#2282=DIRECTION('ref_axis',(-1.,0.,0.));
#2283=DIRECTION('center_axis',(0.,-1.,0.));
#2284=DIRECTION('ref_axis',(1.,0.,0.));
#2285=DIRECTION('',(0.,0.,1.));
#2286=DIRECTION('center_axis',(0.,0.,1.));
#2287=DIRECTION('ref_axis',(-1.,0.,0.));
#2288=DIRECTION('center_axis',(1.,0.,0.));
#2289=DIRECTION('ref_axis',(0.,1.,0.));
#2290=DIRECTION('',(0.,0.,1.));
#2291=DIRECTION('center_axis',(0.,0.,1.));
#2292=DIRECTION('ref_axis',(-1.,0.,0.));
#2293=DIRECTION('center_axis',(-8.32895423070988E-17,1.,0.));
#2294=DIRECTION('ref_axis',(1.,8.32895423070988E-17,-1.02000271388807E-32));
#2295=DIRECTION('',(0.,0.,1.));
#2296=DIRECTION('center_axis',(0.,0.,1.));
#2297=DIRECTION('ref_axis',(0.707106781186548,0.707106781186547,0.));
#2298=DIRECTION('center_axis',(0.,0.,-1.));
#2299=DIRECTION('ref_axis',(0.707106781186547,-0.707106781186548,0.));
#2300=DIRECTION('center_axis',(0.,0.,1.));
#2301=DIRECTION('ref_axis',(-1.,0.,0.));
#2302=DIRECTION('',(0.,0.,-1.));
#2303=DIRECTION('center_axis',(0.,0.,1.));
#2304=DIRECTION('ref_axis',(-1.,0.,0.));
#2305=DIRECTION('',(0.,0.,-1.));
#2306=DIRECTION('center_axis',(0.,0.,1.));
#2307=DIRECTION('ref_axis',(-1.,0.,0.));
#2308=DIRECTION('',(0.,0.,-1.));
#2309=DIRECTION('center_axis',(-1.,0.,0.));
#2310=DIRECTION('ref_axis',(0.,-1.,0.));
#2311=DIRECTION('',(0.,0.,1.));
#2312=DIRECTION('center_axis',(0.,0.,1.));
#2313=DIRECTION('ref_axis',(-1.,0.,0.));
#2314=DIRECTION('center_axis',(0.,0.,1.));
#2315=DIRECTION('ref_axis',(-1.,0.,0.));
#2316=DIRECTION('',(0.,0.,-1.));
#2317=DIRECTION('center_axis',(0.,1.,0.));
#2318=DIRECTION('ref_axis',(-1.,0.,0.));
#2319=DIRECTION('',(0.,0.,1.));
#2320=DIRECTION('center_axis',(0.,0.,1.));
#2321=DIRECTION('ref_axis',(0.70710678544342,0.707106776929675,0.));
#2322=CARTESIAN_POINT('',(0.,0.,0.));
#2323=CARTESIAN_POINT('Origin',(254.,-9.16000000000045,3.71));
#2324=CARTESIAN_POINT('',(252.,-9.16000001330867,3.08990468778679));
#2325=CARTESIAN_POINT('',(251.950999743721,-9.16000000000045,3.51));
#2326=CARTESIAN_POINT('Ctrl Pts',(252.,-9.16000000000045,3.08990468778678));
#2327=CARTESIAN_POINT('Ctrl Pts',(251.999999999133,-9.16000000000045,3.15565421231519));
#2328=CARTESIAN_POINT('Ctrl Pts',(251.996308531316,-9.16000000000051,3.22154873312087));
#2329=CARTESIAN_POINT('Ctrl Pts',(251.984447565603,-9.16000000000051,3.33007912590309));
#2330=CARTESIAN_POINT('Ctrl Pts',(251.978208814094,-9.16000000000049,3.37314564071385));
#2331=CARTESIAN_POINT('Ctrl Pts',(251.964805218906,-9.16000000000049,3.44741109245246));
#2332=CARTESIAN_POINT('Ctrl Pts',(251.958303572393,-9.16000000000046,3.47881185443025));
#2333=CARTESIAN_POINT('Ctrl Pts',(251.950999743721,-9.16000000000046,3.51));
#2334=CARTESIAN_POINT('',(252.,-9.16000000000045,2.51));
#2335=CARTESIAN_POINT('',(252.,-9.16000000000045,-0.887499999999999));
#2336=CARTESIAN_POINT('',(253.8,-9.16000000000045,2.51));
#2337=CARTESIAN_POINT('',(254.,-9.16000000000045,2.51));
#2338=CARTESIAN_POINT('',(253.8,-9.16000000000045,3.51));
#2339=CARTESIAN_POINT('',(253.8,-9.16000000000045,-0.887500000000001));
#2340=CARTESIAN_POINT('',(254.,-9.16000000000045,3.51));
#2341=CARTESIAN_POINT('Origin',(254.,-18.8400000000005,2.51));
#2342=CARTESIAN_POINT('',(251.950999743721,-18.8400000000005,3.51));
#2343=CARTESIAN_POINT('',(252.,-18.8399999866922,3.08990468778591));
#2344=CARTESIAN_POINT('Ctrl Pts',(251.950999743721,-18.8400000000005,3.51));
#2345=CARTESIAN_POINT('Ctrl Pts',(251.961977441439,-18.8400000000005,3.46312403263777));
#2346=CARTESIAN_POINT('Ctrl Pts',(251.971149003575,-18.8400000000005,3.41574234649634));
#2347=CARTESIAN_POINT('Ctrl Pts',(251.992616371533,-18.8400000000005,3.27629348830419));
#2348=CARTESIAN_POINT('Ctrl Pts',(251.999999998775,-18.8400000000005,3.18288020670451));
#2349=CARTESIAN_POINT('Ctrl Pts',(252.,-18.8400000000005,3.0899046877859));
#2350=CARTESIAN_POINT('',(253.8,-18.8400000000005,3.51));
#2351=CARTESIAN_POINT('',(254.,-18.8400000000005,3.51));
#2352=CARTESIAN_POINT('',(253.8,-18.8400000000005,2.51));
#2353=CARTESIAN_POINT('',(253.8,-18.8400000000005,-1.4875));
#2354=CARTESIAN_POINT('',(252.,-18.8400000000005,2.51));
#2355=CARTESIAN_POINT('',(254.,-18.8400000000005,2.51));
#2356=CARTESIAN_POINT('',(252.,-18.8400000000005,-1.4875));
#2357=CARTESIAN_POINT('Origin',(251.,-2.50000021295484,2.51));
#2358=CARTESIAN_POINT('',(252.,-7.86794919243111,2.51));
#2359=CARTESIAN_POINT('',(251.,-7.86794919243111,3.51));
#2360=CARTESIAN_POINT('Origin',(251.,-7.86794919243111,2.51));
#2361=CARTESIAN_POINT('',(251.,-1.75000042591005,3.51));
#2362=CARTESIAN_POINT('',(251.,-2.50000021295484,3.51));
#2363=CARTESIAN_POINT('',(252.,-1.75000042591005,2.51));
#2364=CARTESIAN_POINT('Origin',(251.,-1.75000042591005,2.51));
#2365=CARTESIAN_POINT('',(252.,-2.50000021295484,2.51));
#2366=CARTESIAN_POINT('Ctrl Pts',(252.,-1.75000042591005,2.51));
#2367=CARTESIAN_POINT('Ctrl Pts',(252.,0.249999999999982,2.51));
#2368=CARTESIAN_POINT('Ctrl Pts',(249.99999957409,0.249999999999984,2.51));
#2369=CARTESIAN_POINT('Ctrl Pts',(252.,-1.75000042591005,3.51000000000001));
#2370=CARTESIAN_POINT('Ctrl Pts',(252.,0.249999999999982,3.51000000000001));
#2371=CARTESIAN_POINT('Ctrl Pts',(249.99999957409,0.249999999999984,3.51000000000001));
#2372=CARTESIAN_POINT('Ctrl Pts',(251.,-1.75000042591005,3.51));
#2373=CARTESIAN_POINT('Ctrl Pts',(251.,-0.750000000000031,3.51));
#2374=CARTESIAN_POINT('Ctrl Pts',(249.99999957409,-0.75000000000003,3.51));
#2375=CARTESIAN_POINT('',(249.99999957409,-0.750000000000016,3.51));
#2376=CARTESIAN_POINT('',(249.99999957409,0.249999999999984,2.51));
#2377=CARTESIAN_POINT('Origin',(249.99999957409,-0.750000000000016,2.51));
#2378=CARTESIAN_POINT('Origin',(249.99999957409,-1.75000042591005,2.51));
#2379=CARTESIAN_POINT('Origin',(249.99999957409,-1.75000042591005,3.51));
#2380=CARTESIAN_POINT('Origin',(2.50000021295501,-0.750000000000023,2.51));
#2381=CARTESIAN_POINT('',(244.132050807569,-0.750000000000016,3.51));
#2382=CARTESIAN_POINT('',(242.4,0.249999999999984,2.51));
#2383=CARTESIAN_POINT('Ctrl Pts',(244.132050807569,-0.750000000000016,3.51));
#2384=CARTESIAN_POINT('Ctrl Pts',(244.056483019005,-0.619112750791775,3.51));
#2385=CARTESIAN_POINT('Ctrl Pts',(243.96058684613,-0.489509957866194,3.48316180584401));
#2386=CARTESIAN_POINT('Ctrl Pts',(243.746595326357,-0.263074562819435,3.39193121103717));
#2387=CARTESIAN_POINT('Ctrl Pts',(243.628564316228,-0.166001355998048,3.32798580248774));
#2388=CARTESIAN_POINT('Ctrl Pts',(243.350657449149,0.020850899829466,3.16395182806102));
#2389=CARTESIAN_POINT('Ctrl Pts',(243.162922608083,0.109632797956897,3.04066959930043));
#2390=CARTESIAN_POINT('Ctrl Pts',(242.778181861138,0.224148702119092,2.77760692545824));
#2391=CARTESIAN_POINT('Ctrl Pts',(242.58106849942,0.249999999999984,2.6380347637988));
#2392=CARTESIAN_POINT('Ctrl Pts',(242.4,0.249999999999984,2.51));
#2393=CARTESIAN_POINT('',(2.50000021295501,0.249999999999977,2.51));
#2394=CARTESIAN_POINT('',(2.50000021295501,-0.750000000000023,3.51));
#2395=CARTESIAN_POINT('Ctrl Pts',(251.,-7.86794919243111,3.51));
#2396=CARTESIAN_POINT('Ctrl Pts',(251.008936941609,-7.87310893807473,3.51));
#2397=CARTESIAN_POINT('Ctrl Pts',(251.027251923612,-7.88387822826671,3.51));
#2398=CARTESIAN_POINT('Ctrl Pts',(251.065476484251,-7.9071841668379,3.51));
#2399=CARTESIAN_POINT('Ctrl Pts',(251.137188570124,-7.95348725527567,3.51));
#2400=CARTESIAN_POINT('Ctrl Pts',(251.295537543185,-8.06840271782431,3.51));
#2401=CARTESIAN_POINT('Ctrl Pts',(251.509747566409,-8.26917678691737,3.51));
#2402=CARTESIAN_POINT('Ctrl Pts',(251.772999992205,-8.64070501033944,3.51));
#2403=CARTESIAN_POINT('Ctrl Pts',(251.901112015622,-8.93879330741525,3.51));
#2404=CARTESIAN_POINT('Ctrl Pts',(251.950999743721,-9.16000000000061,3.51));
#2405=CARTESIAN_POINT('Ctrl Pts',(251.299199300342,-7.86794919243111,3.51));
#2406=CARTESIAN_POINT('Ctrl Pts',(251.306425633346,-7.87305946886466,3.50724434103297));
#2407=CARTESIAN_POINT('Ctrl Pts',(251.321171617513,-7.88398471249581,3.50173173151641));
#2408=CARTESIAN_POINT('Ctrl Pts',(251.35163510547,-7.90860665355066,3.490652369346));
#2409=CARTESIAN_POINT('Ctrl Pts',(251.407881632094,-7.95973855739412,3.47164216513813));
#2410=CARTESIAN_POINT('Ctrl Pts',(251.528466325083,-8.09299326627883,3.43731397349548));
#2411=CARTESIAN_POINT('Ctrl Pts',(251.681113960858,-8.32391383388531,3.4176546183074));
#2412=CARTESIAN_POINT('Ctrl Pts',(251.856980895269,-8.71074235715531,3.42523178300395));
#2413=CARTESIAN_POINT('Ctrl Pts',(251.938325363303,-8.99568425892489,3.44931043453679));
#2414=CARTESIAN_POINT('Ctrl Pts',(251.969512546736,-9.19949779761739,3.46898540374764));
#2415=CARTESIAN_POINT('Ctrl Pts',(251.816975787248,-7.86794919243111,3.25868401277413));
#2416=CARTESIAN_POINT('Ctrl Pts',(251.819152472235,-7.87701059671108,3.25443486874481));
#2417=CARTESIAN_POINT('Ctrl Pts',(251.823564269004,-7.89587796759782,3.24615277581726));
#2418=CARTESIAN_POINT('Ctrl Pts',(251.83259535478,-7.93644605032941,3.23063093104177));
#2419=CARTESIAN_POINT('Ctrl Pts',(251.848978975333,-8.01531720643856,3.20670965516749));
#2420=CARTESIAN_POINT('Ctrl Pts',(251.883044770665,-8.20053252783943,3.17477892343965));
#2421=CARTESIAN_POINT('Ctrl Pts',(251.923139953789,-8.46905617600977,3.18616410365316));
#2422=CARTESIAN_POINT('Ctrl Pts',(251.96679824706,-8.85135886665376,3.26192771704026));
#2423=CARTESIAN_POINT('Ctrl Pts',(251.98566753329,-9.10031764409658,3.33775184086656));
#2424=CARTESIAN_POINT('Ctrl Pts',(251.992933440926,-9.27064199761842,3.39510911659232));
#2425=CARTESIAN_POINT('Ctrl Pts',(252.,-7.86794919243112,2.73439947525641));
#2426=CARTESIAN_POINT('Ctrl Pts',(251.999976955555,-7.88512174771243,2.73313383119297));
#2427=CARTESIAN_POINT('Ctrl Pts',(251.999939834604,-7.91973766490368,2.73134148936334));
#2428=CARTESIAN_POINT('Ctrl Pts',(251.999861413497,-7.9897707768683,2.73067962353326));
#2429=CARTESIAN_POINT('Ctrl Pts',(251.999756066155,-8.11464787771196,2.73730615218386));
#2430=CARTESIAN_POINT('Ctrl Pts',(251.999601985218,-8.36734874337461,2.78013046201115));
#2431=CARTESIAN_POINT('Ctrl Pts',(251.999720501026,-8.65568625603396,2.89064878503962));
#2432=CARTESIAN_POINT('Ctrl Pts',(251.999695425655,-9.0058693697329,3.08296927659648));
#2433=CARTESIAN_POINT('Ctrl Pts',(252.000001290221,-9.20882445343756,3.22210825026457));
#2434=CARTESIAN_POINT('Ctrl Pts',(252.,-9.34332490771413,3.3196350296332));
#2435=CARTESIAN_POINT('Ctrl Pts',(252.,-7.86794919243112,2.51));
#2436=CARTESIAN_POINT('Ctrl Pts',(252.,-7.8885881750056,2.51));
#2437=CARTESIAN_POINT('Ctrl Pts',(252.,-7.92993535026254,2.51096575272717));
#2438=CARTESIAN_POINT('Ctrl Pts',(252.,-8.012566004051,2.51662089129712));
#2439=CARTESIAN_POINT('Ctrl Pts',(252.,-8.1571217817388,2.53625551253343));
#2440=CARTESIAN_POINT('Ctrl Pts',(252.,-8.43872732896279,2.61095700125901));
#2441=CARTESIAN_POINT('Ctrl Pts',(252.,-8.73561755652453,2.76392282729112));
#2442=CARTESIAN_POINT('Ctrl Pts',(252.,-9.07208342744022,3.00614605262677));
#2443=CARTESIAN_POINT('Ctrl Pts',(252.,-9.2553266372049,3.17254748397783));
#2444=CARTESIAN_POINT('Ctrl Pts',(252.,-9.37447459877152,3.28728912481844));
#2445=CARTESIAN_POINT('Origin',(250.,-9.6,3.51));
#2446=CARTESIAN_POINT('Ctrl Pts',(252.,-7.86794919243112,2.51));
#2447=CARTESIAN_POINT('Ctrl Pts',(252.,-7.8885881750056,2.51));
#2448=CARTESIAN_POINT('Ctrl Pts',(252.,-7.92993535026254,2.51096575272717));
#2449=CARTESIAN_POINT('Ctrl Pts',(252.,-8.012566004051,2.51662089129712));
#2450=CARTESIAN_POINT('Ctrl Pts',(252.,-8.1571217817388,2.53625551253343));
#2451=CARTESIAN_POINT('Ctrl Pts',(252.,-8.43872732896279,2.61095700125901));
#2452=CARTESIAN_POINT('Ctrl Pts',(252.,-8.73561755652453,2.76392282729112));
#2453=CARTESIAN_POINT('Ctrl Pts',(252.,-8.99291563408239,2.94915281822337));
#2454=CARTESIAN_POINT('Ctrl Pts',(252.,-9.10874167107774,3.04527747797868));
#2455=CARTESIAN_POINT('Ctrl Pts',(252.,-9.16001399574563,3.08988858109897));
#2456=CARTESIAN_POINT('Origin',(1.00000042591002,0.249999999999977,-5.485));
#2457=CARTESIAN_POINT('',(242.4,0.249999999999984,7.185));
#2458=CARTESIAN_POINT('',(242.4,0.249999999999984,-1.9875));
#2459=CARTESIAN_POINT('',(9.6,0.249999999999978,7.185));
#2460=CARTESIAN_POINT('',(62.750000212955,0.249999999999979,7.185));
#2461=CARTESIAN_POINT('',(9.6,0.249999999999977,2.51));
#2462=CARTESIAN_POINT('',(9.6,0.249999999999977,-1.9875));
#2463=CARTESIAN_POINT('',(1.00000042591002,0.249999999999977,2.51));
#2464=CARTESIAN_POINT('',(2.50000021295501,0.249999999999977,2.51));
#2465=CARTESIAN_POINT('',(1.00000042591002,0.249999999999977,-5.985));
#2466=CARTESIAN_POINT('',(1.00000042591002,0.249999999999977,-5.485));
#2467=CARTESIAN_POINT('',(249.99999957409,0.249999999999984,-5.985));
#2468=CARTESIAN_POINT('',(63.500000212955,0.249999999999979,-5.985));
#2469=CARTESIAN_POINT('',(249.99999957409,0.249999999999984,-5.485));
#2470=CARTESIAN_POINT('Origin',(4.,-4.,3.51));
#2471=CARTESIAN_POINT('',(250.,-7.6,3.51));
#2472=CARTESIAN_POINT('Origin',(250.,-9.6,3.51));
#2473=CARTESIAN_POINT('',(248.,-7.6,3.51));
#2474=CARTESIAN_POINT('',(126.,-7.6,3.51));
#2475=CARTESIAN_POINT('',(244.4,-4.,3.51));
#2476=CARTESIAN_POINT('Origin',(248.,-4.,3.51));
#2477=CARTESIAN_POINT('',(244.4,-1.75000000000002,3.51));
#2478=CARTESIAN_POINT('',(244.4,-2.2,3.51));
#2479=CARTESIAN_POINT('Origin',(242.4,-1.75000000000002,3.51));
#2480=CARTESIAN_POINT('',(249.7,-4.,3.51));
#2481=CARTESIAN_POINT('Origin',(248.,-4.,3.51));
#2482=CARTESIAN_POINT('Origin',(2.50000021295501,-0.750000000000023,2.51));
#2483=CARTESIAN_POINT('',(1.00000042591002,-0.750000000000023,3.51));
#2484=CARTESIAN_POINT('Origin',(1.00000042591002,-0.750000000000023,2.51));
#2485=CARTESIAN_POINT('',(7.86794919243112,-0.750000000000023,3.51));
#2486=CARTESIAN_POINT('Ctrl Pts',(9.6,0.249999999999977,2.51));
#2487=CARTESIAN_POINT('Ctrl Pts',(9.41893150058051,0.249999999999977,2.6380347637988));
#2488=CARTESIAN_POINT('Ctrl Pts',(9.22181813886171,0.224148702119083,2.77760692545824));
#2489=CARTESIAN_POINT('Ctrl Pts',(8.83707739191734,0.10963279795689,3.04066959930044));
#2490=CARTESIAN_POINT('Ctrl Pts',(8.64934255085054,0.0208508998294624,3.16395182806101));
#2491=CARTESIAN_POINT('Ctrl Pts',(8.37143568377216,-0.166001355998052,3.32798580248774));
#2492=CARTESIAN_POINT('Ctrl Pts',(8.25340467364327,-0.26307456281941,3.39193121103716));
#2493=CARTESIAN_POINT('Ctrl Pts',(8.03941315387014,-0.489509957866176,3.483161805844));
#2494=CARTESIAN_POINT('Ctrl Pts',(7.94351698099499,-0.61911275079178,3.51));
#2495=CARTESIAN_POINT('Ctrl Pts',(7.86794919243112,-0.750000000000022,3.51));
#2496=CARTESIAN_POINT('',(2.50000021295501,-0.750000000000023,3.51));
#2497=CARTESIAN_POINT('Ctrl Pts',(1.00000042591002,0.249999999999976,2.51));
#2498=CARTESIAN_POINT('Ctrl Pts',(-1.,0.249999999999977,2.51));
#2499=CARTESIAN_POINT('Ctrl Pts',(-1.,-1.75000042591004,2.51));
#2500=CARTESIAN_POINT('Ctrl Pts',(1.00000042591002,0.249999999999976,3.51));
#2501=CARTESIAN_POINT('Ctrl Pts',(-1.,0.249999999999977,3.51));
#2502=CARTESIAN_POINT('Ctrl Pts',(-1.,-1.75000042591004,3.51));
#2503=CARTESIAN_POINT('Ctrl Pts',(1.00000042591002,-0.750000000000024,3.51));
#2504=CARTESIAN_POINT('Ctrl Pts',(-2.63677968348475E-15,-0.750000000000023,
3.51));
#2505=CARTESIAN_POINT('Ctrl Pts',(-1.94289029309402E-15,-1.75000042591004,
3.51));
#2506=CARTESIAN_POINT('',(-2.28983498828939E-15,-1.75000042591004,3.51));
#2507=CARTESIAN_POINT('',(-1.,-1.75000042591005,2.51));
#2508=CARTESIAN_POINT('Origin',(-2.28983498828939E-15,-1.75000042591004,
2.51));
#2509=CARTESIAN_POINT('Origin',(1.00000042591002,-1.75000042591004,2.51));
#2510=CARTESIAN_POINT('Origin',(1.00000042591002,-1.75000042591004,3.51));
#2511=CARTESIAN_POINT('Origin',(1.4432899320127E-14,-15.499999787045,2.51));
#2512=CARTESIAN_POINT('',(5.12707667275177E-15,-7.86794919243112,3.51));
#2513=CARTESIAN_POINT('',(-0.999999999999992,-9.6,2.51));
#2514=CARTESIAN_POINT('Ctrl Pts',(5.99346960949987E-15,-7.86794919243112,
3.51));
#2515=CARTESIAN_POINT('Ctrl Pts',(-0.144805329798469,-7.95155258857037,
3.51));
#2516=CARTESIAN_POINT('Ctrl Pts',(-0.285886658446168,-8.05870824772063,
3.47740629398865));
#2517=CARTESIAN_POINT('Ctrl Pts',(-0.528279392369204,-8.298675098835,3.36937602519993));
#2518=CARTESIAN_POINT('Ctrl Pts',(-0.629848140626591,-8.4314178452762,3.2943654217465));
#2519=CARTESIAN_POINT('Ctrl Pts',(-0.897306549892233,-8.86958996287348,
3.02690701248086));
#2520=CARTESIAN_POINT('Ctrl Pts',(-0.999999999999993,-9.2638979137079,2.74766006438809));
#2521=CARTESIAN_POINT('Ctrl Pts',(-0.999999999999993,-9.6,2.51));
#2522=CARTESIAN_POINT('',(-0.999999999999985,-15.499999787045,2.51));
#2523=CARTESIAN_POINT('',(1.4432899320127E-14,-15.499999787045,3.51));
#2524=CARTESIAN_POINT('Origin',(4.,-4.,3.51));
#2525=CARTESIAN_POINT('',(7.6,-1.75000000000002,3.51));
#2526=CARTESIAN_POINT('Origin',(9.6,-1.75000000000002,3.51));
#2527=CARTESIAN_POINT('',(7.6,-4.,3.51));
#2528=CARTESIAN_POINT('',(7.6,-4.00000002167246,3.51));
#2529=CARTESIAN_POINT('',(4.00000004334492,-7.6,3.51));
#2530=CARTESIAN_POINT('Origin',(4.,-4.,3.51));
#2531=CARTESIAN_POINT('',(1.00000000000001,-7.6,3.51));
#2532=CARTESIAN_POINT('',(2.2,-7.6,3.51));
#2533=CARTESIAN_POINT('Origin',(1.00000000000001,-9.6,3.51));
#2534=CARTESIAN_POINT('',(5.7,-4.,3.51));
#2535=CARTESIAN_POINT('Origin',(4.,-4.,3.51));
#2536=CARTESIAN_POINT('Origin',(1.4432899320127E-14,-15.499999787045,2.51));
#2537=CARTESIAN_POINT('',(2.74006246723556E-14,-26.24999957409,3.51));
#2538=CARTESIAN_POINT('',(-0.999999999999972,-26.24999957409,2.51));
#2539=CARTESIAN_POINT('Origin',(2.74006246723556E-14,-26.24999957409,2.51));
#2540=CARTESIAN_POINT('',(-0.999999999999982,-18.4,2.51));
#2541=CARTESIAN_POINT('',(-0.999999999999985,-15.499999787045,2.51));
#2542=CARTESIAN_POINT('',(2.01304971374705E-14,-20.1320508075689,3.51));
#2543=CARTESIAN_POINT('Ctrl Pts',(-0.999999999999982,-18.4,2.51));
#2544=CARTESIAN_POINT('Ctrl Pts',(-0.999999999999982,-18.5810684994195,
2.6380347637988));
#2545=CARTESIAN_POINT('Ctrl Pts',(-0.974148702119088,-18.7781818611383,
2.77760692545824));
#2546=CARTESIAN_POINT('Ctrl Pts',(-0.859632797956893,-19.1629226080827,
3.04066959930044));
#2547=CARTESIAN_POINT('Ctrl Pts',(-0.770850899829466,-19.3506574491495,
3.16395182806101));
#2548=CARTESIAN_POINT('Ctrl Pts',(-0.583998644001951,-19.6285643162278,
3.32798580248774));
#2549=CARTESIAN_POINT('Ctrl Pts',(-0.486925437180595,-19.7465953263567,
3.39193121103716));
#2550=CARTESIAN_POINT('Ctrl Pts',(-0.260490042133828,-19.9605868461299,
3.483161805844));
#2551=CARTESIAN_POINT('Ctrl Pts',(-0.130887249208223,-20.056483019005,3.51));
#2552=CARTESIAN_POINT('Ctrl Pts',(1.98625837999344E-14,-20.1320508075689,
3.51));
#2553=CARTESIAN_POINT('',(1.4432899320127E-14,-15.499999787045,3.51));
#2554=CARTESIAN_POINT('Ctrl Pts',(-0.999999999999975,-26.24999957409,2.51));
#2555=CARTESIAN_POINT('Ctrl Pts',(-0.999999999999975,-28.25,2.51));
#2556=CARTESIAN_POINT('Ctrl Pts',(1.00000042591004,-28.25,2.51));
#2557=CARTESIAN_POINT('Ctrl Pts',(-0.999999999999975,-26.24999957409,3.51));
#2558=CARTESIAN_POINT('Ctrl Pts',(-0.999999999999975,-28.25,3.51));
#2559=CARTESIAN_POINT('Ctrl Pts',(1.00000042591004,-28.25,3.51));
#2560=CARTESIAN_POINT('Ctrl Pts',(2.74780198594726E-14,-26.24999957409,
3.51));
#2561=CARTESIAN_POINT('Ctrl Pts',(2.74780198594726E-14,-27.25,3.51));
#2562=CARTESIAN_POINT('Ctrl Pts',(1.00000042591004,-27.25,3.51));
#2563=CARTESIAN_POINT('',(1.00000042591004,-27.25,3.51));
#2564=CARTESIAN_POINT('',(1.00000042591004,-28.25,2.51));
#2565=CARTESIAN_POINT('Origin',(1.00000042591004,-27.25,2.51));
#2566=CARTESIAN_POINT('Origin',(1.00000042591004,-26.24999957409,2.51));
#2567=CARTESIAN_POINT('Origin',(1.00000042591004,-26.24999957409,3.51));
#2568=CARTESIAN_POINT('Origin',(125.999999787045,-27.25,2.51));
#2569=CARTESIAN_POINT('',(7.86794919243111,-27.25,3.51));
#2570=CARTESIAN_POINT('',(9.59999999999999,-28.25,2.51));
#2571=CARTESIAN_POINT('Ctrl Pts',(7.86794919243111,-27.25,3.51));
#2572=CARTESIAN_POINT('Ctrl Pts',(7.94351698099498,-27.3808872492082,3.51));
#2573=CARTESIAN_POINT('Ctrl Pts',(8.03941315387013,-27.5104900421338,3.483161805844));
#2574=CARTESIAN_POINT('Ctrl Pts',(8.25340467364326,-27.7369254371806,3.39193121103716));
#2575=CARTESIAN_POINT('Ctrl Pts',(8.37143568377214,-27.833998644002,3.32798580248774));
#2576=CARTESIAN_POINT('Ctrl Pts',(8.64934255085053,-28.0208508998295,3.16395182806102));
#2577=CARTESIAN_POINT('Ctrl Pts',(8.83707739191732,-28.1096327979569,3.04066959930044));
#2578=CARTESIAN_POINT('Ctrl Pts',(9.22181813886169,-28.2241487021191,2.77760692545824));
#2579=CARTESIAN_POINT('Ctrl Pts',(9.4189315005805,-28.25,2.6380347637988));
#2580=CARTESIAN_POINT('Ctrl Pts',(9.59999999999999,-28.25,2.51));
#2581=CARTESIAN_POINT('',(125.999999787045,-28.25,2.51));
#2582=CARTESIAN_POINT('',(125.999999787045,-27.25,3.51));
#2583=CARTESIAN_POINT('Origin',(4.,-4.,3.51));
#2584=CARTESIAN_POINT('',(1.00000000000002,-20.4,3.51));
#2585=CARTESIAN_POINT('Origin',(1.00000000000002,-18.4,3.51));
#2586=CARTESIAN_POINT('',(4.,-20.4,3.51));
#2587=CARTESIAN_POINT('',(4.,-20.4,3.51));
#2588=CARTESIAN_POINT('',(7.6,-24.,3.51));
#2589=CARTESIAN_POINT('Origin',(4.,-24.,3.51));
#2590=CARTESIAN_POINT('',(7.6,-26.25,3.51));
#2591=CARTESIAN_POINT('',(7.6,-15.8,3.51));
#2592=CARTESIAN_POINT('Origin',(9.59999999999999,-26.25,3.51));
#2593=CARTESIAN_POINT('',(5.7,-24.,3.51));
#2594=CARTESIAN_POINT('Origin',(4.,-24.,3.51));
#2595=CARTESIAN_POINT('Origin',(125.999999787045,-27.25,2.51));
#2596=CARTESIAN_POINT('',(249.99999957409,-27.25,3.51));
#2597=CARTESIAN_POINT('',(249.99999957409,-28.25,2.51));
#2598=CARTESIAN_POINT('Origin',(249.99999957409,-27.25,2.51));
#2599=CARTESIAN_POINT('',(242.4,-28.25,2.51));
#2600=CARTESIAN_POINT('',(125.999999787045,-28.25,2.51));
#2601=CARTESIAN_POINT('',(244.132050807569,-27.25,3.51));
#2602=CARTESIAN_POINT('Ctrl Pts',(242.4,-28.25,2.51));
#2603=CARTESIAN_POINT('Ctrl Pts',(242.58106849942,-28.25,2.6380347637988));
#2604=CARTESIAN_POINT('Ctrl Pts',(242.778181861138,-28.2241487021191,2.77760692545825));
#2605=CARTESIAN_POINT('Ctrl Pts',(243.162922608083,-28.1096327979569,3.04066959930043));
#2606=CARTESIAN_POINT('Ctrl Pts',(243.350657449149,-28.0208508998295,3.16395182806102));
#2607=CARTESIAN_POINT('Ctrl Pts',(243.628564316228,-27.833998644002,3.32798580248774));
#2608=CARTESIAN_POINT('Ctrl Pts',(243.746595326357,-27.7369254371806,3.39193121103716));
#2609=CARTESIAN_POINT('Ctrl Pts',(243.96058684613,-27.5104900421339,3.483161805844));
#2610=CARTESIAN_POINT('Ctrl Pts',(244.056483019005,-27.3808872492082,3.51));
#2611=CARTESIAN_POINT('Ctrl Pts',(244.132050807569,-27.25,3.51));
#2612=CARTESIAN_POINT('',(125.999999787045,-27.25,3.51));
#2613=CARTESIAN_POINT('Ctrl Pts',(249.99999957409,-28.25,2.51));
#2614=CARTESIAN_POINT('Ctrl Pts',(252.,-28.25,2.51));
#2615=CARTESIAN_POINT('Ctrl Pts',(252.,-26.2499995740899,2.51));
#2616=CARTESIAN_POINT('Ctrl Pts',(249.99999957409,-28.25,3.51000000000001));
#2617=CARTESIAN_POINT('Ctrl Pts',(252.,-28.25,3.51000000000001));
#2618=CARTESIAN_POINT('Ctrl Pts',(252.,-26.2499995740899,3.51000000000001));
#2619=CARTESIAN_POINT('Ctrl Pts',(249.99999957409,-27.25,3.51));
#2620=CARTESIAN_POINT('Ctrl Pts',(251.,-27.25,3.51));
#2621=CARTESIAN_POINT('Ctrl Pts',(251.,-26.2499995740899,3.51));
#2622=CARTESIAN_POINT('',(251.,-26.2499995740899,3.51));
#2623=CARTESIAN_POINT('',(252.,-26.2499995740899,2.51));
#2624=CARTESIAN_POINT('Origin',(251.,-26.2499995740899,2.51));
#2625=CARTESIAN_POINT('Origin',(249.99999957409,-26.2499995740899,2.51));
#2626=CARTESIAN_POINT('Origin',(249.99999957409,-26.2499995740899,3.51));
#2627=CARTESIAN_POINT('Origin',(251.,-2.50000021295484,2.51));
#2628=CARTESIAN_POINT('',(251.,-20.1320508075689,3.51));
#2629=CARTESIAN_POINT('',(252.,-20.1320508075689,2.51));
#2630=CARTESIAN_POINT('Origin',(251.,-20.1320508075689,2.51));
#2631=CARTESIAN_POINT('',(252.,-2.50000021295484,2.51));
#2632=CARTESIAN_POINT('',(251.,-2.50000021295484,3.51));
#2633=CARTESIAN_POINT('Ctrl Pts',(251.950999743721,-18.8400000000005,3.51));
#2634=CARTESIAN_POINT('Ctrl Pts',(251.901112015621,-19.0612066925876,3.51));
#2635=CARTESIAN_POINT('Ctrl Pts',(251.773000005613,-19.359294906747,3.51));
#2636=CARTESIAN_POINT('Ctrl Pts',(251.509747583278,-19.730823148991,3.51));
#2637=CARTESIAN_POINT('Ctrl Pts',(251.295537558191,-19.9315972360977,3.51));
#2638=CARTESIAN_POINT('Ctrl Pts',(251.137188573148,-20.0465127329767,3.51));
#2639=CARTESIAN_POINT('Ctrl Pts',(251.065476485879,-20.0928158281462,3.51));
#2640=CARTESIAN_POINT('Ctrl Pts',(251.027251924141,-20.1161217698577,3.51));
#2641=CARTESIAN_POINT('Ctrl Pts',(251.008936941609,-20.1268910619253,3.51));
#2642=CARTESIAN_POINT('Ctrl Pts',(251.,-20.1320508075689,3.51));
#2643=CARTESIAN_POINT('Ctrl Pts',(251.969512546736,-18.8005022023836,3.46898540374754));
#2644=CARTESIAN_POINT('Ctrl Pts',(251.938325363302,-19.0043157410777,3.44931043453655));
#2645=CARTESIAN_POINT('Ctrl Pts',(251.856980861159,-19.2892576175241,3.42523160795389));
#2646=CARTESIAN_POINT('Ctrl Pts',(251.681113938816,-19.6760861543653,3.41765445958497));
#2647=CARTESIAN_POINT('Ctrl Pts',(251.528466311392,-19.9070067370916,3.43731383918896));
#2648=CARTESIAN_POINT('Ctrl Pts',(251.40788162658,-20.0402614518164,3.47164211435868));
#2649=CARTESIAN_POINT('Ctrl Pts',(251.351635103692,-20.0913933491425,3.49065235070023));
#2650=CARTESIAN_POINT('Ctrl Pts',(251.32117161668,-20.1160152891614,3.5017317232975));
#2651=CARTESIAN_POINT('Ctrl Pts',(251.306425633346,-20.1269405311353,3.50724434103297));
#2652=CARTESIAN_POINT('Ctrl Pts',(251.299199300342,-20.1320508075689,3.51));
#2653=CARTESIAN_POINT('Ctrl Pts',(251.99293343715,-18.7293580020132,3.39510911620871));
#2654=CARTESIAN_POINT('Ctrl Pts',(251.985667529514,-18.8996823555365,3.33775184048251));
#2655=CARTESIAN_POINT('Ctrl Pts',(251.966797621957,-19.1486410991975,3.26192724689042));
#2656=CARTESIAN_POINT('Ctrl Pts',(251.923139209996,-19.5309437907695,3.18616352877565));
#2657=CARTESIAN_POINT('Ctrl Pts',(251.883043442995,-19.7994674436715,3.17477785332366));
#2658=CARTESIAN_POINT('Ctrl Pts',(251.848977440884,-19.9846827847158,3.20670838918623));
#2659=CARTESIAN_POINT('Ctrl Pts',(251.832593733908,-20.0635539459975,3.23062958499435));
#2660=CARTESIAN_POINT('Ctrl Pts',(251.823562626909,-20.1041220309173,3.24615140932623));
#2661=CARTESIAN_POINT('Ctrl Pts',(251.819150812588,-20.1229894032889,3.25443348554302));
#2662=CARTESIAN_POINT('Ctrl Pts',(251.816974127601,-20.1320508075689,3.25868262957235));
#2663=CARTESIAN_POINT('Ctrl Pts',(252.,-18.6566750922865,3.31963502963273));
#2664=CARTESIAN_POINT('Ctrl Pts',(252.000001290221,-18.7911755465642,3.22210825026332));
#2665=CARTESIAN_POINT('Ctrl Pts',(251.999695379185,-18.994130603587,3.08296931591617));
#2666=CARTESIAN_POINT('Ctrl Pts',(251.999720459222,-19.3443137175178,2.8906488204675));
#2667=CARTESIAN_POINT('Ctrl Pts',(251.999601949816,-19.6326512338566,2.78013049069778));
#2668=CARTESIAN_POINT('Ctrl Pts',(251.999756052723,-19.8853521157224,2.7373061616011));
#2669=CARTESIAN_POINT('Ctrl Pts',(251.999861408545,-20.0102292203047,2.73067962719952));
#2670=CARTESIAN_POINT('Ctrl Pts',(251.999939832417,-20.0802623339945,2.73134149088984));
#2671=CARTESIAN_POINT('Ctrl Pts',(251.999976955555,-20.1148782522876,2.73313383119297));
#2672=CARTESIAN_POINT('Ctrl Pts',(252.,-20.1320508075689,2.73439947525641));
#2673=CARTESIAN_POINT('Ctrl Pts',(252.,-18.625525401229,3.28728912481789));
#2674=CARTESIAN_POINT('Ctrl Pts',(252.,-18.7446733627967,3.17254748397636));
#2675=CARTESIAN_POINT('Ctrl Pts',(252.,-18.9279165521395,3.00614606462967));
#2676=CARTESIAN_POINT('Ctrl Pts',(252.,-19.2643824234361,2.76392283885463));
#2677=CARTESIAN_POINT('Ctrl Pts',(252.,-19.5612726546289,2.61095701024514));
#2678=CARTESIAN_POINT('Ctrl Pts',(252.,-19.8428782145111,2.53625551465118));
#2679=CARTESIAN_POINT('Ctrl Pts',(252.,-19.9874339941501,2.51662089227713));
#2680=CARTESIAN_POINT('Ctrl Pts',(252.,-20.0700646491132,2.51096575307621));
#2681=CARTESIAN_POINT('Ctrl Pts',(252.,-20.1114118249944,2.51));
#2682=CARTESIAN_POINT('Ctrl Pts',(252.,-20.1320508075689,2.51));
#2683=CARTESIAN_POINT('Ctrl Pts',(252.,-18.8399860029263,3.08988857956307));
#2684=CARTESIAN_POINT('Ctrl Pts',(252.,-18.8912583216351,3.04527748089757));
#2685=CARTESIAN_POINT('Ctrl Pts',(252.,-19.0070843485283,2.94915282800541));
#2686=CARTESIAN_POINT('Ctrl Pts',(252.,-19.2643824234361,2.76392283885463));
#2687=CARTESIAN_POINT('Ctrl Pts',(252.,-19.5612726546289,2.61095701024514));
#2688=CARTESIAN_POINT('Ctrl Pts',(252.,-19.8428782145111,2.53625551465118));
#2689=CARTESIAN_POINT('Ctrl Pts',(252.,-19.9874339941501,2.51662089227713));
#2690=CARTESIAN_POINT('Ctrl Pts',(252.,-20.0700646491132,2.51096575307621));
#2691=CARTESIAN_POINT('Ctrl Pts',(252.,-20.1114118249944,2.51));
#2692=CARTESIAN_POINT('Ctrl Pts',(252.,-20.1320508075689,2.51));
#2693=CARTESIAN_POINT('Origin',(250.,-18.4,3.51));
#2694=CARTESIAN_POINT('Origin',(4.,-4.,3.51));
#2695=CARTESIAN_POINT('',(244.4,-26.25,3.51));
#2696=CARTESIAN_POINT('Origin',(242.4,-26.25,3.51));
#2697=CARTESIAN_POINT('',(244.4,-24.,3.51));
#2698=CARTESIAN_POINT('',(244.4,-14.,3.51));
#2699=CARTESIAN_POINT('',(248.,-20.4,3.51));
#2700=CARTESIAN_POINT('Origin',(248.,-24.,3.51));
#2701=CARTESIAN_POINT('',(250.,-20.4,3.51));
#2702=CARTESIAN_POINT('',(127.8,-20.4,3.51));
#2703=CARTESIAN_POINT('Origin',(250.,-18.4,3.51));
#2704=CARTESIAN_POINT('',(249.7,-24.,3.51));
#2705=CARTESIAN_POINT('Origin',(248.,-24.,3.51));
#2706=CARTESIAN_POINT('Origin',(9.6,-1.75000000000002,-1.9875));
#2707=CARTESIAN_POINT('',(7.6,-1.75000000000002,7.185));
#2708=CARTESIAN_POINT('Origin',(9.6,-1.75000000000002,7.185));
#2709=CARTESIAN_POINT('',(7.6,-1.75000000000002,-1.9875));
#2710=CARTESIAN_POINT('Origin',(1.00000000000001,-9.6,-1.9875));
#2711=CARTESIAN_POINT('',(1.00000000000001,-7.6,7.185));
#2712=CARTESIAN_POINT('',(1.00000000000001,-7.6,-1.9875));
#2713=CARTESIAN_POINT('',(-0.999999999999992,-9.6,7.185));
#2714=CARTESIAN_POINT('Origin',(1.00000000000001,-9.6,7.185));
#2715=CARTESIAN_POINT('',(-0.999999999999993,-9.6,-1.9875));
#2716=CARTESIAN_POINT('Origin',(1.00000000000002,-18.4,-1.9875));
#2717=CARTESIAN_POINT('',(-0.999999999999981,-18.4,7.185));
#2718=CARTESIAN_POINT('',(-0.999999999999982,-18.4,-1.9875));
#2719=CARTESIAN_POINT('',(1.00000000000001,-20.4,7.185));
#2720=CARTESIAN_POINT('Origin',(1.00000000000002,-18.4,7.185));
#2721=CARTESIAN_POINT('',(1.00000000000002,-20.4,-1.9875));
#2722=CARTESIAN_POINT('Origin',(-0.999999999999971,-26.99999957409,-5.485));
#2723=CARTESIAN_POINT('',(-0.999999999999979,-20.4999997870451,7.185));
#2724=CARTESIAN_POINT('',(-0.999999999999972,-26.24999957409,-5.985));
#2725=CARTESIAN_POINT('',(-0.999999999999972,-26.24999957409,-5.485));
#2726=CARTESIAN_POINT('',(-1.,-1.75000042591005,-5.985));
#2727=CARTESIAN_POINT('',(-0.999999999999979,-20.4999997870451,-5.985));
#2728=CARTESIAN_POINT('',(-1.,-1.75000042591005,-5.485));
#2729=CARTESIAN_POINT('Origin',(9.59999999999999,-26.25,-1.9875));
#2730=CARTESIAN_POINT('',(7.6,-26.25,7.185));
#2731=CARTESIAN_POINT('',(7.6,-26.25,-1.9875));
#2732=CARTESIAN_POINT('',(9.59999999999997,-28.25,7.185));
#2733=CARTESIAN_POINT('Origin',(9.59999999999999,-26.25,7.185));
#2734=CARTESIAN_POINT('',(9.59999999999999,-28.25,-1.9875));
#2735=CARTESIAN_POINT('Origin',(250.,-9.6,-1.9875));
#2736=CARTESIAN_POINT('',(252.,-9.6,4.59995412747463));
#2737=CARTESIAN_POINT('Ctrl Pts',(251.950999743721,-9.16000000000045,3.51));
#2738=CARTESIAN_POINT('Ctrl Pts',(251.950999743721,-9.16000000000045,3.70682484732824));
#2739=CARTESIAN_POINT('Ctrl Pts',(251.9610861612,-9.19922106775383,3.91623219294401));
#2740=CARTESIAN_POINT('Ctrl Pts',(251.986437297138,-9.35497014617554,4.2937027231595));
#2741=CARTESIAN_POINT('Ctrl Pts',(252.,-9.46819538501699,4.46330689510354));
#2742=CARTESIAN_POINT('Ctrl Pts',(252.,-9.6,4.59995412747464));
#2743=CARTESIAN_POINT('',(252.,-9.6,7.185));
#2744=CARTESIAN_POINT('',(252.,-9.6,-1.9875));
#2745=CARTESIAN_POINT('',(250.,-7.6,7.185));
#2746=CARTESIAN_POINT('Origin',(250.,-9.6,7.185));
#2747=CARTESIAN_POINT('',(250.,-7.6,-1.9875));
#2748=CARTESIAN_POINT('Origin',(254.,-10.7300000000004,2.51));
#2749=CARTESIAN_POINT('',(252.,-10.7300000000004,0.94));
#2750=CARTESIAN_POINT('Origin',(252.,-10.7300000000004,2.51));
#2751=CARTESIAN_POINT('',(253.8,-10.7300000000004,0.94));
#2752=CARTESIAN_POINT('',(254.,-10.7300000000004,0.94));
#2753=CARTESIAN_POINT('Origin',(253.8,-10.7300000000004,2.51));
#2754=CARTESIAN_POINT('Origin',(242.4,-1.75000000000002,-1.9875));
#2755=CARTESIAN_POINT('',(244.4,-1.75000000000002,7.185));
#2756=CARTESIAN_POINT('',(244.4,-1.75000000000002,-1.9875));
#2757=CARTESIAN_POINT('Origin',(242.4,-1.75000000000002,7.185));
#2758=CARTESIAN_POINT('Origin',(242.4,-26.25,-1.9875));
#2759=CARTESIAN_POINT('',(242.4,-28.25,7.185));
#2760=CARTESIAN_POINT('',(242.4,-28.25,-1.9875));
#2761=CARTESIAN_POINT('',(244.4,-26.25,7.185));
#2762=CARTESIAN_POINT('Origin',(242.4,-26.25,7.185));
#2763=CARTESIAN_POINT('',(244.4,-26.25,-1.9875));
#2764=CARTESIAN_POINT('Origin',(247.99999957409,-28.25,-5.485));
#2765=CARTESIAN_POINT('',(186.249999787045,-28.25,7.185));
#2766=CARTESIAN_POINT('',(249.99999957409,-28.25,-5.985));
#2767=CARTESIAN_POINT('',(249.99999957409,-28.25,-5.485));
#2768=CARTESIAN_POINT('',(1.00000042591004,-28.25,-5.985));
#2769=CARTESIAN_POINT('',(186.999999787045,-28.25,-5.985));
#2770=CARTESIAN_POINT('',(1.00000042591004,-28.25,-5.485));
#2771=CARTESIAN_POINT('Origin',(250.,-18.4,-1.9875));
#2772=CARTESIAN_POINT('',(252.,-18.4,4.59995412747557));
#2773=CARTESIAN_POINT('Ctrl Pts',(252.,-18.4,4.59995412747557));
#2774=CARTESIAN_POINT('Ctrl Pts',(252.,-18.5318046149834,4.46330689510432));
#2775=CARTESIAN_POINT('Ctrl Pts',(251.986437297138,-18.6450298538252,4.29370272315996));
#2776=CARTESIAN_POINT('Ctrl Pts',(251.9610861612,-18.8007789322471,3.91623219294406));
#2777=CARTESIAN_POINT('Ctrl Pts',(251.950999743721,-18.8400000000005,3.70682484732827));
#2778=CARTESIAN_POINT('Ctrl Pts',(251.950999743721,-18.8400000000005,3.51));
#2779=CARTESIAN_POINT('',(250.,-20.4,7.185));
#2780=CARTESIAN_POINT('',(250.,-20.4,-1.9875));
#2781=CARTESIAN_POINT('',(252.,-18.4,7.185));
#2782=CARTESIAN_POINT('Origin',(250.,-18.4,7.185));
#2783=CARTESIAN_POINT('',(252.,-18.4,-1.9875));
#2784=CARTESIAN_POINT('Origin',(252.,-1.00000042591002,-5.485));
#2785=CARTESIAN_POINT('',(252.,-1.75000042591005,-5.985));
#2786=CARTESIAN_POINT('',(252.,-1.75000042591005,-5.485));
#2787=CARTESIAN_POINT('',(252.,-26.2499995740899,-5.985));
#2788=CARTESIAN_POINT('',(252.,-7.50000021295493,-5.985));
#2789=CARTESIAN_POINT('',(252.,-26.2499995740899,-5.485));
#2790=CARTESIAN_POINT('',(252.,-17.2700000000005,0.94));
#2791=CARTESIAN_POINT('Origin',(252.,-17.2700000000005,2.51));
#2792=CARTESIAN_POINT('',(252.,-5.76500021295524,0.94));
#2793=CARTESIAN_POINT('Origin',(254.,-17.2700000000005,2.51));
#2794=CARTESIAN_POINT('',(253.8,-17.2700000000005,0.94));
#2795=CARTESIAN_POINT('Origin',(253.8,-17.2700000000005,2.51));
#2796=CARTESIAN_POINT('',(254.,-17.2700000000005,0.94));
#2797=CARTESIAN_POINT('Origin',(187.,-30.9,-7.385));
#2798=CARTESIAN_POINT('',(1.00000042591004,-31.,-7.285));
#2799=CARTESIAN_POINT('',(1.00000042591006,-30.8,-7.485));
#2800=CARTESIAN_POINT('',(1.00000042591004,-31.,-7.285));
#2801=CARTESIAN_POINT('',(249.99999957409,-30.8,-7.485));
#2802=CARTESIAN_POINT('',(187.,-30.8,-7.485));
#2803=CARTESIAN_POINT('',(249.99999957409,-31.,-7.285));
#2804=CARTESIAN_POINT('',(249.99999957409,-30.8,-7.485));
#2805=CARTESIAN_POINT('',(187.,-31.,-7.285));
#2806=CARTESIAN_POINT('Origin',(1.00000042591004,-26.99999957409,-7.385));
#2807=CARTESIAN_POINT('',(-2.99999999999997,-26.99999957409,-7.285));
#2808=CARTESIAN_POINT('Origin',(1.00000042591004,-26.99999957409,-7.285));
#2809=CARTESIAN_POINT('',(-2.79999999999998,-26.99999957409,-7.485));
#2810=CARTESIAN_POINT('',(-2.99999999999997,-26.99999957409,-7.285));
#2811=CARTESIAN_POINT('Origin',(1.00000042591004,-26.99999957409,-7.485));
#2812=CARTESIAN_POINT('Origin',(-2.89999999999998,-19.0000000000001,-7.385));
#2813=CARTESIAN_POINT('',(-3.,-1.00000042591005,-7.285));
#2814=CARTESIAN_POINT('',(-2.80000000000001,-1.00000042591005,-7.485));
#2815=CARTESIAN_POINT('',(-3.,-1.00000042591005,-7.285));
#2816=CARTESIAN_POINT('',(-2.79999999999998,-19.0000000000001,-7.485));
#2817=CARTESIAN_POINT('',(-2.99999999999998,-19.0000000000001,-7.285));
#2818=CARTESIAN_POINT('Origin',(1.00000042591002,-1.00000042591004,-7.385));
#2819=CARTESIAN_POINT('',(1.00000042591002,2.99999999999998,-7.285));
#2820=CARTESIAN_POINT('Origin',(1.00000042591002,-1.00000042591004,-7.285));
#2821=CARTESIAN_POINT('',(1.00000042591002,2.79999999999998,-7.485));
#2822=CARTESIAN_POINT('',(1.00000042591002,2.99999999999998,-7.285));
#2823=CARTESIAN_POINT('Origin',(1.00000042591002,-1.00000042591004,-7.485));
#2824=CARTESIAN_POINT('Origin',(65.,2.89999999999998,-7.385));
#2825=CARTESIAN_POINT('',(249.99999957409,3.,-7.285));
#2826=CARTESIAN_POINT('',(249.99999957409,2.8,-7.485));
#2827=CARTESIAN_POINT('',(249.99999957409,3.,-7.285));
#2828=CARTESIAN_POINT('',(65.,2.79999999999998,-7.485));
#2829=CARTESIAN_POINT('',(65.,2.99999999999998,-7.285));
#2830=CARTESIAN_POINT('Origin',(249.99999957409,-1.00000042591002,-7.385));
#2831=CARTESIAN_POINT('',(254.,-1.00000042591002,-7.285));
#2832=CARTESIAN_POINT('Origin',(249.99999957409,-1.00000042591002,-7.285));
#2833=CARTESIAN_POINT('',(253.8,-1.00000042591002,-7.485));
#2834=CARTESIAN_POINT('',(254.,-1.00000042591002,-7.285));
#2835=CARTESIAN_POINT('Origin',(249.99999957409,-1.00000042591002,-7.485));
#2836=CARTESIAN_POINT('Origin',(253.9,-8.9999999999999,-7.385));
#2837=CARTESIAN_POINT('',(254.,-26.9999995740899,-7.285));
#2838=CARTESIAN_POINT('',(253.8,-26.9999995740899,-7.485));
#2839=CARTESIAN_POINT('',(254.,-26.9999995740899,-7.285));
#2840=CARTESIAN_POINT('',(253.8,-8.9999999999999,-7.485));
#2841=CARTESIAN_POINT('',(254.,-8.9999999999999,-7.285));
#2842=CARTESIAN_POINT('Origin',(249.99999957409,-26.99999957409,-7.385));
#2843=CARTESIAN_POINT('Origin',(249.99999957409,-26.99999957409,-7.285));
#2844=CARTESIAN_POINT('Origin',(249.99999957409,-26.99999957409,-7.485));
#2845=CARTESIAN_POINT('Origin',(1.00000042591002,-1.00000042591004,-5.485));
#2846=CARTESIAN_POINT('',(-3.,-1.00000042591005,7.185));
#2847=CARTESIAN_POINT('',(-3.,-1.00000042591005,-5.485));
#2848=CARTESIAN_POINT('',(1.00000042591002,2.99999999999998,7.185));
#2849=CARTESIAN_POINT('Origin',(1.00000042591002,-1.00000042591004,7.185));
#2850=CARTESIAN_POINT('',(1.00000042591002,2.99999999999998,-5.485));
#2851=CARTESIAN_POINT('Origin',(-2.99999999999998,-24.,-5.485));
#2852=CARTESIAN_POINT('',(-2.99999999999997,-26.99999957409,7.185));
#2853=CARTESIAN_POINT('',(-2.99999999999997,-26.99999957409,-5.485));
#2854=CARTESIAN_POINT('',(-2.99999999999999,-19.0000000000001,7.18500000000001));
#2855=CARTESIAN_POINT('Origin',(1.00000042591004,-26.99999957409,-5.485));
#2856=CARTESIAN_POINT('',(1.00000042591004,-31.,7.18500000000001));
#2857=CARTESIAN_POINT('',(1.00000042591004,-31.,-5.485));
#2858=CARTESIAN_POINT('Origin',(1.00000042591004,-26.99999957409,7.18500000000001));
#2859=CARTESIAN_POINT('Origin',(248.,-31.,-5.485));
#2860=CARTESIAN_POINT('',(249.99999957409,-31.,7.185));
#2861=CARTESIAN_POINT('',(249.99999957409,-31.,-5.485));
#2862=CARTESIAN_POINT('',(186.25,-31.,7.18500000000001));
#2863=CARTESIAN_POINT('Origin',(126.,-14.,-7.485));
#2864=CARTESIAN_POINT('',(1.00000042591001,1.74999999999998,-7.485));
#2865=CARTESIAN_POINT('',(249.99999957409,1.74999999999998,-7.485));
#2866=CARTESIAN_POINT('',(63.500000212955,1.74999999999998,-7.485));
#2867=CARTESIAN_POINT('',(-2.5,-1.75000042591005,-7.485));
#2868=CARTESIAN_POINT('Origin',(1.00000042591002,-1.75000042591004,-7.485));
#2869=CARTESIAN_POINT('',(-2.49999999999998,-26.24999957409,-7.485));
#2870=CARTESIAN_POINT('',(-2.49999999999999,-20.4999997870451,-7.485));
#2871=CARTESIAN_POINT('',(1.00000042591004,-29.75,-7.485));
#2872=CARTESIAN_POINT('Origin',(1.00000042591004,-26.24999957409,-7.485));
#2873=CARTESIAN_POINT('',(249.99999957409,-29.75,-7.485));
#2874=CARTESIAN_POINT('',(186.999999787045,-29.75,-7.485));
#2875=CARTESIAN_POINT('',(253.5,-26.2499995740899,-7.485));
#2876=CARTESIAN_POINT('Origin',(249.99999957409,-26.2499995740899,-7.485));
#2877=CARTESIAN_POINT('',(253.5,-1.75000042591005,-7.485));
#2878=CARTESIAN_POINT('',(253.5,-7.50000021295493,-7.485));
#2879=CARTESIAN_POINT('Origin',(249.99999957409,-1.75000042591005,-7.485));
#2880=CARTESIAN_POINT('Origin',(253.9,-10.7300000000004,3.51));
#2881=CARTESIAN_POINT('',(254.,-10.7300000000004,5.28));
#2882=CARTESIAN_POINT('',(253.8,-10.7300000000004,5.08));
#2883=CARTESIAN_POINT('',(254.,-10.7300000000004,5.28));
#2884=CARTESIAN_POINT('Origin',(253.8,-10.7300000000004,3.51));
#2885=CARTESIAN_POINT('',(254.,-8.96000000000045,3.51));
#2886=CARTESIAN_POINT('',(253.8,-9.16000000000045,3.51));
#2887=CARTESIAN_POINT('Origin',(254.,-10.7300000000004,3.51));
#2888=CARTESIAN_POINT('Origin',(253.9,-10.7350000000002,5.18));
#2889=CARTESIAN_POINT('',(254.,-17.2700000000005,5.28));
#2890=CARTESIAN_POINT('',(254.,-10.7350000000002,5.28));
#2891=CARTESIAN_POINT('',(253.8,-17.2700000000005,5.08));
#2892=CARTESIAN_POINT('',(254.,-17.2700000000005,5.28));
#2893=CARTESIAN_POINT('',(253.8,-10.7350000000002,5.08));
#2894=CARTESIAN_POINT('Origin',(253.9,-17.2700000000005,3.51));
#2895=CARTESIAN_POINT('',(254.,-19.0400000000005,3.51));
#2896=CARTESIAN_POINT('',(254.,-19.0400000000005,3.51));
#2897=CARTESIAN_POINT('Origin',(253.8,-17.2700000000005,3.51));
#2898=CARTESIAN_POINT('Origin',(254.,-17.2700000000005,3.51));
#2899=CARTESIAN_POINT('Origin',(253.9,-18.9400000000005,-1.4875));
#2900=CARTESIAN_POINT('',(254.,-19.0400000000005,2.51));
#2901=CARTESIAN_POINT('',(254.,-19.0400000000005,-1.4875));
#2902=CARTESIAN_POINT('',(254.,-19.0400000000005,2.51));
#2903=CARTESIAN_POINT('Origin',(253.9,-17.2700000000005,2.51));
#2904=CARTESIAN_POINT('',(254.,-17.2700000000005,0.739999999999999));
#2905=CARTESIAN_POINT('',(254.,-17.2700000000005,0.739999999999999));
#2906=CARTESIAN_POINT('Origin',(254.,-17.2700000000005,2.51));
#2907=CARTESIAN_POINT('Origin',(253.9,-7.26500000000023,0.84));
#2908=CARTESIAN_POINT('',(254.,-10.7300000000004,0.74));
#2909=CARTESIAN_POINT('',(254.,-7.26500000000023,0.74));
#2910=CARTESIAN_POINT('',(254.,-10.7300000000004,0.74));
#2911=CARTESIAN_POINT('',(253.8,-7.26500000000023,0.94));
#2912=CARTESIAN_POINT('Origin',(253.9,-10.7300000000004,2.51));
#2913=CARTESIAN_POINT('',(254.,-8.96000000000045,2.51));
#2914=CARTESIAN_POINT('',(254.,-8.96000000000045,2.51));
#2915=CARTESIAN_POINT('Origin',(254.,-10.7300000000004,2.51));
#2916=CARTESIAN_POINT('Origin',(253.9,-9.06000000000045,-0.887500000000001));
#2917=CARTESIAN_POINT('',(254.,-8.96000000000045,-0.887500000000001));
#2918=CARTESIAN_POINT('Origin',(254.,-10.5300000000005,0.94));
#2919=CARTESIAN_POINT('Origin',(254.,-10.7300000000004,3.51));
#2920=CARTESIAN_POINT('',(252.,-10.7300000000004,5.08));
#2921=CARTESIAN_POINT('',(254.,-10.7300000000004,5.08));
#2922=CARTESIAN_POINT('Origin',(252.,-10.7300000000004,3.51));
#2923=CARTESIAN_POINT('Origin',(254.,-4.,-5.485));
#2924=CARTESIAN_POINT('',(254.,-1.00000042591001,7.185));
#2925=CARTESIAN_POINT('',(254.,-1.00000042591002,-5.485));
#2926=CARTESIAN_POINT('',(254.,-26.9999995740899,7.185));
#2927=CARTESIAN_POINT('',(254.,-8.99999999999989,7.185));
#2928=CARTESIAN_POINT('',(254.,-26.9999995740899,-5.485));
#2929=CARTESIAN_POINT('Origin',(251.6,-20.4,1.51));
#2930=CARTESIAN_POINT('',(248.,-20.4,7.185));
#2931=CARTESIAN_POINT('',(248.,-20.4,1.51));
#2932=CARTESIAN_POINT('',(188.05,-20.4,7.185));
#2933=CARTESIAN_POINT('Origin',(252.,-1.00000042591002,-5.485));
#2934=CARTESIAN_POINT('',(252.,-7.50000021295493,7.185));
#2935=CARTESIAN_POINT('',(252.,-17.2700000000005,5.08));
#2936=CARTESIAN_POINT('',(252.,-9.23500021295524,5.08));
#2937=CARTESIAN_POINT('Origin',(252.,-17.2700000000005,3.51));
#2938=CARTESIAN_POINT('Origin',(244.4,-0.4,1.51));
#2939=CARTESIAN_POINT('',(244.4,-4.,7.185));
#2940=CARTESIAN_POINT('',(244.4,-4.,1.51));
#2941=CARTESIAN_POINT('',(244.4,-7.20000000000001,7.185));
#2942=CARTESIAN_POINT('Origin',(7.6,-27.6,1.51));
#2943=CARTESIAN_POINT('',(7.6,-24.,7.185));
#2944=CARTESIAN_POINT('',(7.6,-24.,1.51));
#2945=CARTESIAN_POINT('',(7.6,-20.8,7.185));
#2946=CARTESIAN_POINT('Origin',(0.4,-7.6,1.51));
#2947=CARTESIAN_POINT('',(4.00000004334492,-7.6,7.185));
#2948=CARTESIAN_POINT('',(4.00000004334492,-7.6,1.51));
#2949=CARTESIAN_POINT('',(62.45,-7.6,7.185));
#2950=CARTESIAN_POINT('Origin',(63.500000212955,0.999999999999979,-6.735));
#2951=CARTESIAN_POINT('',(1.00000042591002,0.249999999999977,-5.985));
#2952=CARTESIAN_POINT('',(249.99999957409,1.74999999999998,-7.485));
#2953=CARTESIAN_POINT('Origin',(1.00000042591002,-1.75000042591004,-6.735));
#2954=CARTESIAN_POINT('Origin',(1.00000042591002,-1.75000042591004,-5.985));
#2955=CARTESIAN_POINT('',(-1.,-1.75000042591005,-5.985));
#2956=CARTESIAN_POINT('Origin',(-1.74999999999999,-20.4999997870451,-6.735));
#2957=CARTESIAN_POINT('',(-0.999999999999972,-26.24999957409,-5.985));
#2958=CARTESIAN_POINT('Origin',(1.00000042591004,-26.24999957409,-6.735));
#2959=CARTESIAN_POINT('Origin',(1.00000042591004,-26.24999957409,-5.985));
#2960=CARTESIAN_POINT('',(1.00000042591004,-28.25,-5.985));
#2961=CARTESIAN_POINT('Origin',(186.999999787045,-29.,-6.735));
#2962=CARTESIAN_POINT('',(249.99999957409,-28.25,-5.985));
#2963=CARTESIAN_POINT('Origin',(249.99999957409,-26.2499995740899,-6.735));
#2964=CARTESIAN_POINT('Origin',(249.99999957409,-26.2499995740899,-5.985));
#2965=CARTESIAN_POINT('',(252.,-26.2499995740899,-5.985));
#2966=CARTESIAN_POINT('Origin',(252.75,-7.50000021295493,-6.735));
#2967=CARTESIAN_POINT('',(252.,-1.75000042591005,-5.985));
#2968=CARTESIAN_POINT('Origin',(249.99999957409,-1.75000042591005,-6.735));
#2969=CARTESIAN_POINT('Origin',(249.99999957409,-1.75000042591005,-5.985));
#2970=CARTESIAN_POINT('Origin',(1.00000042591004,-26.24999957409,-5.485));
#2971=CARTESIAN_POINT('Origin',(1.00000042591002,-1.75000042591004,-5.485));
#2972=CARTESIAN_POINT('Origin',(254.,-17.4700000000005,5.08));
#2973=CARTESIAN_POINT('',(254.,-17.2700000000005,5.08));
#2974=CARTESIAN_POINT('Origin',(254.,-17.2700000000005,3.51));
#2975=CARTESIAN_POINT('Origin',(249.99999957409,-1.75000042591005,-5.485));
#2976=CARTESIAN_POINT('Origin',(249.99999957409,-26.2499995740899,-5.485));
#2977=CARTESIAN_POINT('Origin',(124.5,-14.,7.185));
#2978=CARTESIAN_POINT('Origin',(249.99999957409,-26.99999957409,7.185));
#2979=CARTESIAN_POINT('',(249.99999957409,3.,7.185));
#2980=CARTESIAN_POINT('Origin',(249.99999957409,-1.00000042591002,7.185));
#2981=CARTESIAN_POINT('',(64.25,2.99999999999998,7.185));
#2982=CARTESIAN_POINT('',(7.6,-4.,7.185));
#2983=CARTESIAN_POINT('Origin',(4.,-4.,7.185));
#2984=CARTESIAN_POINT('',(7.6,-9.00000002167246,7.185));
#2985=CARTESIAN_POINT('',(248.,-7.6,7.185));
#2986=CARTESIAN_POINT('Origin',(248.,-4.,7.185));
#2987=CARTESIAN_POINT('',(186.25,-7.6,7.185));
#2988=CARTESIAN_POINT('',(244.4,-24.,7.185));
#2989=CARTESIAN_POINT('Origin',(248.,-24.,7.185));
#2990=CARTESIAN_POINT('',(244.4,-19.,7.185));
#2991=CARTESIAN_POINT('',(4.,-20.4,7.185));
#2992=CARTESIAN_POINT('Origin',(4.,-24.,7.185));
#2993=CARTESIAN_POINT('',(64.25,-20.4,7.185));
#2994=CARTESIAN_POINT('',(5.7,-24.,7.185));
#2995=CARTESIAN_POINT('Origin',(4.,-24.,7.185));
#2996=CARTESIAN_POINT('',(249.7,-24.,7.185));
#2997=CARTESIAN_POINT('Origin',(248.,-24.,7.185));
#2998=CARTESIAN_POINT('',(5.7,-4.,7.185));
#2999=CARTESIAN_POINT('Origin',(4.,-4.,7.185));
#3000=CARTESIAN_POINT('',(249.7,-4.,7.185));
#3001=CARTESIAN_POINT('Origin',(248.,-4.,7.185));
#3002=CARTESIAN_POINT('Origin',(248.,-7.6,1.51));
#3003=CARTESIAN_POINT('',(248.,-7.6,1.51));
#3004=CARTESIAN_POINT('Origin',(248.,-4.,1.51));
#3005=CARTESIAN_POINT('Origin',(7.6,-4.00000004334492,1.51));
#3006=CARTESIAN_POINT('',(7.6,-4.,1.51));
#3007=CARTESIAN_POINT('Origin',(4.,-4.,1.51));
#3008=CARTESIAN_POINT('Origin',(4.,2.99999999999998,-5.485));
#3009=CARTESIAN_POINT('',(249.99999957409,3.,-5.485));
#3010=CARTESIAN_POINT('Origin',(249.99999957409,-1.00000042591002,-5.485));
#3011=CARTESIAN_POINT('Origin',(249.99999957409,-26.99999957409,-5.485));
#3012=CARTESIAN_POINT('Origin',(4.,-4.,1.51));
#3013=CARTESIAN_POINT('',(5.7,-4.,1.51));
#3014=CARTESIAN_POINT('Origin',(248.,-4.,1.51));
#3015=CARTESIAN_POINT('',(249.7,-4.,1.51));
#3016=CARTESIAN_POINT('Origin',(248.,-24.,1.51));
#3017=CARTESIAN_POINT('',(249.7,-24.,1.51));
#3018=CARTESIAN_POINT('Origin',(244.4,-24.,1.51));
#3019=CARTESIAN_POINT('',(244.4,-24.,1.51));
#3020=CARTESIAN_POINT('Origin',(248.,-24.,1.51));
#3021=CARTESIAN_POINT('Origin',(4.,-24.,1.51));
#3022=CARTESIAN_POINT('',(5.7,-24.,1.51));
#3023=CARTESIAN_POINT('Origin',(4.,-20.4,1.51));
#3024=CARTESIAN_POINT('',(4.,-20.4,1.51));
#3025=CARTESIAN_POINT('Origin',(4.,-24.,1.51));
#3026=UNCERTAINTY_MEASURE_WITH_UNIT(LENGTH_MEASURE(0.01),#3030,
'DISTANCE_ACCURACY_VALUE',
'Maximum model space distance between geometric entities at asserted c
onnectivities');
#3027=UNCERTAINTY_MEASURE_WITH_UNIT(LENGTH_MEASURE(0.01),#3030,
'DISTANCE_ACCURACY_VALUE',
'Maximum model space distance between geometric entities at asserted c
onnectivities');
#3028=(
GEOMETRIC_REPRESENTATION_CONTEXT(3)
GLOBAL_UNCERTAINTY_ASSIGNED_CONTEXT((#3026))
GLOBAL_UNIT_ASSIGNED_CONTEXT((#3030,#3031,#3032))
REPRESENTATION_CONTEXT('','3D')
);
#3029=(
GEOMETRIC_REPRESENTATION_CONTEXT(3)
GLOBAL_UNCERTAINTY_ASSIGNED_CONTEXT((#3027))
GLOBAL_UNIT_ASSIGNED_CONTEXT((#3030,#3031,#3032))
REPRESENTATION_CONTEXT('','3D')
);
#3030=(
LENGTH_UNIT()
NAMED_UNIT(*)
SI_UNIT(.MILLI.,.METRE.)
);
#3031=(
NAMED_UNIT(*)
PLANE_ANGLE_UNIT()
SI_UNIT($,.RADIAN.)
);
#3032=(
NAMED_UNIT(*)
SI_UNIT($,.STERADIAN.)
SOLID_ANGLE_UNIT()
);
#3033=SHAPE_DEFINITION_REPRESENTATION(#3034,#3035);
#3034=PRODUCT_DEFINITION_SHAPE('',$,#3037);
#3035=SHAPE_REPRESENTATION('',(#1662),#3028);
#3036=PRODUCT_DEFINITION_CONTEXT('part definition',#3041,'design');
#3037=PRODUCT_DEFINITION('board 1','glowbug v3 - for machining',#3038,#3036);
#3038=PRODUCT_DEFINITION_FORMATION('',$,#3043);
#3039=PRODUCT_RELATED_PRODUCT_CATEGORY('glowbug v3 - for machining',
'glowbug v3 - for machining',(#3043));
#3040=APPLICATION_PROTOCOL_DEFINITION('international standard',
'automotive_design',2009,#3041);
#3041=APPLICATION_CONTEXT(
'Core Data for Automotive Mechanical Design Process');
#3042=PRODUCT_CONTEXT('part definition',#3041,'mechanical');
#3043=PRODUCT('board 1','glowbug v3 - for machining',
'KiCad electronic assembly',(#3042));
#3044=PRESENTATION_STYLE_ASSIGNMENT((#3047));
#3045=PRESENTATION_STYLE_ASSIGNMENT((#3048));
#3046=PRESENTATION_STYLE_ASSIGNMENT((#3049));
#3047=SURFACE_STYLE_USAGE(.BOTH.,#3050);
#3048=SURFACE_STYLE_USAGE(.BOTH.,#3051);
#3049=SURFACE_STYLE_USAGE(.BOTH.,#3052);
#3050=SURFACE_SIDE_STYLE('',(#3053));
#3051=SURFACE_SIDE_STYLE('',(#3054));
#3052=SURFACE_SIDE_STYLE('',(#3055));
#3053=SURFACE_STYLE_FILL_AREA(#3056);
#3054=SURFACE_STYLE_FILL_AREA(#3057);
#3055=SURFACE_STYLE_FILL_AREA(#3058);
#3056=FILL_AREA_STYLE('Steel - Satin',(#3059));
#3057=FILL_AREA_STYLE('Aluminum - Bead Blasted',(#3060));
#3058=FILL_AREA_STYLE('Acrylic (Clear)',(#3061));
#3059=FILL_AREA_STYLE_COLOUR('Steel - Satin',#3062);
#3060=FILL_AREA_STYLE_COLOUR('Aluminum - Bead Blasted',#3063);
#3061=FILL_AREA_STYLE_COLOUR('Acrylic (Clear)',#3064);
#3062=COLOUR_RGB('Steel - Satin',0.627450980392157,0.627450980392157,0.627450980392157);
#3063=COLOUR_RGB('Aluminum - Bead Blasted',0.96078431372549,0.96078431372549,
0.964705882352941);
#3064=COLOUR_RGB('Acrylic (Clear)',0.964705882352941,0.964705882352941,
0.952941176470588);
ENDSEC;
END-ISO-10303-21;
