ISO-10303-21;
HEADER;
/* Generated by software containing ST-Developer
 * from STEP Tools, Inc. (www.steptools.com) 
 */

FILE_DESCRIPTION(
/* description */ ('KiCad electronic assembly'),
/* implementation_level */ '2;1');

FILE_NAME(
/* name */ 'glowbug v4 - for machining - smaller slit - main.step',
/* time_stamp */ '2026-08-17T16:05:03-07:00',
/* author */ (''),
/* organization */ (''),
/* preprocessor_version */ 'ST-DEVELOPER v20.1',
/* originating_system */ 'Autodesk Translation Framework v15.8.0.0',
/* authorisation */ '');

FILE_SCHEMA (('AUTOMOTIVE_DESIGN { 1 0 10303 214 3 1 1 }'));
ENDSEC;

DATA;
#10=MECHANICAL_DESIGN_GEOMETRIC_PRESENTATION_REPRESENTATION('',(#13),#3309);
#11=SHAPE_REPRESENTATION_RELATIONSHIP('SRR','None',#3315,#12);
#12=ADVANCED_BREP_SHAPE_REPRESENTATION('',(#14),#3308);
#13=STYLED_ITEM('',(#3325),#14);
#14=MANIFOLD_SOLID_BREP('main',#1829);
#15=B_SPLINE_SURFACE_WITH_KNOTS('',3,3,((#2725,#2726,#2727,#2728,#2729,
#2730,#2731,#2732,#2733,#2734),(#2735,#2736,#2737,#2738,#2739,#2740,#2741,
#2742,#2743,#2744),(#2745,#2746,#2747,#2748,#2749,#2750,#2751,#2752,#2753,
#2754),(#2755,#2756,#2757,#2758,#2759,#2760,#2761,#2762,#2763,#2764),(#2765,
#2766,#2767,#2768,#2769,#2770,#2771,#2772,#2773,#2774)),.UNSPECIFIED.,.F.,
 .F.,.F.,(4,1,4),(4,1,1,1,1,1,1,4),(0.,0.571428571428571,1.),(-0.204574150648388,
-0.198382455876045,-0.192190761103702,-0.179807371559015,-0.155040592469643,
-0.105507034290897,-0.0807402552015243,-0.0312066970227788),
 .UNSPECIFIED.);
#16=B_SPLINE_SURFACE_WITH_KNOTS('',3,3,((#2963,#2964,#2965,#2966,#2967,
#2968,#2969,#2970,#2971,#2972),(#2973,#2974,#2975,#2976,#2977,#2978,#2979,
#2980,#2981,#2982),(#2983,#2984,#2985,#2986,#2987,#2988,#2989,#2990,#2991,
#2992),(#2993,#2994,#2995,#2996,#2997,#2998,#2999,#3000,#3001,#3002),(#3003,
#3004,#3005,#3006,#3007,#3008,#3009,#3010,#3011,#3012)),.UNSPECIFIED.,.F.,
 .F.,.F.,(4,1,4),(4,1,1,1,1,1,1,4),(0.,0.571428571428571,1.),(-0.70626764767273,
-0.656734089493966,-0.631967310404584,-0.58243375222582,-0.557666973136438,
-0.545283583591747,-0.539091888819401,-0.532900194047055),.UNSPECIFIED.);
#17=(
BOUNDED_SURFACE()
B_SPLINE_SURFACE(2,2,((#2696,#2697,#2698),(#2699,#2700,#2701),(#2702,#2703,
#2704)),.UNSPECIFIED.,.F.,.F.,.F.)
B_SPLINE_SURFACE_WITH_KNOTS((3,3),(3,3),(0.,1.57079632679491),(1.24900063672235E-15,
1.5707963267949),.UNSPECIFIED.)
GEOMETRIC_REPRESENTATION_ITEM()
RATIONAL_B_SPLINE_SURFACE(((1.,0.707106781186548,1.),(0.707106781186512,
0.499999999999976,0.707106781186512),(1.,0.707106781186548,1.)))
REPRESENTATION_ITEM('')
SURFACE()
);
#18=(
BOUNDED_SURFACE()
B_SPLINE_SURFACE(2,2,((#2827,#2828,#2829),(#2830,#2831,#2832),(#2833,#2834,
#2835)),.UNSPECIFIED.,.F.,.F.,.F.)
B_SPLINE_SURFACE_WITH_KNOTS((3,3),(3,3),(0.,1.5707963267949),(1.5707963267949,
3.14159265358979),.UNSPECIFIED.)
GEOMETRIC_REPRESENTATION_ITEM()
RATIONAL_B_SPLINE_SURFACE(((1.,0.707106781186547,1.),(0.707106781186548,
0.5,0.707106781186548),(1.,0.707106781186547,1.)))
REPRESENTATION_ITEM('')
SURFACE()
);
#19=(
BOUNDED_SURFACE()
B_SPLINE_SURFACE(2,2,((#2884,#2885,#2886),(#2887,#2888,#2889),(#2890,#2891,
#2892)),.UNSPECIFIED.,.F.,.F.,.F.)
B_SPLINE_SURFACE_WITH_KNOTS((3,3),(3,3),(0.,1.5707963267949),(-3.14159265358979,
-1.5707963267949),.UNSPECIFIED.)
GEOMETRIC_REPRESENTATION_ITEM()
RATIONAL_B_SPLINE_SURFACE(((1.,0.707106781186547,1.),(0.707106781186547,
0.5,0.707106781186547),(1.,0.707106781186547,1.)))
REPRESENTATION_ITEM('')
SURFACE()
);
#20=(
BOUNDED_SURFACE()
B_SPLINE_SURFACE(2,2,((#2943,#2944,#2945),(#2946,#2947,#2948),(#2949,#2950,
#2951)),.UNSPECIFIED.,.F.,.F.,.F.)
B_SPLINE_SURFACE_WITH_KNOTS((3,3),(3,3),(0.,1.5707963267949),(-1.5707963267949,
4.44089020708081E-15),.UNSPECIFIED.)
GEOMETRIC_REPRESENTATION_ITEM()
RATIONAL_B_SPLINE_SURFACE(((1.,0.707106781186546,1.),(0.707106781186514,
0.499999999999975,0.707106781186514),(1.,0.707106781186546,1.)))
REPRESENTATION_ITEM('')
SURFACE()
);
#21=B_SPLINE_CURVE_WITH_KNOTS('',3,(#2656,#2657,#2658,#2659,#2660,#2661,
#2662,#2663),.UNSPECIFIED.,.F.,.F.,(4,2,2,4),(2.31559393881753E-9,0.0197248585960615,
0.0327566314332075,0.0423676795006602),.UNSPECIFIED.);
#22=B_SPLINE_CURVE_WITH_KNOTS('',3,(#2674,#2675,#2676,#2677,#2678,#2679),
 .UNSPECIFIED.,.F.,.F.,(4,2,4),(0.,0.0144432659700768,0.042326005091262),
 .UNSPECIFIED.);
#23=B_SPLINE_CURVE_WITH_KNOTS('',3,(#2713,#2714,#2715,#2716,#2717,#2718,
#2719,#2720,#2721,#2722),.UNSPECIFIED.,.F.,.F.,(4,2,2,2,4),(0.534445444412074,
0.579786117550395,0.625126790688716,0.691655605499094,0.758184420309473),
 .UNSPECIFIED.);
#24=B_SPLINE_CURVE_WITH_KNOTS('',3,(#2776,#2777,#2778,#2779,#2780,#2781,
#2782,#2783,#2784,#2785),.UNSPECIFIED.,.F.,.F.,(4,1,1,1,1,1,1,4),(-0.204574150648388,
-0.198382455876045,-0.192190761103702,-0.179807371559015,-0.155040592469643,
-0.105507034290897,-0.0807402552015243,-0.0603438461153502),
 .UNSPECIFIED.);
#25=B_SPLINE_CURVE_WITH_KNOTS('',3,(#2816,#2817,#2818,#2819,#2820,#2821,
#2822,#2823,#2824,#2825),.UNSPECIFIED.,.F.,.F.,(4,2,2,2,4),(0.,0.0665288148103786,
0.133057629620757,0.178398302759078,0.2237389758974),.UNSPECIFIED.);
#26=B_SPLINE_CURVE_WITH_KNOTS('',3,(#2844,#2845,#2846,#2847,#2848,#2849,
#2850,#2851),.UNSPECIFIED.,.F.,.F.,(4,2,2,4),(0.534445444412075,0.584607482095621,
0.634769519779166,0.758261311714246),.UNSPECIFIED.);
#27=B_SPLINE_CURVE_WITH_KNOTS('',3,(#2873,#2874,#2875,#2876,#2877,#2878,
#2879,#2880,#2881,#2882),.UNSPECIFIED.,.F.,.F.,(4,2,2,2,4),(0.,0.0665288148103786,
0.133057629620757,0.178398302759078,0.223738975897399),.UNSPECIFIED.);
#28=B_SPLINE_CURVE_WITH_KNOTS('',3,(#2901,#2902,#2903,#2904,#2905,#2906,
#2907,#2908,#2909,#2910),.UNSPECIFIED.,.F.,.F.,(4,2,2,2,4),(0.534445444412075,
0.579786117550396,0.625126790688717,0.691655605499096,0.758184420309475),
 .UNSPECIFIED.);
#29=B_SPLINE_CURVE_WITH_KNOTS('',3,(#2932,#2933,#2934,#2935,#2936,#2937,
#2938,#2939,#2940,#2941),.UNSPECIFIED.,.F.,.F.,(4,2,2,2,4),(0.,0.0665288148103785,
0.133057629620757,0.178398302759078,0.223738975897399),.UNSPECIFIED.);
#30=B_SPLINE_CURVE_WITH_KNOTS('',3,(#3013,#3014,#3015,#3016,#3017,#3018,
#3019,#3020,#3021,#3022),.UNSPECIFIED.,.F.,.F.,(4,1,1,1,1,1,1,4),(-0.677130497497605,
-0.656734089493966,-0.631967310404584,-0.58243375222582,-0.557666973136438,
-0.545283583591747,-0.539091888819401,-0.532900194047055),.UNSPECIFIED.);
#31=B_SPLINE_CURVE_WITH_KNOTS('',3,(#3067,#3068,#3069,#3070,#3071,#3072),
 .UNSPECIFIED.,.F.,.F.,(4,2,4),(0.,0.0590474541984733,0.115726739946039),
 .UNSPECIFIED.);
#32=B_SPLINE_CURVE_WITH_KNOTS('',3,(#3103,#3104,#3105,#3106,#3107,#3108),
 .UNSPECIFIED.,.F.,.F.,(4,2,4),(1.61649726742816,1.67317655317585,1.73222400737433),
 .UNSPECIFIED.);
#33=FACE_BOUND('',#300,.T.);
#34=FACE_BOUND('',#310,.T.);
#35=FACE_BOUND('',#320,.T.);
#36=FACE_BOUND('',#322,.T.);
#37=FACE_BOUND('',#327,.T.);
#38=FACE_BOUND('',#332,.T.);
#39=FACE_BOUND('',#338,.T.);
#40=FACE_BOUND('',#349,.T.);
#41=FACE_BOUND('',#365,.T.);
#42=FACE_BOUND('',#377,.T.);
#43=FACE_BOUND('',#390,.T.);
#44=FACE_BOUND('',#391,.T.);
#45=FACE_BOUND('',#392,.T.);
#46=FACE_BOUND('',#393,.T.);
#47=FACE_BOUND('',#394,.T.);
#48=CYLINDRICAL_SURFACE('',#1839,1.2);
#49=CYLINDRICAL_SURFACE('',#1843,1.2);
#50=CYLINDRICAL_SURFACE('',#1854,1.);
#51=CYLINDRICAL_SURFACE('',#1859,1.);
#52=CYLINDRICAL_SURFACE('',#1863,1.);
#53=CYLINDRICAL_SURFACE('',#1869,1.);
#54=CYLINDRICAL_SURFACE('',#1877,1.);
#55=CYLINDRICAL_SURFACE('',#1882,1.);
#56=CYLINDRICAL_SURFACE('',#1888,1.);
#57=CYLINDRICAL_SURFACE('',#1893,1.);
#58=CYLINDRICAL_SURFACE('',#1899,1.);
#59=CYLINDRICAL_SURFACE('',#1904,1.);
#60=CYLINDRICAL_SURFACE('',#1912,2.);
#61=CYLINDRICAL_SURFACE('',#1914,2.);
#62=CYLINDRICAL_SURFACE('',#1916,2.);
#63=CYLINDRICAL_SURFACE('',#1919,2.);
#64=CYLINDRICAL_SURFACE('',#1921,2.);
#65=CYLINDRICAL_SURFACE('',#1923,1.57);
#66=CYLINDRICAL_SURFACE('',#1926,2.);
#67=CYLINDRICAL_SURFACE('',#1928,2.);
#68=CYLINDRICAL_SURFACE('',#1931,2.);
#69=CYLINDRICAL_SURFACE('',#1935,1.57);
#70=CYLINDRICAL_SURFACE('',#1953,4.00000042591002);
#71=CYLINDRICAL_SURFACE('',#1956,4.00000042591002);
#72=CYLINDRICAL_SURFACE('',#1978,1.57);
#73=CYLINDRICAL_SURFACE('',#1988,1.57);
#74=CYLINDRICAL_SURFACE('',#1989,2.00000042591004);
#75=CYLINDRICAL_SURFACE('',#1990,2.00000042591002);
#76=CYLINDRICAL_SURFACE('',#1991,2.00000042591006);
#77=CYLINDRICAL_SURFACE('',#1992,2.00000042591002);
#78=CYLINDRICAL_SURFACE('',#2005,3.59999999999999);
#79=CYLINDRICAL_SURFACE('',#2007,3.6);
#80=CYLINDRICAL_SURFACE('',#2008,4.00000042591002);
#81=CYLINDRICAL_SURFACE('',#2009,4.00000042591005);
#82=CYLINDRICAL_SURFACE('',#2010,1.7);
#83=CYLINDRICAL_SURFACE('',#2011,1.7);
#84=CYLINDRICAL_SURFACE('',#2012,1.7);
#85=CYLINDRICAL_SURFACE('',#2014,3.59999999999999);
#86=CYLINDRICAL_SURFACE('',#2015,1.7);
#87=CYLINDRICAL_SURFACE('',#2017,3.6);
#88=CIRCLE('',#1833,1.4);
#89=CIRCLE('',#1834,1.2);
#90=CIRCLE('',#1837,1.4);
#91=CIRCLE('',#1838,1.2);
#92=CIRCLE('',#1840,1.2);
#93=CIRCLE('',#1844,1.2);
#94=CIRCLE('',#1848,1.);
#95=CIRCLE('',#1849,1.2);
#96=CIRCLE('',#1852,1.);
#97=CIRCLE('',#1853,1.2);
#98=CIRCLE('',#1855,1.);
#99=CIRCLE('',#1860,1.);
#100=CIRCLE('',#1864,1.00000000000001);
#101=CIRCLE('',#1865,1.);
#102=CIRCLE('',#1866,1.);
#103=CIRCLE('',#1867,2.00000042591004);
#104=CIRCLE('',#1868,1.00000042591004);
#105=CIRCLE('',#1870,2.);
#106=CIRCLE('',#1873,2.);
#107=CIRCLE('',#1874,3.59999999999999);
#108=CIRCLE('',#1875,2.);
#109=CIRCLE('',#1876,1.7);
#110=CIRCLE('',#1878,1.);
#111=CIRCLE('',#1879,1.);
#112=CIRCLE('',#1880,2.00000042591002);
#113=CIRCLE('',#1881,1.00000042591002);
#114=CIRCLE('',#1884,2.);
#115=CIRCLE('',#1885,3.6);
#116=CIRCLE('',#1886,2.);
#117=CIRCLE('',#1887,1.7);
#118=CIRCLE('',#1889,1.);
#119=CIRCLE('',#1890,1.);
#120=CIRCLE('',#1891,2.00000042591002);
#121=CIRCLE('',#1892,1.00000042591002);
#122=CIRCLE('',#1895,2.);
#123=CIRCLE('',#1896,3.6);
#124=CIRCLE('',#1897,2.);
#125=CIRCLE('',#1898,1.7);
#126=CIRCLE('',#1900,1.);
#127=CIRCLE('',#1901,1.);
#128=CIRCLE('',#1902,2.00000042591006);
#129=CIRCLE('',#1903,1.00000042591006);
#130=CIRCLE('',#1905,1.);
#131=CIRCLE('',#1906,2.);
#132=CIRCLE('',#1908,2.);
#133=CIRCLE('',#1909,3.59999999999999);
#134=CIRCLE('',#1910,2.);
#135=CIRCLE('',#1911,1.7);
#136=CIRCLE('',#1913,2.);
#137=CIRCLE('',#1915,2.);
#138=CIRCLE('',#1917,2.);
#139=CIRCLE('',#1920,2.);
#140=CIRCLE('',#1922,2.);
#141=CIRCLE('',#1924,1.57);
#142=CIRCLE('',#1925,1.57);
#143=CIRCLE('',#1927,2.);
#144=CIRCLE('',#1929,2.);
#145=CIRCLE('',#1932,2.);
#146=CIRCLE('',#1934,1.57);
#147=CIRCLE('',#1936,1.57);
#148=CIRCLE('',#1939,4.00000042591002);
#149=CIRCLE('',#1940,3.80000042591002);
#150=CIRCLE('',#1943,4.00000042591002);
#151=CIRCLE('',#1944,3.80000042591002);
#152=CIRCLE('',#1947,4.00000042591002);
#153=CIRCLE('',#1948,3.80000042591);
#154=CIRCLE('',#1951,4.00000042591005);
#155=CIRCLE('',#1952,3.80000042591004);
#156=CIRCLE('',#1954,4.00000042591002);
#157=CIRCLE('',#1957,4.00000042591002);
#158=CIRCLE('',#1959,2.00000042591002);
#159=CIRCLE('',#1960,2.00000042591006);
#160=CIRCLE('',#1961,2.00000042591004);
#161=CIRCLE('',#1962,2.00000042591002);
#162=CIRCLE('',#1964,1.57);
#163=CIRCLE('',#1965,1.77);
#164=CIRCLE('',#1968,1.57);
#165=CIRCLE('',#1969,1.77);
#166=CIRCLE('',#1972,1.77);
#167=CIRCLE('',#1975,1.77);
#168=CIRCLE('',#1979,1.57);
#169=CIRCLE('',#1983,1.57);
#170=CIRCLE('',#1994,4.00000042591005);
#171=CIRCLE('',#1995,4.00000042591002);
#172=CIRCLE('',#1996,3.6);
#173=CIRCLE('',#1997,3.59999999999999);
#174=CIRCLE('',#1998,3.59999999999999);
#175=CIRCLE('',#1999,3.6);
#176=CIRCLE('',#2000,1.7);
#177=CIRCLE('',#2001,1.7);
#178=CIRCLE('',#2002,1.7);
#179=CIRCLE('',#2003,1.7);
#180=CONICAL_SURFACE('',#1832,1.3,0.785398163397437);
#181=CONICAL_SURFACE('',#1836,1.3,0.785398163397437);
#182=CONICAL_SURFACE('',#1847,1.1,0.785398163397418);
#183=CONICAL_SURFACE('',#1851,1.1,0.785398163397354);
#184=CONICAL_SURFACE('',#1938,3.90000042591002,0.785398163397454);
#185=CONICAL_SURFACE('',#1942,3.90000042591002,0.785398163397442);
#186=CONICAL_SURFACE('',#1946,3.90000042591001,0.785398163397484);
#187=CONICAL_SURFACE('',#1950,3.90000042591005,0.785398163397487);
#188=CONICAL_SURFACE('',#1963,1.67,0.785398163397451);
#189=CONICAL_SURFACE('',#1967,1.67,0.78539816339729);
#190=CONICAL_SURFACE('',#1971,1.67,0.78539816339729);
#191=CONICAL_SURFACE('',#1974,1.67,0.785398163397451);
#192=FACE_OUTER_BOUND('',#293,.T.);
#193=FACE_OUTER_BOUND('',#294,.T.);
#194=FACE_OUTER_BOUND('',#295,.T.);
#195=FACE_OUTER_BOUND('',#296,.T.);
#196=FACE_OUTER_BOUND('',#297,.T.);
#197=FACE_OUTER_BOUND('',#298,.T.);
#198=FACE_OUTER_BOUND('',#299,.T.);
#199=FACE_OUTER_BOUND('',#301,.T.);
#200=FACE_OUTER_BOUND('',#302,.T.);
#201=FACE_OUTER_BOUND('',#303,.T.);
#202=FACE_OUTER_BOUND('',#304,.T.);
#203=FACE_OUTER_BOUND('',#305,.T.);
#204=FACE_OUTER_BOUND('',#306,.T.);
#205=FACE_OUTER_BOUND('',#307,.T.);
#206=FACE_OUTER_BOUND('',#308,.T.);
#207=FACE_OUTER_BOUND('',#309,.T.);
#208=FACE_OUTER_BOUND('',#311,.T.);
#209=FACE_OUTER_BOUND('',#312,.T.);
#210=FACE_OUTER_BOUND('',#313,.T.);
#211=FACE_OUTER_BOUND('',#314,.T.);
#212=FACE_OUTER_BOUND('',#315,.T.);
#213=FACE_OUTER_BOUND('',#316,.T.);
#214=FACE_OUTER_BOUND('',#317,.T.);
#215=FACE_OUTER_BOUND('',#318,.T.);
#216=FACE_OUTER_BOUND('',#319,.T.);
#217=FACE_OUTER_BOUND('',#321,.T.);
#218=FACE_OUTER_BOUND('',#323,.T.);
#219=FACE_OUTER_BOUND('',#324,.T.);
#220=FACE_OUTER_BOUND('',#325,.T.);
#221=FACE_OUTER_BOUND('',#326,.T.);
#222=FACE_OUTER_BOUND('',#328,.T.);
#223=FACE_OUTER_BOUND('',#329,.T.);
#224=FACE_OUTER_BOUND('',#330,.T.);
#225=FACE_OUTER_BOUND('',#331,.T.);
#226=FACE_OUTER_BOUND('',#333,.T.);
#227=FACE_OUTER_BOUND('',#334,.T.);
#228=FACE_OUTER_BOUND('',#335,.T.);
#229=FACE_OUTER_BOUND('',#336,.T.);
#230=FACE_OUTER_BOUND('',#337,.T.);
#231=FACE_OUTER_BOUND('',#339,.T.);
#232=FACE_OUTER_BOUND('',#340,.T.);
#233=FACE_OUTER_BOUND('',#341,.T.);
#234=FACE_OUTER_BOUND('',#342,.T.);
#235=FACE_OUTER_BOUND('',#343,.T.);
#236=FACE_OUTER_BOUND('',#344,.T.);
#237=FACE_OUTER_BOUND('',#345,.T.);
#238=FACE_OUTER_BOUND('',#346,.T.);
#239=FACE_OUTER_BOUND('',#347,.T.);
#240=FACE_OUTER_BOUND('',#348,.T.);
#241=FACE_OUTER_BOUND('',#350,.T.);
#242=FACE_OUTER_BOUND('',#351,.T.);
#243=FACE_OUTER_BOUND('',#352,.T.);
#244=FACE_OUTER_BOUND('',#353,.T.);
#245=FACE_OUTER_BOUND('',#354,.T.);
#246=FACE_OUTER_BOUND('',#355,.T.);
#247=FACE_OUTER_BOUND('',#356,.T.);
#248=FACE_OUTER_BOUND('',#357,.T.);
#249=FACE_OUTER_BOUND('',#358,.T.);
#250=FACE_OUTER_BOUND('',#359,.T.);
#251=FACE_OUTER_BOUND('',#360,.T.);
#252=FACE_OUTER_BOUND('',#361,.T.);
#253=FACE_OUTER_BOUND('',#362,.T.);
#254=FACE_OUTER_BOUND('',#363,.T.);
#255=FACE_OUTER_BOUND('',#364,.T.);
#256=FACE_OUTER_BOUND('',#366,.T.);
#257=FACE_OUTER_BOUND('',#367,.T.);
#258=FACE_OUTER_BOUND('',#368,.T.);
#259=FACE_OUTER_BOUND('',#369,.T.);
#260=FACE_OUTER_BOUND('',#370,.T.);
#261=FACE_OUTER_BOUND('',#371,.T.);
#262=FACE_OUTER_BOUND('',#372,.T.);
#263=FACE_OUTER_BOUND('',#373,.T.);
#264=FACE_OUTER_BOUND('',#374,.T.);
#265=FACE_OUTER_BOUND('',#375,.T.);
#266=FACE_OUTER_BOUND('',#376,.T.);
#267=FACE_OUTER_BOUND('',#378,.T.);
#268=FACE_OUTER_BOUND('',#379,.T.);
#269=FACE_OUTER_BOUND('',#380,.T.);
#270=FACE_OUTER_BOUND('',#381,.T.);
#271=FACE_OUTER_BOUND('',#382,.T.);
#272=FACE_OUTER_BOUND('',#383,.T.);
#273=FACE_OUTER_BOUND('',#384,.T.);
#274=FACE_OUTER_BOUND('',#385,.T.);
#275=FACE_OUTER_BOUND('',#386,.T.);
#276=FACE_OUTER_BOUND('',#387,.T.);
#277=FACE_OUTER_BOUND('',#388,.T.);
#278=FACE_OUTER_BOUND('',#389,.T.);
#279=FACE_OUTER_BOUND('',#395,.T.);
#280=FACE_OUTER_BOUND('',#396,.T.);
#281=FACE_OUTER_BOUND('',#397,.T.);
#282=FACE_OUTER_BOUND('',#398,.T.);
#283=FACE_OUTER_BOUND('',#399,.T.);
#284=FACE_OUTER_BOUND('',#400,.T.);
#285=FACE_OUTER_BOUND('',#401,.T.);
#286=FACE_OUTER_BOUND('',#402,.T.);
#287=FACE_OUTER_BOUND('',#403,.T.);
#288=FACE_OUTER_BOUND('',#404,.T.);
#289=FACE_OUTER_BOUND('',#405,.T.);
#290=FACE_OUTER_BOUND('',#406,.T.);
#291=FACE_OUTER_BOUND('',#407,.T.);
#292=FACE_OUTER_BOUND('',#408,.T.);
#293=EDGE_LOOP('',(#1157,#1158,#1159,#1160));
#294=EDGE_LOOP('',(#1161,#1162,#1163,#1164));
#295=EDGE_LOOP('',(#1165,#1166,#1167,#1168));
#296=EDGE_LOOP('',(#1169,#1170,#1171,#1172));
#297=EDGE_LOOP('',(#1173,#1174,#1175,#1176));
#298=EDGE_LOOP('',(#1177,#1178,#1179,#1180));
#299=EDGE_LOOP('',(#1181,#1182,#1183,#1184));
#300=EDGE_LOOP('',(#1185,#1186,#1187,#1188));
#301=EDGE_LOOP('',(#1189,#1190,#1191,#1192));
#302=EDGE_LOOP('',(#1193,#1194,#1195,#1196));
#303=EDGE_LOOP('',(#1197,#1198,#1199,#1200));
#304=EDGE_LOOP('',(#1201,#1202,#1203,#1204));
#305=EDGE_LOOP('',(#1205,#1206,#1207,#1208));
#306=EDGE_LOOP('',(#1209,#1210,#1211,#1212));
#307=EDGE_LOOP('',(#1213,#1214,#1215,#1216));
#308=EDGE_LOOP('',(#1217,#1218,#1219,#1220));
#309=EDGE_LOOP('',(#1221,#1222,#1223,#1224));
#310=EDGE_LOOP('',(#1225,#1226,#1227,#1228));
#311=EDGE_LOOP('',(#1229,#1230,#1231,#1232));
#312=EDGE_LOOP('',(#1233,#1234,#1235,#1236));
#313=EDGE_LOOP('',(#1237,#1238,#1239,#1240,#1241));
#314=EDGE_LOOP('',(#1242,#1243,#1244,#1245,#1246));
#315=EDGE_LOOP('',(#1247,#1248,#1249,#1250));
#316=EDGE_LOOP('',(#1251,#1252,#1253,#1254));
#317=EDGE_LOOP('',(#1255,#1256,#1257,#1258));
#318=EDGE_LOOP('',(#1259,#1260,#1261,#1262));
#319=EDGE_LOOP('',(#1263,#1264,#1265,#1266,#1267,#1268,#1269,#1270));
#320=EDGE_LOOP('',(#1271,#1272,#1273,#1274));
#321=EDGE_LOOP('',(#1275,#1276,#1277,#1278,#1279,#1280,#1281,#1282));
#322=EDGE_LOOP('',(#1283));
#323=EDGE_LOOP('',(#1284,#1285,#1286,#1287));
#324=EDGE_LOOP('',(#1288,#1289,#1290,#1291));
#325=EDGE_LOOP('',(#1292,#1293,#1294,#1295));
#326=EDGE_LOOP('',(#1296,#1297,#1298,#1299,#1300,#1301,#1302,#1303));
#327=EDGE_LOOP('',(#1304));
#328=EDGE_LOOP('',(#1305,#1306,#1307,#1308));
#329=EDGE_LOOP('',(#1309,#1310,#1311,#1312));
#330=EDGE_LOOP('',(#1313,#1314,#1315,#1316));
#331=EDGE_LOOP('',(#1317,#1318,#1319,#1320,#1321,#1322,#1323,#1324));
#332=EDGE_LOOP('',(#1325));
#333=EDGE_LOOP('',(#1326,#1327,#1328,#1329));
#334=EDGE_LOOP('',(#1330,#1331,#1332,#1333));
#335=EDGE_LOOP('',(#1334,#1335,#1336,#1337));
#336=EDGE_LOOP('',(#1338,#1339,#1340,#1341));
#337=EDGE_LOOP('',(#1342,#1343,#1344,#1345,#1346,#1347,#1348,#1349));
#338=EDGE_LOOP('',(#1350));
#339=EDGE_LOOP('',(#1351,#1352,#1353,#1354,#1355));
#340=EDGE_LOOP('',(#1356,#1357,#1358,#1359,#1360));
#341=EDGE_LOOP('',(#1361,#1362,#1363,#1364,#1365));
#342=EDGE_LOOP('',(#1366,#1367,#1368,#1369,#1370,#1371,#1372,#1373));
#343=EDGE_LOOP('',(#1374,#1375,#1376,#1377,#1378));
#344=EDGE_LOOP('',(#1379,#1380,#1381,#1382,#1383,#1384));
#345=EDGE_LOOP('',(#1385,#1386,#1387,#1388));
#346=EDGE_LOOP('',(#1389,#1390,#1391,#1392,#1393));
#347=EDGE_LOOP('',(#1394,#1395,#1396,#1397,#1398));
#348=EDGE_LOOP('',(#1399,#1400,#1401,#1402,#1403,#1404,#1405,#1406));
#349=EDGE_LOOP('',(#1407,#1408,#1409,#1410));
#350=EDGE_LOOP('',(#1411,#1412,#1413,#1414,#1415,#1416));
#351=EDGE_LOOP('',(#1417,#1418,#1419,#1420,#1421,#1422,#1423,#1424,#1425,
#1426,#1427,#1428));
#352=EDGE_LOOP('',(#1429,#1430,#1431,#1432));
#353=EDGE_LOOP('',(#1433,#1434,#1435,#1436));
#354=EDGE_LOOP('',(#1437,#1438,#1439,#1440));
#355=EDGE_LOOP('',(#1441,#1442,#1443,#1444));
#356=EDGE_LOOP('',(#1445,#1446,#1447,#1448));
#357=EDGE_LOOP('',(#1449,#1450,#1451,#1452));
#358=EDGE_LOOP('',(#1453,#1454,#1455,#1456));
#359=EDGE_LOOP('',(#1457,#1458,#1459,#1460));
#360=EDGE_LOOP('',(#1461,#1462,#1463,#1464));
#361=EDGE_LOOP('',(#1465,#1466,#1467,#1468));
#362=EDGE_LOOP('',(#1469,#1470,#1471,#1472));
#363=EDGE_LOOP('',(#1473,#1474,#1475,#1476));
#364=EDGE_LOOP('',(#1477,#1478,#1479,#1480,#1481,#1482,#1483,#1484));
#365=EDGE_LOOP('',(#1485,#1486,#1487,#1488,#1489,#1490,#1491,#1492));
#366=EDGE_LOOP('',(#1493,#1494,#1495,#1496));
#367=EDGE_LOOP('',(#1497,#1498,#1499,#1500));
#368=EDGE_LOOP('',(#1501,#1502,#1503,#1504));
#369=EDGE_LOOP('',(#1505,#1506,#1507,#1508));
#370=EDGE_LOOP('',(#1509,#1510,#1511,#1512));
#371=EDGE_LOOP('',(#1513,#1514,#1515,#1516));
#372=EDGE_LOOP('',(#1517,#1518,#1519,#1520));
#373=EDGE_LOOP('',(#1521,#1522,#1523,#1524));
#374=EDGE_LOOP('',(#1525,#1526,#1527,#1528));
#375=EDGE_LOOP('',(#1529,#1530,#1531,#1532,#1533));
#376=EDGE_LOOP('',(#1534,#1535,#1536,#1537));
#377=EDGE_LOOP('',(#1538,#1539,#1540,#1541,#1542,#1543,#1544,#1545));
#378=EDGE_LOOP('',(#1546,#1547,#1548,#1549));
#379=EDGE_LOOP('',(#1550,#1551,#1552,#1553,#1554,#1555));
#380=EDGE_LOOP('',(#1556,#1557,#1558,#1559));
#381=EDGE_LOOP('',(#1560,#1561,#1562,#1563));
#382=EDGE_LOOP('',(#1564,#1565,#1566,#1567));
#383=EDGE_LOOP('',(#1568,#1569,#1570,#1571));
#384=EDGE_LOOP('',(#1572,#1573,#1574,#1575,#1576));
#385=EDGE_LOOP('',(#1577,#1578,#1579,#1580));
#386=EDGE_LOOP('',(#1581,#1582,#1583,#1584));
#387=EDGE_LOOP('',(#1585,#1586,#1587,#1588));
#388=EDGE_LOOP('',(#1589,#1590,#1591,#1592));
#389=EDGE_LOOP('',(#1593,#1594,#1595,#1596,#1597,#1598,#1599,#1600));
#390=EDGE_LOOP('',(#1601,#1602,#1603,#1604,#1605,#1606,#1607,#1608,#1609,
#1610,#1611,#1612,#1613,#1614,#1615,#1616,#1617,#1618,#1619,#1620,#1621,
#1622,#1623,#1624));
#391=EDGE_LOOP('',(#1625));
#392=EDGE_LOOP('',(#1626));
#393=EDGE_LOOP('',(#1627));
#394=EDGE_LOOP('',(#1628));
#395=EDGE_LOOP('',(#1629,#1630,#1631,#1632));
#396=EDGE_LOOP('',(#1633,#1634,#1635,#1636));
#397=EDGE_LOOP('',(#1637,#1638,#1639,#1640));
#398=EDGE_LOOP('',(#1641,#1642,#1643,#1644));
#399=EDGE_LOOP('',(#1645,#1646,#1647,#1648));
#400=EDGE_LOOP('',(#1649,#1650,#1651,#1652));
#401=EDGE_LOOP('',(#1653,#1654,#1655,#1656));
#402=EDGE_LOOP('',(#1657,#1658,#1659,#1660));
#403=EDGE_LOOP('',(#1661,#1662,#1663,#1664));
#404=EDGE_LOOP('',(#1665,#1666,#1667,#1668));
#405=EDGE_LOOP('',(#1669,#1670,#1671,#1672));
#406=EDGE_LOOP('',(#1673,#1674,#1675,#1676));
#407=EDGE_LOOP('',(#1677,#1678,#1679,#1680));
#408=EDGE_LOOP('',(#1681,#1682,#1683,#1684));
#409=LINE('',#2558,#569);
#410=LINE('',#2560,#570);
#411=LINE('',#2562,#571);
#412=LINE('',#2563,#572);
#413=LINE('',#2567,#573);
#414=LINE('',#2573,#574);
#415=LINE('',#2574,#575);
#416=LINE('',#2575,#576);
#417=LINE('',#2581,#577);
#418=LINE('',#2584,#578);
#419=LINE('',#2587,#579);
#420=LINE('',#2588,#580);
#421=LINE('',#2592,#581);
#422=LINE('',#2594,#582);
#423=LINE('',#2596,#583);
#424=LINE('',#2597,#584);
#425=LINE('',#2600,#585);
#426=LINE('',#2603,#586);
#427=LINE('',#2607,#587);
#428=LINE('',#2609,#588);
#429=LINE('',#2611,#589);
#430=LINE('',#2612,#590);
#431=LINE('',#2617,#591);
#432=LINE('',#2622,#592);
#433=LINE('',#2623,#593);
#434=LINE('',#2624,#594);
#435=LINE('',#2630,#595);
#436=LINE('',#2633,#596);
#437=LINE('',#2636,#597);
#438=LINE('',#2637,#598);
#439=LINE('',#2641,#599);
#440=LINE('',#2643,#600);
#441=LINE('',#2645,#601);
#442=LINE('',#2646,#602);
#443=LINE('',#2649,#603);
#444=LINE('',#2650,#604);
#445=LINE('',#2665,#605);
#446=LINE('',#2667,#606);
#447=LINE('',#2669,#607);
#448=LINE('',#2670,#608);
#449=LINE('',#2681,#609);
#450=LINE('',#2683,#610);
#451=LINE('',#2685,#611);
#452=LINE('',#2686,#612);
#453=LINE('',#2692,#613);
#454=LINE('',#2695,#614);
#455=LINE('',#2723,#615);
#456=LINE('',#2724,#616);
#457=LINE('',#2788,#617);
#458=LINE('',#2790,#618);
#459=LINE('',#2792,#619);
#460=LINE('',#2794,#620);
#461=LINE('',#2796,#621);
#462=LINE('',#2798,#622);
#463=LINE('',#2799,#623);
#464=LINE('',#2804,#624);
#465=LINE('',#2808,#625);
#466=LINE('',#2826,#626);
#467=LINE('',#2852,#627);
#468=LINE('',#2853,#628);
#469=LINE('',#2858,#629);
#470=LINE('',#2862,#630);
#471=LINE('',#2871,#631);
#472=LINE('',#2883,#632);
#473=LINE('',#2911,#633);
#474=LINE('',#2912,#634);
#475=LINE('',#2917,#635);
#476=LINE('',#2921,#636);
#477=LINE('',#2930,#637);
#478=LINE('',#2942,#638);
#479=LINE('',#2961,#639);
#480=LINE('',#2962,#640);
#481=LINE('',#3028,#641);
#482=LINE('',#3032,#642);
#483=LINE('',#3039,#643);
#484=LINE('',#3042,#644);
#485=LINE('',#3045,#645);
#486=LINE('',#3048,#646);
#487=LINE('',#3051,#647);
#488=LINE('',#3053,#648);
#489=LINE('',#3055,#649);
#490=LINE('',#3057,#650);
#491=LINE('',#3058,#651);
#492=LINE('',#3061,#652);
#493=LINE('',#3064,#653);
#494=LINE('',#3074,#654);
#495=LINE('',#3077,#655);
#496=LINE('',#3082,#656);
#497=LINE('',#3086,#657);
#498=LINE('',#3090,#658);
#499=LINE('',#3093,#659);
#500=LINE('',#3095,#660);
#501=LINE('',#3097,#661);
#502=LINE('',#3099,#662);
#503=LINE('',#3100,#663);
#504=LINE('',#3110,#664);
#505=LINE('',#3113,#665);
#506=LINE('',#3116,#666);
#507=LINE('',#3118,#667);
#508=LINE('',#3119,#668);
#509=LINE('',#3122,#669);
#510=LINE('',#3126,#670);
#511=LINE('',#3129,#671);
#512=LINE('',#3131,#672);
#513=LINE('',#3132,#673);
#514=LINE('',#3137,#674);
#515=LINE('',#3142,#675);
#516=LINE('',#3143,#676);
#517=LINE('',#3144,#677);
#518=LINE('',#3148,#678);
#519=LINE('',#3152,#679);
#520=LINE('',#3153,#680);
#521=LINE('',#3158,#681);
#522=LINE('',#3163,#682);
#523=LINE('',#3164,#683);
#524=LINE('',#3165,#684);
#525=LINE('',#3171,#685);
#526=LINE('',#3175,#686);
#527=LINE('',#3176,#687);
#528=LINE('',#3187,#688);
#529=LINE('',#3190,#689);
#530=LINE('',#3194,#690);
#531=LINE('',#3196,#691);
#532=LINE('',#3197,#692);
#533=LINE('',#3200,#693);
#534=LINE('',#3205,#694);
#535=LINE('',#3206,#695);
#536=LINE('',#3209,#696);
#537=LINE('',#3213,#697);
#538=LINE('',#3214,#698);
#539=LINE('',#3215,#699);
#540=LINE('',#3218,#700);
#541=LINE('',#3221,#701);
#542=LINE('',#3225,#702);
#543=LINE('',#3229,#703);
#544=LINE('',#3231,#704);
#545=LINE('',#3232,#705);
#546=LINE('',#3235,#706);
#547=LINE('',#3236,#707);
#548=LINE('',#3238,#708);
#549=LINE('',#3240,#709);
#550=LINE('',#3244,#710);
#551=LINE('',#3245,#711);
#552=LINE('',#3248,#712);
#553=LINE('',#3249,#713);
#554=LINE('',#3252,#714);
#555=LINE('',#3253,#715);
#556=LINE('',#3255,#716);
#557=LINE('',#3266,#717);
#558=LINE('',#3269,#718);
#559=LINE('',#3272,#719);
#560=LINE('',#3275,#720);
#561=LINE('',#3285,#721);
#562=LINE('',#3288,#722);
#563=LINE('',#3293,#723);
#564=LINE('',#3295,#724);
#565=LINE('',#3297,#725);
#566=LINE('',#3299,#726);
#567=LINE('',#3302,#727);
#568=LINE('',#3304,#728);
#569=VECTOR('',#2022,10.);
#570=VECTOR('',#2023,10.);
#571=VECTOR('',#2024,10.);
#572=VECTOR('',#2025,10.);
#573=VECTOR('',#2028,10.);
#574=VECTOR('',#2035,10.);
#575=VECTOR('',#2036,10.);
#576=VECTOR('',#2037,10.);
#577=VECTOR('',#2046,10.);
#578=VECTOR('',#2049,10.);
#579=VECTOR('',#2052,10.);
#580=VECTOR('',#2053,10.);
#581=VECTOR('',#2056,10.);
#582=VECTOR('',#2057,10.);
#583=VECTOR('',#2058,10.);
#584=VECTOR('',#2059,10.);
#585=VECTOR('',#2062,10.);
#586=VECTOR('',#2067,10.);
#587=VECTOR('',#2070,10.);
#588=VECTOR('',#2071,10.);
#589=VECTOR('',#2072,10.);
#590=VECTOR('',#2073,10.);
#591=VECTOR('',#2078,10.);
#592=VECTOR('',#2083,10.);
#593=VECTOR('',#2084,10.);
#594=VECTOR('',#2085,10.);
#595=VECTOR('',#2094,10.);
#596=VECTOR('',#2097,10.);
#597=VECTOR('',#2100,10.);
#598=VECTOR('',#2101,10.);
#599=VECTOR('',#2104,10.);
#600=VECTOR('',#2105,10.);
#601=VECTOR('',#2106,10.);
#602=VECTOR('',#2107,10.);
#603=VECTOR('',#2110,10.);
#604=VECTOR('',#2111,10.);
#605=VECTOR('',#2118,10.);
#606=VECTOR('',#2119,10.);
#607=VECTOR('',#2120,10.);
#608=VECTOR('',#2121,10.);
#609=VECTOR('',#2124,10.);
#610=VECTOR('',#2125,10.);
#611=VECTOR('',#2126,10.);
#612=VECTOR('',#2127,10.);
#613=VECTOR('',#2132,10.);
#614=VECTOR('',#2135,10.);
#615=VECTOR('',#2144,10.);
#616=VECTOR('',#2145,10.);
#617=VECTOR('',#2150,10.);
#618=VECTOR('',#2151,10.);
#619=VECTOR('',#2152,10.);
#620=VECTOR('',#2153,10.);
#621=VECTOR('',#2154,10.);
#622=VECTOR('',#2155,10.);
#623=VECTOR('',#2156,10.);
#624=VECTOR('',#2161,10.);
#625=VECTOR('',#2164,10.);
#626=VECTOR('',#2173,10.);
#627=VECTOR('',#2182,10.);
#628=VECTOR('',#2183,10.);
#629=VECTOR('',#2188,10.);
#630=VECTOR('',#2191,10.);
#631=VECTOR('',#2200,10.);
#632=VECTOR('',#2201,10.);
#633=VECTOR('',#2210,10.);
#634=VECTOR('',#2211,10.);
#635=VECTOR('',#2216,10.);
#636=VECTOR('',#2219,10.);
#637=VECTOR('',#2228,10.);
#638=VECTOR('',#2229,10.);
#639=VECTOR('',#2240,10.);
#640=VECTOR('',#2241,10.);
#641=VECTOR('',#2248,10.);
#642=VECTOR('',#2251,10.);
#643=VECTOR('',#2260,10.);
#644=VECTOR('',#2263,10.);
#645=VECTOR('',#2266,10.);
#646=VECTOR('',#2269,10.);
#647=VECTOR('',#2272,10.);
#648=VECTOR('',#2275,10.);
#649=VECTOR('',#2276,10.);
#650=VECTOR('',#2277,10.);
#651=VECTOR('',#2278,10.);
#652=VECTOR('',#2281,10.);
#653=VECTOR('',#2284,10.);
#654=VECTOR('',#2287,10.);
#655=VECTOR('',#2290,10.);
#656=VECTOR('',#2295,10.);
#657=VECTOR('',#2300,10.);
#658=VECTOR('',#2305,10.);
#659=VECTOR('',#2308,10.);
#660=VECTOR('',#2311,10.);
#661=VECTOR('',#2312,10.);
#662=VECTOR('',#2313,10.);
#663=VECTOR('',#2314,10.);
#664=VECTOR('',#2317,10.);
#665=VECTOR('',#2320,10.);
#666=VECTOR('',#2323,10.);
#667=VECTOR('',#2324,10.);
#668=VECTOR('',#2325,10.);
#669=VECTOR('',#2328,10.);
#670=VECTOR('',#2333,10.);
#671=VECTOR('',#2336,10.);
#672=VECTOR('',#2337,10.);
#673=VECTOR('',#2338,10.);
#674=VECTOR('',#2343,10.);
#675=VECTOR('',#2348,10.);
#676=VECTOR('',#2349,10.);
#677=VECTOR('',#2350,10.);
#678=VECTOR('',#2355,10.);
#679=VECTOR('',#2360,10.);
#680=VECTOR('',#2361,10.);
#681=VECTOR('',#2366,10.);
#682=VECTOR('',#2371,10.);
#683=VECTOR('',#2372,10.);
#684=VECTOR('',#2373,10.);
#685=VECTOR('',#2382,10.);
#686=VECTOR('',#2387,10.);
#687=VECTOR('',#2388,10.);
#688=VECTOR('',#2405,10.);
#689=VECTOR('',#2408,10.);
#690=VECTOR('',#2413,10.);
#691=VECTOR('',#2414,10.);
#692=VECTOR('',#2415,10.);
#693=VECTOR('',#2418,10.);
#694=VECTOR('',#2425,10.);
#695=VECTOR('',#2426,10.);
#696=VECTOR('',#2429,10.);
#697=VECTOR('',#2434,10.);
#698=VECTOR('',#2435,10.);
#699=VECTOR('',#2436,10.);
#700=VECTOR('',#2439,10.);
#701=VECTOR('',#2444,10.);
#702=VECTOR('',#2449,10.);
#703=VECTOR('',#2454,10.);
#704=VECTOR('',#2455,10.);
#705=VECTOR('',#2456,10.);
#706=VECTOR('',#2459,10.);
#707=VECTOR('',#2460,10.);
#708=VECTOR('',#2463,10.);
#709=VECTOR('',#2464,10.);
#710=VECTOR('',#2469,10.);
#711=VECTOR('',#2470,10.);
#712=VECTOR('',#2473,10.);
#713=VECTOR('',#2474,10.);
#714=VECTOR('',#2477,10.);
#715=VECTOR('',#2478,10.);
#716=VECTOR('',#2481,10.);
#717=VECTOR('',#2500,10.);
#718=VECTOR('',#2503,10.);
#719=VECTOR('',#2506,10.);
#720=VECTOR('',#2509,10.);
#721=VECTOR('',#2520,10.);
#722=VECTOR('',#2525,10.);
#723=VECTOR('',#2534,1.6);
#724=VECTOR('',#2537,1.6);
#725=VECTOR('',#2540,1.6);
#726=VECTOR('',#2543,10.);
#727=VECTOR('',#2548,1.6);
#728=VECTOR('',#2551,10.);
#729=VERTEX_POINT('',#2556);
#730=VERTEX_POINT('',#2557);
#731=VERTEX_POINT('',#2559);
#732=VERTEX_POINT('',#2561);
#733=VERTEX_POINT('',#2565);
#734=VERTEX_POINT('',#2566);
#735=VERTEX_POINT('',#2571);
#736=VERTEX_POINT('',#2572);
#737=VERTEX_POINT('',#2580);
#738=VERTEX_POINT('',#2582);
#739=VERTEX_POINT('',#2586);
#740=VERTEX_POINT('',#2590);
#741=VERTEX_POINT('',#2591);
#742=VERTEX_POINT('',#2593);
#743=VERTEX_POINT('',#2595);
#744=VERTEX_POINT('',#2599);
#745=VERTEX_POINT('',#2605);
#746=VERTEX_POINT('',#2606);
#747=VERTEX_POINT('',#2608);
#748=VERTEX_POINT('',#2610);
#749=VERTEX_POINT('',#2614);
#750=VERTEX_POINT('',#2616);
#751=VERTEX_POINT('',#2620);
#752=VERTEX_POINT('',#2621);
#753=VERTEX_POINT('',#2629);
#754=VERTEX_POINT('',#2631);
#755=VERTEX_POINT('',#2635);
#756=VERTEX_POINT('',#2639);
#757=VERTEX_POINT('',#2640);
#758=VERTEX_POINT('',#2642);
#759=VERTEX_POINT('',#2644);
#760=VERTEX_POINT('',#2648);
#761=VERTEX_POINT('',#2654);
#762=VERTEX_POINT('',#2655);
#763=VERTEX_POINT('',#2664);
#764=VERTEX_POINT('',#2666);
#765=VERTEX_POINT('',#2668);
#766=VERTEX_POINT('',#2672);
#767=VERTEX_POINT('',#2673);
#768=VERTEX_POINT('',#2680);
#769=VERTEX_POINT('',#2682);
#770=VERTEX_POINT('',#2684);
#771=VERTEX_POINT('',#2688);
#772=VERTEX_POINT('',#2689);
#773=VERTEX_POINT('',#2691);
#774=VERTEX_POINT('',#2693);
#775=VERTEX_POINT('',#2705);
#776=VERTEX_POINT('',#2706);
#777=VERTEX_POINT('',#2711);
#778=VERTEX_POINT('',#2712);
#779=VERTEX_POINT('',#2787);
#780=VERTEX_POINT('',#2789);
#781=VERTEX_POINT('',#2791);
#782=VERTEX_POINT('',#2793);
#783=VERTEX_POINT('',#2795);
#784=VERTEX_POINT('',#2797);
#785=VERTEX_POINT('',#2801);
#786=VERTEX_POINT('',#2803);
#787=VERTEX_POINT('',#2805);
#788=VERTEX_POINT('',#2807);
#789=VERTEX_POINT('',#2810);
#790=VERTEX_POINT('',#2813);
#791=VERTEX_POINT('',#2815);
#792=VERTEX_POINT('',#2836);
#793=VERTEX_POINT('',#2837);
#794=VERTEX_POINT('',#2842);
#795=VERTEX_POINT('',#2843);
#796=VERTEX_POINT('',#2855);
#797=VERTEX_POINT('',#2857);
#798=VERTEX_POINT('',#2859);
#799=VERTEX_POINT('',#2861);
#800=VERTEX_POINT('',#2864);
#801=VERTEX_POINT('',#2867);
#802=VERTEX_POINT('',#2868);
#803=VERTEX_POINT('',#2870);
#804=VERTEX_POINT('',#2872);
#805=VERTEX_POINT('',#2893);
#806=VERTEX_POINT('',#2894);
#807=VERTEX_POINT('',#2899);
#808=VERTEX_POINT('',#2900);
#809=VERTEX_POINT('',#2914);
#810=VERTEX_POINT('',#2916);
#811=VERTEX_POINT('',#2918);
#812=VERTEX_POINT('',#2920);
#813=VERTEX_POINT('',#2923);
#814=VERTEX_POINT('',#2926);
#815=VERTEX_POINT('',#2927);
#816=VERTEX_POINT('',#2929);
#817=VERTEX_POINT('',#2931);
#818=VERTEX_POINT('',#2952);
#819=VERTEX_POINT('',#2953);
#820=VERTEX_POINT('',#2958);
#821=VERTEX_POINT('',#2959);
#822=VERTEX_POINT('',#3025);
#823=VERTEX_POINT('',#3027);
#824=VERTEX_POINT('',#3029);
#825=VERTEX_POINT('',#3031);
#826=VERTEX_POINT('',#3034);
#827=VERTEX_POINT('',#3037);
#828=VERTEX_POINT('',#3041);
#829=VERTEX_POINT('',#3043);
#830=VERTEX_POINT('',#3047);
#831=VERTEX_POINT('',#3049);
#832=VERTEX_POINT('',#3054);
#833=VERTEX_POINT('',#3056);
#834=VERTEX_POINT('',#3060);
#835=VERTEX_POINT('',#3062);
#836=VERTEX_POINT('',#3066);
#837=VERTEX_POINT('',#3073);
#838=VERTEX_POINT('',#3075);
#839=VERTEX_POINT('',#3079);
#840=VERTEX_POINT('',#3081);
#841=VERTEX_POINT('',#3085);
#842=VERTEX_POINT('',#3089);
#843=VERTEX_POINT('',#3091);
#844=VERTEX_POINT('',#3096);
#845=VERTEX_POINT('',#3098);
#846=VERTEX_POINT('',#3102);
#847=VERTEX_POINT('',#3109);
#848=VERTEX_POINT('',#3111);
#849=VERTEX_POINT('',#3115);
#850=VERTEX_POINT('',#3117);
#851=VERTEX_POINT('',#3120);
#852=VERTEX_POINT('',#3124);
#853=VERTEX_POINT('',#3128);
#854=VERTEX_POINT('',#3130);
#855=VERTEX_POINT('',#3134);
#856=VERTEX_POINT('',#3136);
#857=VERTEX_POINT('',#3140);
#858=VERTEX_POINT('',#3141);
#859=VERTEX_POINT('',#3147);
#860=VERTEX_POINT('',#3151);
#861=VERTEX_POINT('',#3155);
#862=VERTEX_POINT('',#3157);
#863=VERTEX_POINT('',#3161);
#864=VERTEX_POINT('',#3162);
#865=VERTEX_POINT('',#3170);
#866=VERTEX_POINT('',#3174);
#867=VERTEX_POINT('',#3185);
#868=VERTEX_POINT('',#3186);
#869=VERTEX_POINT('',#3189);
#870=VERTEX_POINT('',#3193);
#871=VERTEX_POINT('',#3195);
#872=VERTEX_POINT('',#3199);
#873=VERTEX_POINT('',#3204);
#874=VERTEX_POINT('',#3208);
#875=VERTEX_POINT('',#3212);
#876=VERTEX_POINT('',#3217);
#877=VERTEX_POINT('',#3224);
#878=VERTEX_POINT('',#3228);
#879=VERTEX_POINT('',#3230);
#880=VERTEX_POINT('',#3234);
#881=VERTEX_POINT('',#3239);
#882=VERTEX_POINT('',#3243);
#883=VERTEX_POINT('',#3247);
#884=VERTEX_POINT('',#3251);
#885=VERTEX_POINT('',#3264);
#886=VERTEX_POINT('',#3267);
#887=VERTEX_POINT('',#3270);
#888=VERTEX_POINT('',#3273);
#889=VERTEX_POINT('',#3276);
#890=VERTEX_POINT('',#3278);
#891=VERTEX_POINT('',#3280);
#892=VERTEX_POINT('',#3282);
#893=EDGE_CURVE('',#729,#730,#409,.T.);
#894=EDGE_CURVE('',#730,#731,#410,.T.);
#895=EDGE_CURVE('',#731,#732,#411,.T.);
#896=EDGE_CURVE('',#732,#729,#412,.T.);
#897=EDGE_CURVE('',#733,#734,#413,.T.);
#898=EDGE_CURVE('',#734,#730,#88,.T.);
#899=EDGE_CURVE('',#729,#733,#89,.T.);
#900=EDGE_CURVE('',#735,#736,#414,.T.);
#901=EDGE_CURVE('',#736,#734,#415,.T.);
#902=EDGE_CURVE('',#733,#735,#416,.T.);
#903=EDGE_CURVE('',#731,#736,#90,.T.);
#904=EDGE_CURVE('',#735,#732,#91,.T.);
#905=EDGE_CURVE('',#729,#737,#417,.T.);
#906=EDGE_CURVE('',#738,#737,#92,.T.);
#907=EDGE_CURVE('',#733,#738,#418,.T.);
#908=EDGE_CURVE('',#732,#739,#419,.T.);
#909=EDGE_CURVE('',#737,#739,#420,.T.);
#910=EDGE_CURVE('',#740,#741,#421,.T.);
#911=EDGE_CURVE('',#742,#740,#422,.T.);
#912=EDGE_CURVE('',#742,#743,#423,.F.);
#913=EDGE_CURVE('',#741,#743,#424,.T.);
#914=EDGE_CURVE('',#735,#744,#425,.T.);
#915=EDGE_CURVE('',#739,#744,#93,.T.);
#916=EDGE_CURVE('',#744,#738,#426,.T.);
#917=EDGE_CURVE('',#745,#746,#427,.T.);
#918=EDGE_CURVE('',#746,#747,#428,.T.);
#919=EDGE_CURVE('',#747,#748,#429,.T.);
#920=EDGE_CURVE('',#748,#745,#430,.T.);
#921=EDGE_CURVE('',#745,#749,#94,.T.);
#922=EDGE_CURVE('',#749,#750,#431,.T.);
#923=EDGE_CURVE('',#750,#746,#95,.T.);
#924=EDGE_CURVE('',#751,#752,#432,.T.);
#925=EDGE_CURVE('',#752,#750,#433,.T.);
#926=EDGE_CURVE('',#749,#751,#434,.T.);
#927=EDGE_CURVE('',#751,#748,#96,.T.);
#928=EDGE_CURVE('',#747,#752,#97,.T.);
#929=EDGE_CURVE('',#745,#753,#435,.T.);
#930=EDGE_CURVE('',#753,#754,#98,.T.);
#931=EDGE_CURVE('',#754,#749,#436,.T.);
#932=EDGE_CURVE('',#755,#748,#437,.T.);
#933=EDGE_CURVE('',#753,#755,#438,.T.);
#934=EDGE_CURVE('',#756,#757,#439,.T.);
#935=EDGE_CURVE('',#756,#758,#440,.T.);
#936=EDGE_CURVE('',#758,#759,#441,.F.);
#937=EDGE_CURVE('',#757,#759,#442,.T.);
#938=EDGE_CURVE('',#760,#754,#443,.T.);
#939=EDGE_CURVE('',#751,#760,#444,.T.);
#940=EDGE_CURVE('',#760,#755,#99,.T.);
#941=EDGE_CURVE('',#761,#762,#21,.T.);
#942=EDGE_CURVE('',#763,#761,#445,.T.);
#943=EDGE_CURVE('',#764,#763,#446,.T.);
#944=EDGE_CURVE('',#765,#764,#447,.T.);
#945=EDGE_CURVE('',#762,#765,#448,.T.);
#946=EDGE_CURVE('',#766,#767,#22,.T.);
#947=EDGE_CURVE('',#768,#766,#449,.T.);
#948=EDGE_CURVE('',#769,#768,#450,.T.);
#949=EDGE_CURVE('',#770,#769,#451,.T.);
#950=EDGE_CURVE('',#767,#770,#452,.T.);
#951=EDGE_CURVE('',#771,#772,#100,.T.);
#952=EDGE_CURVE('',#772,#773,#453,.T.);
#953=EDGE_CURVE('',#773,#774,#101,.T.);
#954=EDGE_CURVE('',#774,#771,#454,.T.);
#955=EDGE_CURVE('',#775,#776,#102,.T.);
#956=EDGE_CURVE('',#776,#774,#103,.T.);
#957=EDGE_CURVE('',#773,#775,#104,.T.);
#958=EDGE_CURVE('',#777,#778,#23,.T.);
#959=EDGE_CURVE('',#778,#776,#455,.T.);
#960=EDGE_CURVE('',#775,#777,#456,.T.);
#961=EDGE_CURVE('',#762,#772,#105,.F.);
#962=EDGE_CURVE('',#771,#761,#24,.T.);
#963=EDGE_CURVE('',#779,#778,#457,.T.);
#964=EDGE_CURVE('',#779,#780,#458,.T.);
#965=EDGE_CURVE('',#781,#780,#459,.T.);
#966=EDGE_CURVE('',#782,#781,#460,.T.);
#967=EDGE_CURVE('',#783,#782,#461,.T.);
#968=EDGE_CURVE('',#784,#783,#462,.F.);
#969=EDGE_CURVE('',#776,#784,#463,.T.);
#970=EDGE_CURVE('',#772,#785,#106,.F.);
#971=EDGE_CURVE('',#786,#785,#464,.T.);
#972=EDGE_CURVE('',#787,#786,#107,.T.);
#973=EDGE_CURVE('',#788,#787,#465,.T.);
#974=EDGE_CURVE('',#777,#788,#108,.T.);
#975=EDGE_CURVE('',#789,#789,#109,.T.);
#976=EDGE_CURVE('',#790,#782,#110,.T.);
#977=EDGE_CURVE('',#781,#791,#25,.T.);
#978=EDGE_CURVE('',#791,#790,#466,.T.);
#979=EDGE_CURVE('',#792,#793,#111,.T.);
#980=EDGE_CURVE('',#793,#782,#112,.T.);
#981=EDGE_CURVE('',#790,#792,#113,.T.);
#982=EDGE_CURVE('',#794,#795,#26,.T.);
#983=EDGE_CURVE('',#795,#793,#467,.T.);
#984=EDGE_CURVE('',#792,#794,#468,.T.);
#985=EDGE_CURVE('',#796,#791,#114,.T.);
#986=EDGE_CURVE('',#796,#797,#469,.F.);
#987=EDGE_CURVE('',#798,#797,#115,.T.);
#988=EDGE_CURVE('',#798,#799,#470,.F.);
#989=EDGE_CURVE('',#794,#799,#116,.T.);
#990=EDGE_CURVE('',#800,#800,#117,.T.);
#991=EDGE_CURVE('',#801,#802,#118,.T.);
#992=EDGE_CURVE('',#802,#803,#471,.T.);
#993=EDGE_CURVE('',#803,#804,#27,.T.);
#994=EDGE_CURVE('',#804,#801,#472,.T.);
#995=EDGE_CURVE('',#805,#806,#119,.T.);
#996=EDGE_CURVE('',#806,#802,#120,.T.);
#997=EDGE_CURVE('',#801,#805,#121,.T.);
#998=EDGE_CURVE('',#807,#808,#28,.T.);
#999=EDGE_CURVE('',#808,#806,#473,.T.);
#1000=EDGE_CURVE('',#805,#807,#474,.T.);
#1001=EDGE_CURVE('',#809,#804,#122,.T.);
#1002=EDGE_CURVE('',#809,#810,#475,.F.);
#1003=EDGE_CURVE('',#811,#810,#123,.T.);
#1004=EDGE_CURVE('',#811,#812,#476,.F.);
#1005=EDGE_CURVE('',#807,#812,#124,.T.);
#1006=EDGE_CURVE('',#813,#813,#125,.T.);
#1007=EDGE_CURVE('',#814,#815,#126,.T.);
#1008=EDGE_CURVE('',#815,#816,#477,.T.);
#1009=EDGE_CURVE('',#816,#817,#29,.T.);
#1010=EDGE_CURVE('',#817,#814,#478,.T.);
#1011=EDGE_CURVE('',#818,#819,#127,.T.);
#1012=EDGE_CURVE('',#819,#815,#128,.T.);
#1013=EDGE_CURVE('',#814,#818,#129,.T.);
#1014=EDGE_CURVE('',#820,#821,#130,.T.);
#1015=EDGE_CURVE('',#821,#819,#479,.T.);
#1016=EDGE_CURVE('',#818,#820,#480,.T.);
#1017=EDGE_CURVE('',#767,#821,#30,.T.);
#1018=EDGE_CURVE('',#820,#766,#131,.F.);
#1019=EDGE_CURVE('',#822,#817,#132,.T.);
#1020=EDGE_CURVE('',#823,#822,#481,.T.);
#1021=EDGE_CURVE('',#824,#823,#133,.T.);
#1022=EDGE_CURVE('',#824,#825,#482,.F.);
#1023=EDGE_CURVE('',#825,#820,#134,.F.);
#1024=EDGE_CURVE('',#826,#826,#135,.T.);
#1025=EDGE_CURVE('',#780,#827,#136,.T.);
#1026=EDGE_CURVE('',#827,#796,#483,.T.);
#1027=EDGE_CURVE('',#799,#828,#484,.T.);
#1028=EDGE_CURVE('',#828,#829,#137,.T.);
#1029=EDGE_CURVE('',#829,#795,#485,.T.);
#1030=EDGE_CURVE('',#803,#830,#486,.T.);
#1031=EDGE_CURVE('',#830,#831,#138,.T.);
#1032=EDGE_CURVE('',#831,#809,#487,.T.);
#1033=EDGE_CURVE('',#829,#830,#488,.F.);
#1034=EDGE_CURVE('',#832,#802,#489,.T.);
#1035=EDGE_CURVE('',#833,#832,#490,.T.);
#1036=EDGE_CURVE('',#793,#833,#491,.T.);
#1037=EDGE_CURVE('',#812,#834,#492,.T.);
#1038=EDGE_CURVE('',#834,#835,#139,.T.);
#1039=EDGE_CURVE('',#835,#808,#493,.T.);
#1040=EDGE_CURVE('',#836,#762,#31,.F.);
#1041=EDGE_CURVE('',#836,#837,#494,.T.);
#1042=EDGE_CURVE('',#837,#838,#140,.T.);
#1043=EDGE_CURVE('',#838,#785,#495,.T.);
#1044=EDGE_CURVE('',#763,#839,#141,.T.);
#1045=EDGE_CURVE('',#839,#840,#496,.T.);
#1046=EDGE_CURVE('',#764,#840,#142,.T.);
#1047=EDGE_CURVE('',#788,#841,#497,.T.);
#1048=EDGE_CURVE('',#841,#779,#143,.T.);
#1049=EDGE_CURVE('',#816,#842,#498,.T.);
#1050=EDGE_CURVE('',#842,#843,#144,.T.);
#1051=EDGE_CURVE('',#843,#822,#499,.T.);
#1052=EDGE_CURVE('',#835,#842,#500,.T.);
#1053=EDGE_CURVE('',#844,#815,#501,.T.);
#1054=EDGE_CURVE('',#845,#844,#502,.F.);
#1055=EDGE_CURVE('',#806,#845,#503,.T.);
#1056=EDGE_CURVE('',#846,#766,#32,.T.);
#1057=EDGE_CURVE('',#825,#847,#504,.T.);
#1058=EDGE_CURVE('',#847,#848,#145,.T.);
#1059=EDGE_CURVE('',#848,#846,#505,.T.);
#1060=EDGE_CURVE('',#849,#774,#506,.T.);
#1061=EDGE_CURVE('',#850,#849,#507,.T.);
#1062=EDGE_CURVE('',#819,#850,#508,.T.);
#1063=EDGE_CURVE('',#851,#770,#146,.T.);
#1064=EDGE_CURVE('',#851,#839,#509,.T.);
#1065=EDGE_CURVE('',#852,#769,#147,.T.);
#1066=EDGE_CURVE('',#852,#851,#510,.T.);
#1067=EDGE_CURVE('',#741,#853,#511,.T.);
#1068=EDGE_CURVE('',#853,#854,#512,.T.);
#1069=EDGE_CURVE('',#854,#740,#513,.T.);
#1070=EDGE_CURVE('',#741,#855,#148,.T.);
#1071=EDGE_CURVE('',#855,#856,#514,.T.);
#1072=EDGE_CURVE('',#856,#853,#149,.T.);
#1073=EDGE_CURVE('',#857,#858,#515,.T.);
#1074=EDGE_CURVE('',#858,#856,#516,.T.);
#1075=EDGE_CURVE('',#855,#857,#517,.T.);
#1076=EDGE_CURVE('',#857,#756,#150,.T.);
#1077=EDGE_CURVE('',#756,#859,#518,.T.);
#1078=EDGE_CURVE('',#859,#858,#151,.T.);
#1079=EDGE_CURVE('',#757,#860,#519,.T.);
#1080=EDGE_CURVE('',#860,#859,#520,.T.);
#1081=EDGE_CURVE('',#757,#861,#152,.T.);
#1082=EDGE_CURVE('',#861,#862,#521,.T.);
#1083=EDGE_CURVE('',#862,#860,#153,.T.);
#1084=EDGE_CURVE('',#863,#864,#522,.T.);
#1085=EDGE_CURVE('',#864,#862,#523,.T.);
#1086=EDGE_CURVE('',#861,#863,#524,.T.);
#1087=EDGE_CURVE('',#863,#740,#154,.T.);
#1088=EDGE_CURVE('',#854,#864,#155,.T.);
#1089=EDGE_CURVE('',#857,#865,#525,.T.);
#1090=EDGE_CURVE('',#865,#758,#156,.F.);
#1091=EDGE_CURVE('',#855,#866,#526,.T.);
#1092=EDGE_CURVE('',#866,#865,#527,.F.);
#1093=EDGE_CURVE('',#743,#866,#157,.F.);
#1094=EDGE_CURVE('',#845,#832,#158,.T.);
#1095=EDGE_CURVE('',#850,#844,#159,.T.);
#1096=EDGE_CURVE('',#784,#849,#160,.T.);
#1097=EDGE_CURVE('',#833,#783,#161,.T.);
#1098=EDGE_CURVE('',#867,#868,#528,.T.);
#1099=EDGE_CURVE('',#868,#765,#162,.T.);
#1100=EDGE_CURVE('',#765,#869,#529,.T.);
#1101=EDGE_CURVE('',#869,#867,#163,.T.);
#1102=EDGE_CURVE('',#867,#870,#530,.T.);
#1103=EDGE_CURVE('',#870,#871,#531,.T.);
#1104=EDGE_CURVE('',#871,#868,#532,.T.);
#1105=EDGE_CURVE('',#872,#768,#533,.T.);
#1106=EDGE_CURVE('',#768,#871,#164,.T.);
#1107=EDGE_CURVE('',#870,#872,#165,.T.);
#1108=EDGE_CURVE('',#872,#873,#534,.T.);
#1109=EDGE_CURVE('',#873,#769,#535,.T.);
#1110=EDGE_CURVE('',#874,#852,#536,.T.);
#1111=EDGE_CURVE('',#873,#874,#166,.T.);
#1112=EDGE_CURVE('',#874,#875,#537,.T.);
#1113=EDGE_CURVE('',#875,#840,#538,.T.);
#1114=EDGE_CURVE('',#840,#852,#539,.T.);
#1115=EDGE_CURVE('',#876,#764,#540,.T.);
#1116=EDGE_CURVE('',#875,#876,#167,.T.);
#1117=EDGE_CURVE('',#876,#869,#541,.T.);
#1118=EDGE_CURVE('',#868,#877,#542,.T.);
#1119=EDGE_CURVE('',#877,#836,#168,.T.);
#1120=EDGE_CURVE('',#878,#861,#543,.T.);
#1121=EDGE_CURVE('',#878,#879,#544,.F.);
#1122=EDGE_CURVE('',#863,#879,#545,.T.);
#1123=EDGE_CURVE('',#824,#880,#546,.T.);
#1124=EDGE_CURVE('',#880,#847,#547,.F.);
#1125=EDGE_CURVE('',#848,#837,#548,.F.);
#1126=EDGE_CURVE('',#877,#881,#549,.T.);
#1127=EDGE_CURVE('',#846,#881,#169,.T.);
#1128=EDGE_CURVE('',#787,#882,#550,.T.);
#1129=EDGE_CURVE('',#882,#841,#551,.F.);
#1130=EDGE_CURVE('',#811,#883,#552,.T.);
#1131=EDGE_CURVE('',#883,#834,#553,.F.);
#1132=EDGE_CURVE('',#798,#884,#554,.T.);
#1133=EDGE_CURVE('',#884,#828,#555,.F.);
#1134=EDGE_CURVE('',#881,#871,#556,.T.);
#1135=EDGE_CURVE('',#879,#742,#170,.F.);
#1136=EDGE_CURVE('',#759,#878,#171,.F.);
#1137=EDGE_CURVE('',#885,#884,#172,.F.);
#1138=EDGE_CURVE('',#827,#885,#557,.F.);
#1139=EDGE_CURVE('',#886,#882,#173,.F.);
#1140=EDGE_CURVE('',#838,#886,#558,.F.);
#1141=EDGE_CURVE('',#887,#880,#174,.F.);
#1142=EDGE_CURVE('',#843,#887,#559,.F.);
#1143=EDGE_CURVE('',#888,#883,#175,.F.);
#1144=EDGE_CURVE('',#831,#888,#560,.F.);
#1145=EDGE_CURVE('',#889,#889,#176,.T.);
#1146=EDGE_CURVE('',#890,#890,#177,.T.);
#1147=EDGE_CURVE('',#891,#891,#178,.T.);
#1148=EDGE_CURVE('',#892,#892,#179,.T.);
#1149=EDGE_CURVE('',#786,#886,#561,.T.);
#1150=EDGE_CURVE('',#797,#885,#562,.T.);
#1151=EDGE_CURVE('',#891,#800,#563,.T.);
#1152=EDGE_CURVE('',#892,#789,#564,.T.);
#1153=EDGE_CURVE('',#890,#826,#565,.T.);
#1154=EDGE_CURVE('',#823,#887,#566,.T.);
#1155=EDGE_CURVE('',#889,#813,#567,.T.);
#1156=EDGE_CURVE('',#810,#888,#568,.T.);
#1157=ORIENTED_EDGE('',*,*,#893,.T.);
#1158=ORIENTED_EDGE('',*,*,#894,.T.);
#1159=ORIENTED_EDGE('',*,*,#895,.T.);
#1160=ORIENTED_EDGE('',*,*,#896,.T.);
#1161=ORIENTED_EDGE('',*,*,#897,.T.);
#1162=ORIENTED_EDGE('',*,*,#898,.T.);
#1163=ORIENTED_EDGE('',*,*,#893,.F.);
#1164=ORIENTED_EDGE('',*,*,#899,.T.);
#1165=ORIENTED_EDGE('',*,*,#900,.T.);
#1166=ORIENTED_EDGE('',*,*,#901,.T.);
#1167=ORIENTED_EDGE('',*,*,#897,.F.);
#1168=ORIENTED_EDGE('',*,*,#902,.T.);
#1169=ORIENTED_EDGE('',*,*,#895,.F.);
#1170=ORIENTED_EDGE('',*,*,#903,.T.);
#1171=ORIENTED_EDGE('',*,*,#900,.F.);
#1172=ORIENTED_EDGE('',*,*,#904,.T.);
#1173=ORIENTED_EDGE('',*,*,#899,.F.);
#1174=ORIENTED_EDGE('',*,*,#905,.T.);
#1175=ORIENTED_EDGE('',*,*,#906,.F.);
#1176=ORIENTED_EDGE('',*,*,#907,.F.);
#1177=ORIENTED_EDGE('',*,*,#896,.F.);
#1178=ORIENTED_EDGE('',*,*,#908,.T.);
#1179=ORIENTED_EDGE('',*,*,#909,.F.);
#1180=ORIENTED_EDGE('',*,*,#905,.F.);
#1181=ORIENTED_EDGE('',*,*,#910,.F.);
#1182=ORIENTED_EDGE('',*,*,#911,.F.);
#1183=ORIENTED_EDGE('',*,*,#912,.T.);
#1184=ORIENTED_EDGE('',*,*,#913,.F.);
#1185=ORIENTED_EDGE('',*,*,#894,.F.);
#1186=ORIENTED_EDGE('',*,*,#898,.F.);
#1187=ORIENTED_EDGE('',*,*,#901,.F.);
#1188=ORIENTED_EDGE('',*,*,#903,.F.);
#1189=ORIENTED_EDGE('',*,*,#904,.F.);
#1190=ORIENTED_EDGE('',*,*,#914,.T.);
#1191=ORIENTED_EDGE('',*,*,#915,.F.);
#1192=ORIENTED_EDGE('',*,*,#908,.F.);
#1193=ORIENTED_EDGE('',*,*,#902,.F.);
#1194=ORIENTED_EDGE('',*,*,#907,.T.);
#1195=ORIENTED_EDGE('',*,*,#916,.F.);
#1196=ORIENTED_EDGE('',*,*,#914,.F.);
#1197=ORIENTED_EDGE('',*,*,#917,.T.);
#1198=ORIENTED_EDGE('',*,*,#918,.T.);
#1199=ORIENTED_EDGE('',*,*,#919,.T.);
#1200=ORIENTED_EDGE('',*,*,#920,.T.);
#1201=ORIENTED_EDGE('',*,*,#917,.F.);
#1202=ORIENTED_EDGE('',*,*,#921,.T.);
#1203=ORIENTED_EDGE('',*,*,#922,.T.);
#1204=ORIENTED_EDGE('',*,*,#923,.T.);
#1205=ORIENTED_EDGE('',*,*,#924,.T.);
#1206=ORIENTED_EDGE('',*,*,#925,.T.);
#1207=ORIENTED_EDGE('',*,*,#922,.F.);
#1208=ORIENTED_EDGE('',*,*,#926,.T.);
#1209=ORIENTED_EDGE('',*,*,#924,.F.);
#1210=ORIENTED_EDGE('',*,*,#927,.T.);
#1211=ORIENTED_EDGE('',*,*,#919,.F.);
#1212=ORIENTED_EDGE('',*,*,#928,.T.);
#1213=ORIENTED_EDGE('',*,*,#921,.F.);
#1214=ORIENTED_EDGE('',*,*,#929,.T.);
#1215=ORIENTED_EDGE('',*,*,#930,.T.);
#1216=ORIENTED_EDGE('',*,*,#931,.T.);
#1217=ORIENTED_EDGE('',*,*,#920,.F.);
#1218=ORIENTED_EDGE('',*,*,#932,.F.);
#1219=ORIENTED_EDGE('',*,*,#933,.F.);
#1220=ORIENTED_EDGE('',*,*,#929,.F.);
#1221=ORIENTED_EDGE('',*,*,#934,.F.);
#1222=ORIENTED_EDGE('',*,*,#935,.T.);
#1223=ORIENTED_EDGE('',*,*,#936,.T.);
#1224=ORIENTED_EDGE('',*,*,#937,.F.);
#1225=ORIENTED_EDGE('',*,*,#918,.F.);
#1226=ORIENTED_EDGE('',*,*,#923,.F.);
#1227=ORIENTED_EDGE('',*,*,#925,.F.);
#1228=ORIENTED_EDGE('',*,*,#928,.F.);
#1229=ORIENTED_EDGE('',*,*,#926,.F.);
#1230=ORIENTED_EDGE('',*,*,#931,.F.);
#1231=ORIENTED_EDGE('',*,*,#938,.F.);
#1232=ORIENTED_EDGE('',*,*,#939,.F.);
#1233=ORIENTED_EDGE('',*,*,#927,.F.);
#1234=ORIENTED_EDGE('',*,*,#939,.T.);
#1235=ORIENTED_EDGE('',*,*,#940,.T.);
#1236=ORIENTED_EDGE('',*,*,#932,.T.);
#1237=ORIENTED_EDGE('',*,*,#941,.F.);
#1238=ORIENTED_EDGE('',*,*,#942,.F.);
#1239=ORIENTED_EDGE('',*,*,#943,.F.);
#1240=ORIENTED_EDGE('',*,*,#944,.F.);
#1241=ORIENTED_EDGE('',*,*,#945,.F.);
#1242=ORIENTED_EDGE('',*,*,#946,.F.);
#1243=ORIENTED_EDGE('',*,*,#947,.F.);
#1244=ORIENTED_EDGE('',*,*,#948,.F.);
#1245=ORIENTED_EDGE('',*,*,#949,.F.);
#1246=ORIENTED_EDGE('',*,*,#950,.F.);
#1247=ORIENTED_EDGE('',*,*,#951,.T.);
#1248=ORIENTED_EDGE('',*,*,#952,.T.);
#1249=ORIENTED_EDGE('',*,*,#953,.T.);
#1250=ORIENTED_EDGE('',*,*,#954,.T.);
#1251=ORIENTED_EDGE('',*,*,#955,.T.);
#1252=ORIENTED_EDGE('',*,*,#956,.T.);
#1253=ORIENTED_EDGE('',*,*,#953,.F.);
#1254=ORIENTED_EDGE('',*,*,#957,.T.);
#1255=ORIENTED_EDGE('',*,*,#958,.T.);
#1256=ORIENTED_EDGE('',*,*,#959,.T.);
#1257=ORIENTED_EDGE('',*,*,#955,.F.);
#1258=ORIENTED_EDGE('',*,*,#960,.T.);
#1259=ORIENTED_EDGE('',*,*,#941,.T.);
#1260=ORIENTED_EDGE('',*,*,#961,.T.);
#1261=ORIENTED_EDGE('',*,*,#951,.F.);
#1262=ORIENTED_EDGE('',*,*,#962,.T.);
#1263=ORIENTED_EDGE('',*,*,#959,.F.);
#1264=ORIENTED_EDGE('',*,*,#963,.F.);
#1265=ORIENTED_EDGE('',*,*,#964,.T.);
#1266=ORIENTED_EDGE('',*,*,#965,.F.);
#1267=ORIENTED_EDGE('',*,*,#966,.F.);
#1268=ORIENTED_EDGE('',*,*,#967,.F.);
#1269=ORIENTED_EDGE('',*,*,#968,.F.);
#1270=ORIENTED_EDGE('',*,*,#969,.F.);
#1271=ORIENTED_EDGE('',*,*,#933,.T.);
#1272=ORIENTED_EDGE('',*,*,#940,.F.);
#1273=ORIENTED_EDGE('',*,*,#938,.T.);
#1274=ORIENTED_EDGE('',*,*,#930,.F.);
#1275=ORIENTED_EDGE('',*,*,#960,.F.);
#1276=ORIENTED_EDGE('',*,*,#957,.F.);
#1277=ORIENTED_EDGE('',*,*,#952,.F.);
#1278=ORIENTED_EDGE('',*,*,#970,.T.);
#1279=ORIENTED_EDGE('',*,*,#971,.F.);
#1280=ORIENTED_EDGE('',*,*,#972,.F.);
#1281=ORIENTED_EDGE('',*,*,#973,.F.);
#1282=ORIENTED_EDGE('',*,*,#974,.F.);
#1283=ORIENTED_EDGE('',*,*,#975,.F.);
#1284=ORIENTED_EDGE('',*,*,#976,.T.);
#1285=ORIENTED_EDGE('',*,*,#966,.T.);
#1286=ORIENTED_EDGE('',*,*,#977,.T.);
#1287=ORIENTED_EDGE('',*,*,#978,.T.);
#1288=ORIENTED_EDGE('',*,*,#979,.T.);
#1289=ORIENTED_EDGE('',*,*,#980,.T.);
#1290=ORIENTED_EDGE('',*,*,#976,.F.);
#1291=ORIENTED_EDGE('',*,*,#981,.T.);
#1292=ORIENTED_EDGE('',*,*,#982,.T.);
#1293=ORIENTED_EDGE('',*,*,#983,.T.);
#1294=ORIENTED_EDGE('',*,*,#979,.F.);
#1295=ORIENTED_EDGE('',*,*,#984,.T.);
#1296=ORIENTED_EDGE('',*,*,#984,.F.);
#1297=ORIENTED_EDGE('',*,*,#981,.F.);
#1298=ORIENTED_EDGE('',*,*,#978,.F.);
#1299=ORIENTED_EDGE('',*,*,#985,.F.);
#1300=ORIENTED_EDGE('',*,*,#986,.T.);
#1301=ORIENTED_EDGE('',*,*,#987,.F.);
#1302=ORIENTED_EDGE('',*,*,#988,.T.);
#1303=ORIENTED_EDGE('',*,*,#989,.F.);
#1304=ORIENTED_EDGE('',*,*,#990,.F.);
#1305=ORIENTED_EDGE('',*,*,#991,.T.);
#1306=ORIENTED_EDGE('',*,*,#992,.T.);
#1307=ORIENTED_EDGE('',*,*,#993,.T.);
#1308=ORIENTED_EDGE('',*,*,#994,.T.);
#1309=ORIENTED_EDGE('',*,*,#995,.T.);
#1310=ORIENTED_EDGE('',*,*,#996,.T.);
#1311=ORIENTED_EDGE('',*,*,#991,.F.);
#1312=ORIENTED_EDGE('',*,*,#997,.T.);
#1313=ORIENTED_EDGE('',*,*,#998,.T.);
#1314=ORIENTED_EDGE('',*,*,#999,.T.);
#1315=ORIENTED_EDGE('',*,*,#995,.F.);
#1316=ORIENTED_EDGE('',*,*,#1000,.T.);
#1317=ORIENTED_EDGE('',*,*,#1000,.F.);
#1318=ORIENTED_EDGE('',*,*,#997,.F.);
#1319=ORIENTED_EDGE('',*,*,#994,.F.);
#1320=ORIENTED_EDGE('',*,*,#1001,.F.);
#1321=ORIENTED_EDGE('',*,*,#1002,.T.);
#1322=ORIENTED_EDGE('',*,*,#1003,.F.);
#1323=ORIENTED_EDGE('',*,*,#1004,.T.);
#1324=ORIENTED_EDGE('',*,*,#1005,.F.);
#1325=ORIENTED_EDGE('',*,*,#1006,.F.);
#1326=ORIENTED_EDGE('',*,*,#1007,.T.);
#1327=ORIENTED_EDGE('',*,*,#1008,.T.);
#1328=ORIENTED_EDGE('',*,*,#1009,.T.);
#1329=ORIENTED_EDGE('',*,*,#1010,.T.);
#1330=ORIENTED_EDGE('',*,*,#1011,.T.);
#1331=ORIENTED_EDGE('',*,*,#1012,.T.);
#1332=ORIENTED_EDGE('',*,*,#1007,.F.);
#1333=ORIENTED_EDGE('',*,*,#1013,.T.);
#1334=ORIENTED_EDGE('',*,*,#1014,.T.);
#1335=ORIENTED_EDGE('',*,*,#1015,.T.);
#1336=ORIENTED_EDGE('',*,*,#1011,.F.);
#1337=ORIENTED_EDGE('',*,*,#1016,.T.);
#1338=ORIENTED_EDGE('',*,*,#946,.T.);
#1339=ORIENTED_EDGE('',*,*,#1017,.T.);
#1340=ORIENTED_EDGE('',*,*,#1014,.F.);
#1341=ORIENTED_EDGE('',*,*,#1018,.T.);
#1342=ORIENTED_EDGE('',*,*,#1016,.F.);
#1343=ORIENTED_EDGE('',*,*,#1013,.F.);
#1344=ORIENTED_EDGE('',*,*,#1010,.F.);
#1345=ORIENTED_EDGE('',*,*,#1019,.F.);
#1346=ORIENTED_EDGE('',*,*,#1020,.F.);
#1347=ORIENTED_EDGE('',*,*,#1021,.F.);
#1348=ORIENTED_EDGE('',*,*,#1022,.T.);
#1349=ORIENTED_EDGE('',*,*,#1023,.T.);
#1350=ORIENTED_EDGE('',*,*,#1024,.F.);
#1351=ORIENTED_EDGE('',*,*,#985,.T.);
#1352=ORIENTED_EDGE('',*,*,#977,.F.);
#1353=ORIENTED_EDGE('',*,*,#965,.T.);
#1354=ORIENTED_EDGE('',*,*,#1025,.T.);
#1355=ORIENTED_EDGE('',*,*,#1026,.T.);
#1356=ORIENTED_EDGE('',*,*,#989,.T.);
#1357=ORIENTED_EDGE('',*,*,#1027,.T.);
#1358=ORIENTED_EDGE('',*,*,#1028,.T.);
#1359=ORIENTED_EDGE('',*,*,#1029,.T.);
#1360=ORIENTED_EDGE('',*,*,#982,.F.);
#1361=ORIENTED_EDGE('',*,*,#1001,.T.);
#1362=ORIENTED_EDGE('',*,*,#993,.F.);
#1363=ORIENTED_EDGE('',*,*,#1030,.T.);
#1364=ORIENTED_EDGE('',*,*,#1031,.T.);
#1365=ORIENTED_EDGE('',*,*,#1032,.T.);
#1366=ORIENTED_EDGE('',*,*,#1029,.F.);
#1367=ORIENTED_EDGE('',*,*,#1033,.T.);
#1368=ORIENTED_EDGE('',*,*,#1030,.F.);
#1369=ORIENTED_EDGE('',*,*,#992,.F.);
#1370=ORIENTED_EDGE('',*,*,#1034,.F.);
#1371=ORIENTED_EDGE('',*,*,#1035,.F.);
#1372=ORIENTED_EDGE('',*,*,#1036,.F.);
#1373=ORIENTED_EDGE('',*,*,#983,.F.);
#1374=ORIENTED_EDGE('',*,*,#1005,.T.);
#1375=ORIENTED_EDGE('',*,*,#1037,.T.);
#1376=ORIENTED_EDGE('',*,*,#1038,.T.);
#1377=ORIENTED_EDGE('',*,*,#1039,.T.);
#1378=ORIENTED_EDGE('',*,*,#998,.F.);
#1379=ORIENTED_EDGE('',*,*,#961,.F.);
#1380=ORIENTED_EDGE('',*,*,#1040,.F.);
#1381=ORIENTED_EDGE('',*,*,#1041,.T.);
#1382=ORIENTED_EDGE('',*,*,#1042,.T.);
#1383=ORIENTED_EDGE('',*,*,#1043,.T.);
#1384=ORIENTED_EDGE('',*,*,#970,.F.);
#1385=ORIENTED_EDGE('',*,*,#943,.T.);
#1386=ORIENTED_EDGE('',*,*,#1044,.T.);
#1387=ORIENTED_EDGE('',*,*,#1045,.T.);
#1388=ORIENTED_EDGE('',*,*,#1046,.F.);
#1389=ORIENTED_EDGE('',*,*,#974,.T.);
#1390=ORIENTED_EDGE('',*,*,#1047,.T.);
#1391=ORIENTED_EDGE('',*,*,#1048,.T.);
#1392=ORIENTED_EDGE('',*,*,#963,.T.);
#1393=ORIENTED_EDGE('',*,*,#958,.F.);
#1394=ORIENTED_EDGE('',*,*,#1019,.T.);
#1395=ORIENTED_EDGE('',*,*,#1009,.F.);
#1396=ORIENTED_EDGE('',*,*,#1049,.T.);
#1397=ORIENTED_EDGE('',*,*,#1050,.T.);
#1398=ORIENTED_EDGE('',*,*,#1051,.T.);
#1399=ORIENTED_EDGE('',*,*,#1039,.F.);
#1400=ORIENTED_EDGE('',*,*,#1052,.T.);
#1401=ORIENTED_EDGE('',*,*,#1049,.F.);
#1402=ORIENTED_EDGE('',*,*,#1008,.F.);
#1403=ORIENTED_EDGE('',*,*,#1053,.F.);
#1404=ORIENTED_EDGE('',*,*,#1054,.F.);
#1405=ORIENTED_EDGE('',*,*,#1055,.F.);
#1406=ORIENTED_EDGE('',*,*,#999,.F.);
#1407=ORIENTED_EDGE('',*,*,#909,.T.);
#1408=ORIENTED_EDGE('',*,*,#915,.T.);
#1409=ORIENTED_EDGE('',*,*,#916,.T.);
#1410=ORIENTED_EDGE('',*,*,#906,.T.);
#1411=ORIENTED_EDGE('',*,*,#1056,.T.);
#1412=ORIENTED_EDGE('',*,*,#1018,.F.);
#1413=ORIENTED_EDGE('',*,*,#1023,.F.);
#1414=ORIENTED_EDGE('',*,*,#1057,.T.);
#1415=ORIENTED_EDGE('',*,*,#1058,.T.);
#1416=ORIENTED_EDGE('',*,*,#1059,.T.);
#1417=ORIENTED_EDGE('',*,*,#942,.T.);
#1418=ORIENTED_EDGE('',*,*,#962,.F.);
#1419=ORIENTED_EDGE('',*,*,#954,.F.);
#1420=ORIENTED_EDGE('',*,*,#1060,.F.);
#1421=ORIENTED_EDGE('',*,*,#1061,.F.);
#1422=ORIENTED_EDGE('',*,*,#1062,.F.);
#1423=ORIENTED_EDGE('',*,*,#1015,.F.);
#1424=ORIENTED_EDGE('',*,*,#1017,.F.);
#1425=ORIENTED_EDGE('',*,*,#950,.T.);
#1426=ORIENTED_EDGE('',*,*,#1063,.F.);
#1427=ORIENTED_EDGE('',*,*,#1064,.T.);
#1428=ORIENTED_EDGE('',*,*,#1044,.F.);
#1429=ORIENTED_EDGE('',*,*,#1063,.T.);
#1430=ORIENTED_EDGE('',*,*,#949,.T.);
#1431=ORIENTED_EDGE('',*,*,#1065,.F.);
#1432=ORIENTED_EDGE('',*,*,#1066,.T.);
#1433=ORIENTED_EDGE('',*,*,#1067,.T.);
#1434=ORIENTED_EDGE('',*,*,#1068,.T.);
#1435=ORIENTED_EDGE('',*,*,#1069,.T.);
#1436=ORIENTED_EDGE('',*,*,#910,.T.);
#1437=ORIENTED_EDGE('',*,*,#1067,.F.);
#1438=ORIENTED_EDGE('',*,*,#1070,.T.);
#1439=ORIENTED_EDGE('',*,*,#1071,.T.);
#1440=ORIENTED_EDGE('',*,*,#1072,.T.);
#1441=ORIENTED_EDGE('',*,*,#1073,.T.);
#1442=ORIENTED_EDGE('',*,*,#1074,.T.);
#1443=ORIENTED_EDGE('',*,*,#1071,.F.);
#1444=ORIENTED_EDGE('',*,*,#1075,.T.);
#1445=ORIENTED_EDGE('',*,*,#1073,.F.);
#1446=ORIENTED_EDGE('',*,*,#1076,.T.);
#1447=ORIENTED_EDGE('',*,*,#1077,.T.);
#1448=ORIENTED_EDGE('',*,*,#1078,.T.);
#1449=ORIENTED_EDGE('',*,*,#1079,.T.);
#1450=ORIENTED_EDGE('',*,*,#1080,.T.);
#1451=ORIENTED_EDGE('',*,*,#1077,.F.);
#1452=ORIENTED_EDGE('',*,*,#934,.T.);
#1453=ORIENTED_EDGE('',*,*,#1079,.F.);
#1454=ORIENTED_EDGE('',*,*,#1081,.T.);
#1455=ORIENTED_EDGE('',*,*,#1082,.T.);
#1456=ORIENTED_EDGE('',*,*,#1083,.T.);
#1457=ORIENTED_EDGE('',*,*,#1084,.T.);
#1458=ORIENTED_EDGE('',*,*,#1085,.T.);
#1459=ORIENTED_EDGE('',*,*,#1082,.F.);
#1460=ORIENTED_EDGE('',*,*,#1086,.T.);
#1461=ORIENTED_EDGE('',*,*,#1084,.F.);
#1462=ORIENTED_EDGE('',*,*,#1087,.T.);
#1463=ORIENTED_EDGE('',*,*,#1069,.F.);
#1464=ORIENTED_EDGE('',*,*,#1088,.T.);
#1465=ORIENTED_EDGE('',*,*,#1076,.F.);
#1466=ORIENTED_EDGE('',*,*,#1089,.T.);
#1467=ORIENTED_EDGE('',*,*,#1090,.T.);
#1468=ORIENTED_EDGE('',*,*,#935,.F.);
#1469=ORIENTED_EDGE('',*,*,#1075,.F.);
#1470=ORIENTED_EDGE('',*,*,#1091,.T.);
#1471=ORIENTED_EDGE('',*,*,#1092,.T.);
#1472=ORIENTED_EDGE('',*,*,#1089,.F.);
#1473=ORIENTED_EDGE('',*,*,#1070,.F.);
#1474=ORIENTED_EDGE('',*,*,#913,.T.);
#1475=ORIENTED_EDGE('',*,*,#1093,.T.);
#1476=ORIENTED_EDGE('',*,*,#1091,.F.);
#1477=ORIENTED_EDGE('',*,*,#1068,.F.);
#1478=ORIENTED_EDGE('',*,*,#1072,.F.);
#1479=ORIENTED_EDGE('',*,*,#1074,.F.);
#1480=ORIENTED_EDGE('',*,*,#1078,.F.);
#1481=ORIENTED_EDGE('',*,*,#1080,.F.);
#1482=ORIENTED_EDGE('',*,*,#1083,.F.);
#1483=ORIENTED_EDGE('',*,*,#1085,.F.);
#1484=ORIENTED_EDGE('',*,*,#1088,.F.);
#1485=ORIENTED_EDGE('',*,*,#1035,.T.);
#1486=ORIENTED_EDGE('',*,*,#1094,.F.);
#1487=ORIENTED_EDGE('',*,*,#1054,.T.);
#1488=ORIENTED_EDGE('',*,*,#1095,.F.);
#1489=ORIENTED_EDGE('',*,*,#1061,.T.);
#1490=ORIENTED_EDGE('',*,*,#1096,.F.);
#1491=ORIENTED_EDGE('',*,*,#968,.T.);
#1492=ORIENTED_EDGE('',*,*,#1097,.F.);
#1493=ORIENTED_EDGE('',*,*,#1098,.T.);
#1494=ORIENTED_EDGE('',*,*,#1099,.T.);
#1495=ORIENTED_EDGE('',*,*,#1100,.T.);
#1496=ORIENTED_EDGE('',*,*,#1101,.T.);
#1497=ORIENTED_EDGE('',*,*,#1098,.F.);
#1498=ORIENTED_EDGE('',*,*,#1102,.T.);
#1499=ORIENTED_EDGE('',*,*,#1103,.T.);
#1500=ORIENTED_EDGE('',*,*,#1104,.T.);
#1501=ORIENTED_EDGE('',*,*,#1105,.T.);
#1502=ORIENTED_EDGE('',*,*,#1106,.T.);
#1503=ORIENTED_EDGE('',*,*,#1103,.F.);
#1504=ORIENTED_EDGE('',*,*,#1107,.T.);
#1505=ORIENTED_EDGE('',*,*,#1105,.F.);
#1506=ORIENTED_EDGE('',*,*,#1108,.T.);
#1507=ORIENTED_EDGE('',*,*,#1109,.T.);
#1508=ORIENTED_EDGE('',*,*,#948,.T.);
#1509=ORIENTED_EDGE('',*,*,#1110,.T.);
#1510=ORIENTED_EDGE('',*,*,#1065,.T.);
#1511=ORIENTED_EDGE('',*,*,#1109,.F.);
#1512=ORIENTED_EDGE('',*,*,#1111,.T.);
#1513=ORIENTED_EDGE('',*,*,#1110,.F.);
#1514=ORIENTED_EDGE('',*,*,#1112,.T.);
#1515=ORIENTED_EDGE('',*,*,#1113,.T.);
#1516=ORIENTED_EDGE('',*,*,#1114,.T.);
#1517=ORIENTED_EDGE('',*,*,#1115,.T.);
#1518=ORIENTED_EDGE('',*,*,#1046,.T.);
#1519=ORIENTED_EDGE('',*,*,#1113,.F.);
#1520=ORIENTED_EDGE('',*,*,#1116,.T.);
#1521=ORIENTED_EDGE('',*,*,#1115,.F.);
#1522=ORIENTED_EDGE('',*,*,#1117,.T.);
#1523=ORIENTED_EDGE('',*,*,#1100,.F.);
#1524=ORIENTED_EDGE('',*,*,#944,.T.);
#1525=ORIENTED_EDGE('',*,*,#1114,.F.);
#1526=ORIENTED_EDGE('',*,*,#1045,.F.);
#1527=ORIENTED_EDGE('',*,*,#1064,.F.);
#1528=ORIENTED_EDGE('',*,*,#1066,.F.);
#1529=ORIENTED_EDGE('',*,*,#1099,.F.);
#1530=ORIENTED_EDGE('',*,*,#1118,.T.);
#1531=ORIENTED_EDGE('',*,*,#1119,.T.);
#1532=ORIENTED_EDGE('',*,*,#1040,.T.);
#1533=ORIENTED_EDGE('',*,*,#945,.T.);
#1534=ORIENTED_EDGE('',*,*,#1086,.F.);
#1535=ORIENTED_EDGE('',*,*,#1120,.F.);
#1536=ORIENTED_EDGE('',*,*,#1121,.T.);
#1537=ORIENTED_EDGE('',*,*,#1122,.F.);
#1538=ORIENTED_EDGE('',*,*,#1101,.F.);
#1539=ORIENTED_EDGE('',*,*,#1117,.F.);
#1540=ORIENTED_EDGE('',*,*,#1116,.F.);
#1541=ORIENTED_EDGE('',*,*,#1112,.F.);
#1542=ORIENTED_EDGE('',*,*,#1111,.F.);
#1543=ORIENTED_EDGE('',*,*,#1108,.F.);
#1544=ORIENTED_EDGE('',*,*,#1107,.F.);
#1545=ORIENTED_EDGE('',*,*,#1102,.F.);
#1546=ORIENTED_EDGE('',*,*,#1057,.F.);
#1547=ORIENTED_EDGE('',*,*,#1022,.F.);
#1548=ORIENTED_EDGE('',*,*,#1123,.T.);
#1549=ORIENTED_EDGE('',*,*,#1124,.T.);
#1550=ORIENTED_EDGE('',*,*,#1059,.F.);
#1551=ORIENTED_EDGE('',*,*,#1125,.T.);
#1552=ORIENTED_EDGE('',*,*,#1041,.F.);
#1553=ORIENTED_EDGE('',*,*,#1119,.F.);
#1554=ORIENTED_EDGE('',*,*,#1126,.T.);
#1555=ORIENTED_EDGE('',*,*,#1127,.F.);
#1556=ORIENTED_EDGE('',*,*,#1047,.F.);
#1557=ORIENTED_EDGE('',*,*,#973,.T.);
#1558=ORIENTED_EDGE('',*,*,#1128,.T.);
#1559=ORIENTED_EDGE('',*,*,#1129,.T.);
#1560=ORIENTED_EDGE('',*,*,#1037,.F.);
#1561=ORIENTED_EDGE('',*,*,#1004,.F.);
#1562=ORIENTED_EDGE('',*,*,#1130,.T.);
#1563=ORIENTED_EDGE('',*,*,#1131,.T.);
#1564=ORIENTED_EDGE('',*,*,#1027,.F.);
#1565=ORIENTED_EDGE('',*,*,#988,.F.);
#1566=ORIENTED_EDGE('',*,*,#1132,.T.);
#1567=ORIENTED_EDGE('',*,*,#1133,.T.);
#1568=ORIENTED_EDGE('',*,*,#1104,.F.);
#1569=ORIENTED_EDGE('',*,*,#1134,.F.);
#1570=ORIENTED_EDGE('',*,*,#1126,.F.);
#1571=ORIENTED_EDGE('',*,*,#1118,.F.);
#1572=ORIENTED_EDGE('',*,*,#1106,.F.);
#1573=ORIENTED_EDGE('',*,*,#947,.T.);
#1574=ORIENTED_EDGE('',*,*,#1056,.F.);
#1575=ORIENTED_EDGE('',*,*,#1127,.T.);
#1576=ORIENTED_EDGE('',*,*,#1134,.T.);
#1577=ORIENTED_EDGE('',*,*,#956,.F.);
#1578=ORIENTED_EDGE('',*,*,#969,.T.);
#1579=ORIENTED_EDGE('',*,*,#1096,.T.);
#1580=ORIENTED_EDGE('',*,*,#1060,.T.);
#1581=ORIENTED_EDGE('',*,*,#980,.F.);
#1582=ORIENTED_EDGE('',*,*,#1036,.T.);
#1583=ORIENTED_EDGE('',*,*,#1097,.T.);
#1584=ORIENTED_EDGE('',*,*,#967,.T.);
#1585=ORIENTED_EDGE('',*,*,#1012,.F.);
#1586=ORIENTED_EDGE('',*,*,#1062,.T.);
#1587=ORIENTED_EDGE('',*,*,#1095,.T.);
#1588=ORIENTED_EDGE('',*,*,#1053,.T.);
#1589=ORIENTED_EDGE('',*,*,#996,.F.);
#1590=ORIENTED_EDGE('',*,*,#1055,.T.);
#1591=ORIENTED_EDGE('',*,*,#1094,.T.);
#1592=ORIENTED_EDGE('',*,*,#1034,.T.);
#1593=ORIENTED_EDGE('',*,*,#1135,.F.);
#1594=ORIENTED_EDGE('',*,*,#1121,.F.);
#1595=ORIENTED_EDGE('',*,*,#1136,.F.);
#1596=ORIENTED_EDGE('',*,*,#936,.F.);
#1597=ORIENTED_EDGE('',*,*,#1090,.F.);
#1598=ORIENTED_EDGE('',*,*,#1092,.F.);
#1599=ORIENTED_EDGE('',*,*,#1093,.F.);
#1600=ORIENTED_EDGE('',*,*,#912,.F.);
#1601=ORIENTED_EDGE('',*,*,#1133,.F.);
#1602=ORIENTED_EDGE('',*,*,#1137,.F.);
#1603=ORIENTED_EDGE('',*,*,#1138,.F.);
#1604=ORIENTED_EDGE('',*,*,#1025,.F.);
#1605=ORIENTED_EDGE('',*,*,#964,.F.);
#1606=ORIENTED_EDGE('',*,*,#1048,.F.);
#1607=ORIENTED_EDGE('',*,*,#1129,.F.);
#1608=ORIENTED_EDGE('',*,*,#1139,.F.);
#1609=ORIENTED_EDGE('',*,*,#1140,.F.);
#1610=ORIENTED_EDGE('',*,*,#1042,.F.);
#1611=ORIENTED_EDGE('',*,*,#1125,.F.);
#1612=ORIENTED_EDGE('',*,*,#1058,.F.);
#1613=ORIENTED_EDGE('',*,*,#1124,.F.);
#1614=ORIENTED_EDGE('',*,*,#1141,.F.);
#1615=ORIENTED_EDGE('',*,*,#1142,.F.);
#1616=ORIENTED_EDGE('',*,*,#1050,.F.);
#1617=ORIENTED_EDGE('',*,*,#1052,.F.);
#1618=ORIENTED_EDGE('',*,*,#1038,.F.);
#1619=ORIENTED_EDGE('',*,*,#1131,.F.);
#1620=ORIENTED_EDGE('',*,*,#1143,.F.);
#1621=ORIENTED_EDGE('',*,*,#1144,.F.);
#1622=ORIENTED_EDGE('',*,*,#1031,.F.);
#1623=ORIENTED_EDGE('',*,*,#1033,.F.);
#1624=ORIENTED_EDGE('',*,*,#1028,.F.);
#1625=ORIENTED_EDGE('',*,*,#1145,.F.);
#1626=ORIENTED_EDGE('',*,*,#1146,.F.);
#1627=ORIENTED_EDGE('',*,*,#1147,.F.);
#1628=ORIENTED_EDGE('',*,*,#1148,.F.);
#1629=ORIENTED_EDGE('',*,*,#1043,.F.);
#1630=ORIENTED_EDGE('',*,*,#1140,.T.);
#1631=ORIENTED_EDGE('',*,*,#1149,.F.);
#1632=ORIENTED_EDGE('',*,*,#971,.T.);
#1633=ORIENTED_EDGE('',*,*,#1139,.T.);
#1634=ORIENTED_EDGE('',*,*,#1128,.F.);
#1635=ORIENTED_EDGE('',*,*,#972,.T.);
#1636=ORIENTED_EDGE('',*,*,#1149,.T.);
#1637=ORIENTED_EDGE('',*,*,#1026,.F.);
#1638=ORIENTED_EDGE('',*,*,#1138,.T.);
#1639=ORIENTED_EDGE('',*,*,#1150,.F.);
#1640=ORIENTED_EDGE('',*,*,#986,.F.);
#1641=ORIENTED_EDGE('',*,*,#1137,.T.);
#1642=ORIENTED_EDGE('',*,*,#1132,.F.);
#1643=ORIENTED_EDGE('',*,*,#987,.T.);
#1644=ORIENTED_EDGE('',*,*,#1150,.T.);
#1645=ORIENTED_EDGE('',*,*,#1081,.F.);
#1646=ORIENTED_EDGE('',*,*,#937,.T.);
#1647=ORIENTED_EDGE('',*,*,#1136,.T.);
#1648=ORIENTED_EDGE('',*,*,#1120,.T.);
#1649=ORIENTED_EDGE('',*,*,#1087,.F.);
#1650=ORIENTED_EDGE('',*,*,#1122,.T.);
#1651=ORIENTED_EDGE('',*,*,#1135,.T.);
#1652=ORIENTED_EDGE('',*,*,#911,.T.);
#1653=ORIENTED_EDGE('',*,*,#1147,.T.);
#1654=ORIENTED_EDGE('',*,*,#1151,.T.);
#1655=ORIENTED_EDGE('',*,*,#990,.T.);
#1656=ORIENTED_EDGE('',*,*,#1151,.F.);
#1657=ORIENTED_EDGE('',*,*,#1148,.T.);
#1658=ORIENTED_EDGE('',*,*,#1152,.T.);
#1659=ORIENTED_EDGE('',*,*,#975,.T.);
#1660=ORIENTED_EDGE('',*,*,#1152,.F.);
#1661=ORIENTED_EDGE('',*,*,#1146,.T.);
#1662=ORIENTED_EDGE('',*,*,#1153,.T.);
#1663=ORIENTED_EDGE('',*,*,#1024,.T.);
#1664=ORIENTED_EDGE('',*,*,#1153,.F.);
#1665=ORIENTED_EDGE('',*,*,#1051,.F.);
#1666=ORIENTED_EDGE('',*,*,#1142,.T.);
#1667=ORIENTED_EDGE('',*,*,#1154,.F.);
#1668=ORIENTED_EDGE('',*,*,#1020,.T.);
#1669=ORIENTED_EDGE('',*,*,#1141,.T.);
#1670=ORIENTED_EDGE('',*,*,#1123,.F.);
#1671=ORIENTED_EDGE('',*,*,#1021,.T.);
#1672=ORIENTED_EDGE('',*,*,#1154,.T.);
#1673=ORIENTED_EDGE('',*,*,#1145,.T.);
#1674=ORIENTED_EDGE('',*,*,#1155,.T.);
#1675=ORIENTED_EDGE('',*,*,#1006,.T.);
#1676=ORIENTED_EDGE('',*,*,#1155,.F.);
#1677=ORIENTED_EDGE('',*,*,#1032,.F.);
#1678=ORIENTED_EDGE('',*,*,#1144,.T.);
#1679=ORIENTED_EDGE('',*,*,#1156,.F.);
#1680=ORIENTED_EDGE('',*,*,#1002,.F.);
#1681=ORIENTED_EDGE('',*,*,#1143,.T.);
#1682=ORIENTED_EDGE('',*,*,#1130,.F.);
#1683=ORIENTED_EDGE('',*,*,#1003,.T.);
#1684=ORIENTED_EDGE('',*,*,#1156,.T.);
#1685=PLANE('',#1831);
#1686=PLANE('',#1835);
#1687=PLANE('',#1841);
#1688=PLANE('',#1842);
#1689=PLANE('',#1845);
#1690=PLANE('',#1846);
#1691=PLANE('',#1850);
#1692=PLANE('',#1856);
#1693=PLANE('',#1857);
#1694=PLANE('',#1858);
#1695=PLANE('',#1861);
#1696=PLANE('',#1862);
#1697=PLANE('',#1871);
#1698=PLANE('',#1872);
#1699=PLANE('',#1883);
#1700=PLANE('',#1894);
#1701=PLANE('',#1907);
#1702=PLANE('',#1918);
#1703=PLANE('',#1930);
#1704=PLANE('',#1933);
#1705=PLANE('',#1937);
#1706=PLANE('',#1941);
#1707=PLANE('',#1945);
#1708=PLANE('',#1949);
#1709=PLANE('',#1955);
#1710=PLANE('',#1958);
#1711=PLANE('',#1966);
#1712=PLANE('',#1970);
#1713=PLANE('',#1973);
#1714=PLANE('',#1976);
#1715=PLANE('',#1977);
#1716=PLANE('',#1980);
#1717=PLANE('',#1981);
#1718=PLANE('',#1982);
#1719=PLANE('',#1984);
#1720=PLANE('',#1985);
#1721=PLANE('',#1986);
#1722=PLANE('',#1987);
#1723=PLANE('',#1993);
#1724=PLANE('',#2004);
#1725=PLANE('',#2006);
#1726=PLANE('',#2013);
#1727=PLANE('',#2016);
#1728=ADVANCED_FACE('',(#192),#1685,.T.);
#1729=ADVANCED_FACE('',(#193),#180,.F.);
#1730=ADVANCED_FACE('',(#194),#1686,.T.);
#1731=ADVANCED_FACE('',(#195),#181,.F.);
#1732=ADVANCED_FACE('',(#196),#48,.F.);
#1733=ADVANCED_FACE('',(#197),#1687,.F.);
#1734=ADVANCED_FACE('',(#198,#33),#1688,.T.);
#1735=ADVANCED_FACE('',(#199),#49,.F.);
#1736=ADVANCED_FACE('',(#200),#1689,.F.);
#1737=ADVANCED_FACE('',(#201),#1690,.T.);
#1738=ADVANCED_FACE('',(#202),#182,.F.);
#1739=ADVANCED_FACE('',(#203),#1691,.T.);
#1740=ADVANCED_FACE('',(#204),#183,.F.);
#1741=ADVANCED_FACE('',(#205),#50,.F.);
#1742=ADVANCED_FACE('',(#206),#1692,.F.);
#1743=ADVANCED_FACE('',(#207,#34),#1693,.T.);
#1744=ADVANCED_FACE('',(#208),#1694,.F.);
#1745=ADVANCED_FACE('',(#209),#51,.F.);
#1746=ADVANCED_FACE('',(#210),#1695,.F.);
#1747=ADVANCED_FACE('',(#211),#1696,.F.);
#1748=ADVANCED_FACE('',(#212),#52,.F.);
#1749=ADVANCED_FACE('',(#213),#17,.T.);
#1750=ADVANCED_FACE('',(#214),#53,.F.);
#1751=ADVANCED_FACE('',(#215),#15,.T.);
#1752=ADVANCED_FACE('',(#216,#35),#1697,.T.);
#1753=ADVANCED_FACE('',(#217,#36),#1698,.F.);
#1754=ADVANCED_FACE('',(#218),#54,.F.);
#1755=ADVANCED_FACE('',(#219),#18,.T.);
#1756=ADVANCED_FACE('',(#220),#55,.F.);
#1757=ADVANCED_FACE('',(#221,#37),#1699,.F.);
#1758=ADVANCED_FACE('',(#222),#56,.F.);
#1759=ADVANCED_FACE('',(#223),#19,.T.);
#1760=ADVANCED_FACE('',(#224),#57,.F.);
#1761=ADVANCED_FACE('',(#225,#38),#1700,.F.);
#1762=ADVANCED_FACE('',(#226),#58,.F.);
#1763=ADVANCED_FACE('',(#227),#20,.T.);
#1764=ADVANCED_FACE('',(#228),#59,.F.);
#1765=ADVANCED_FACE('',(#229),#16,.T.);
#1766=ADVANCED_FACE('',(#230,#39),#1701,.F.);
#1767=ADVANCED_FACE('',(#231),#60,.F.);
#1768=ADVANCED_FACE('',(#232),#61,.F.);
#1769=ADVANCED_FACE('',(#233),#62,.F.);
#1770=ADVANCED_FACE('',(#234),#1702,.T.);
#1771=ADVANCED_FACE('',(#235),#63,.F.);
#1772=ADVANCED_FACE('',(#236),#64,.F.);
#1773=ADVANCED_FACE('',(#237),#65,.F.);
#1774=ADVANCED_FACE('',(#238),#66,.F.);
#1775=ADVANCED_FACE('',(#239),#67,.F.);
#1776=ADVANCED_FACE('',(#240,#40),#1703,.T.);
#1777=ADVANCED_FACE('',(#241),#68,.F.);
#1778=ADVANCED_FACE('',(#242),#1704,.T.);
#1779=ADVANCED_FACE('',(#243),#69,.F.);
#1780=ADVANCED_FACE('',(#244),#1705,.T.);
#1781=ADVANCED_FACE('',(#245),#184,.T.);
#1782=ADVANCED_FACE('',(#246),#1706,.T.);
#1783=ADVANCED_FACE('',(#247),#185,.T.);
#1784=ADVANCED_FACE('',(#248),#1707,.T.);
#1785=ADVANCED_FACE('',(#249),#186,.T.);
#1786=ADVANCED_FACE('',(#250),#1708,.T.);
#1787=ADVANCED_FACE('',(#251),#187,.T.);
#1788=ADVANCED_FACE('',(#252),#70,.T.);
#1789=ADVANCED_FACE('',(#253),#1709,.T.);
#1790=ADVANCED_FACE('',(#254),#71,.T.);
#1791=ADVANCED_FACE('',(#255,#41),#1710,.T.);
#1792=ADVANCED_FACE('',(#256),#188,.F.);
#1793=ADVANCED_FACE('',(#257),#1711,.T.);
#1794=ADVANCED_FACE('',(#258),#189,.F.);
#1795=ADVANCED_FACE('',(#259),#1712,.T.);
#1796=ADVANCED_FACE('',(#260),#190,.F.);
#1797=ADVANCED_FACE('',(#261),#1713,.T.);
#1798=ADVANCED_FACE('',(#262),#191,.F.);
#1799=ADVANCED_FACE('',(#263),#1714,.T.);
#1800=ADVANCED_FACE('',(#264),#1715,.F.);
#1801=ADVANCED_FACE('',(#265),#72,.F.);
#1802=ADVANCED_FACE('',(#266,#42),#1716,.T.);
#1803=ADVANCED_FACE('',(#267),#1717,.T.);
#1804=ADVANCED_FACE('',(#268),#1718,.T.);
#1805=ADVANCED_FACE('',(#269),#1719,.T.);
#1806=ADVANCED_FACE('',(#270),#1720,.T.);
#1807=ADVANCED_FACE('',(#271),#1721,.T.);
#1808=ADVANCED_FACE('',(#272),#1722,.F.);
#1809=ADVANCED_FACE('',(#273),#73,.F.);
#1810=ADVANCED_FACE('',(#274),#74,.F.);
#1811=ADVANCED_FACE('',(#275),#75,.F.);
#1812=ADVANCED_FACE('',(#276),#76,.F.);
#1813=ADVANCED_FACE('',(#277),#77,.F.);
#1814=ADVANCED_FACE('',(#278,#43,#44,#45,#46,#47),#1723,.T.);
#1815=ADVANCED_FACE('',(#279),#1724,.T.);
#1816=ADVANCED_FACE('',(#280),#78,.T.);
#1817=ADVANCED_FACE('',(#281),#1725,.T.);
#1818=ADVANCED_FACE('',(#282),#79,.T.);
#1819=ADVANCED_FACE('',(#283),#80,.T.);
#1820=ADVANCED_FACE('',(#284),#81,.T.);
#1821=ADVANCED_FACE('',(#285),#82,.F.);
#1822=ADVANCED_FACE('',(#286),#83,.F.);
#1823=ADVANCED_FACE('',(#287),#84,.F.);
#1824=ADVANCED_FACE('',(#288),#1726,.T.);
#1825=ADVANCED_FACE('',(#289),#85,.T.);
#1826=ADVANCED_FACE('',(#290),#86,.F.);
#1827=ADVANCED_FACE('',(#291),#1727,.T.);
#1828=ADVANCED_FACE('',(#292),#87,.T.);
#1829=CLOSED_SHELL('',(#1728,#1729,#1730,#1731,#1732,#1733,#1734,#1735,
#1736,#1737,#1738,#1739,#1740,#1741,#1742,#1743,#1744,#1745,#1746,#1747,
#1748,#1749,#1750,#1751,#1752,#1753,#1754,#1755,#1756,#1757,#1758,#1759,
#1760,#1761,#1762,#1763,#1764,#1765,#1766,#1767,#1768,#1769,#1770,#1771,
#1772,#1773,#1774,#1775,#1776,#1777,#1778,#1779,#1780,#1781,#1782,#1783,
#1784,#1785,#1786,#1787,#1788,#1789,#1790,#1791,#1792,#1793,#1794,#1795,
#1796,#1797,#1798,#1799,#1800,#1801,#1802,#1803,#1804,#1805,#1806,#1807,
#1808,#1809,#1810,#1811,#1812,#1813,#1814,#1815,#1816,#1817,#1818,#1819,
#1820,#1821,#1822,#1823,#1824,#1825,#1826,#1827,#1828));
#1830=AXIS2_PLACEMENT_3D('',#2554,#2018,#2019);
#1831=AXIS2_PLACEMENT_3D('',#2555,#2020,#2021);
#1832=AXIS2_PLACEMENT_3D('',#2564,#2026,#2027);
#1833=AXIS2_PLACEMENT_3D('',#2568,#2029,#2030);
#1834=AXIS2_PLACEMENT_3D('',#2569,#2031,#2032);
#1835=AXIS2_PLACEMENT_3D('',#2570,#2033,#2034);
#1836=AXIS2_PLACEMENT_3D('',#2576,#2038,#2039);
#1837=AXIS2_PLACEMENT_3D('',#2577,#2040,#2041);
#1838=AXIS2_PLACEMENT_3D('',#2578,#2042,#2043);
#1839=AXIS2_PLACEMENT_3D('',#2579,#2044,#2045);
#1840=AXIS2_PLACEMENT_3D('',#2583,#2047,#2048);
#1841=AXIS2_PLACEMENT_3D('',#2585,#2050,#2051);
#1842=AXIS2_PLACEMENT_3D('',#2589,#2054,#2055);
#1843=AXIS2_PLACEMENT_3D('',#2598,#2060,#2061);
#1844=AXIS2_PLACEMENT_3D('',#2601,#2063,#2064);
#1845=AXIS2_PLACEMENT_3D('',#2602,#2065,#2066);
#1846=AXIS2_PLACEMENT_3D('',#2604,#2068,#2069);
#1847=AXIS2_PLACEMENT_3D('',#2613,#2074,#2075);
#1848=AXIS2_PLACEMENT_3D('',#2615,#2076,#2077);
#1849=AXIS2_PLACEMENT_3D('',#2618,#2079,#2080);
#1850=AXIS2_PLACEMENT_3D('',#2619,#2081,#2082);
#1851=AXIS2_PLACEMENT_3D('',#2625,#2086,#2087);
#1852=AXIS2_PLACEMENT_3D('',#2626,#2088,#2089);
#1853=AXIS2_PLACEMENT_3D('',#2627,#2090,#2091);
#1854=AXIS2_PLACEMENT_3D('',#2628,#2092,#2093);
#1855=AXIS2_PLACEMENT_3D('',#2632,#2095,#2096);
#1856=AXIS2_PLACEMENT_3D('',#2634,#2098,#2099);
#1857=AXIS2_PLACEMENT_3D('',#2638,#2102,#2103);
#1858=AXIS2_PLACEMENT_3D('',#2647,#2108,#2109);
#1859=AXIS2_PLACEMENT_3D('',#2651,#2112,#2113);
#1860=AXIS2_PLACEMENT_3D('',#2652,#2114,#2115);
#1861=AXIS2_PLACEMENT_3D('',#2653,#2116,#2117);
#1862=AXIS2_PLACEMENT_3D('',#2671,#2122,#2123);
#1863=AXIS2_PLACEMENT_3D('',#2687,#2128,#2129);
#1864=AXIS2_PLACEMENT_3D('',#2690,#2130,#2131);
#1865=AXIS2_PLACEMENT_3D('',#2694,#2133,#2134);
#1866=AXIS2_PLACEMENT_3D('',#2707,#2136,#2137);
#1867=AXIS2_PLACEMENT_3D('',#2708,#2138,#2139);
#1868=AXIS2_PLACEMENT_3D('',#2709,#2140,#2141);
#1869=AXIS2_PLACEMENT_3D('',#2710,#2142,#2143);
#1870=AXIS2_PLACEMENT_3D('',#2775,#2146,#2147);
#1871=AXIS2_PLACEMENT_3D('',#2786,#2148,#2149);
#1872=AXIS2_PLACEMENT_3D('',#2800,#2157,#2158);
#1873=AXIS2_PLACEMENT_3D('',#2802,#2159,#2160);
#1874=AXIS2_PLACEMENT_3D('',#2806,#2162,#2163);
#1875=AXIS2_PLACEMENT_3D('',#2809,#2165,#2166);
#1876=AXIS2_PLACEMENT_3D('',#2811,#2167,#2168);
#1877=AXIS2_PLACEMENT_3D('',#2812,#2169,#2170);
#1878=AXIS2_PLACEMENT_3D('',#2814,#2171,#2172);
#1879=AXIS2_PLACEMENT_3D('',#2838,#2174,#2175);
#1880=AXIS2_PLACEMENT_3D('',#2839,#2176,#2177);
#1881=AXIS2_PLACEMENT_3D('',#2840,#2178,#2179);
#1882=AXIS2_PLACEMENT_3D('',#2841,#2180,#2181);
#1883=AXIS2_PLACEMENT_3D('',#2854,#2184,#2185);
#1884=AXIS2_PLACEMENT_3D('',#2856,#2186,#2187);
#1885=AXIS2_PLACEMENT_3D('',#2860,#2189,#2190);
#1886=AXIS2_PLACEMENT_3D('',#2863,#2192,#2193);
#1887=AXIS2_PLACEMENT_3D('',#2865,#2194,#2195);
#1888=AXIS2_PLACEMENT_3D('',#2866,#2196,#2197);
#1889=AXIS2_PLACEMENT_3D('',#2869,#2198,#2199);
#1890=AXIS2_PLACEMENT_3D('',#2895,#2202,#2203);
#1891=AXIS2_PLACEMENT_3D('',#2896,#2204,#2205);
#1892=AXIS2_PLACEMENT_3D('',#2897,#2206,#2207);
#1893=AXIS2_PLACEMENT_3D('',#2898,#2208,#2209);
#1894=AXIS2_PLACEMENT_3D('',#2913,#2212,#2213);
#1895=AXIS2_PLACEMENT_3D('',#2915,#2214,#2215);
#1896=AXIS2_PLACEMENT_3D('',#2919,#2217,#2218);
#1897=AXIS2_PLACEMENT_3D('',#2922,#2220,#2221);
#1898=AXIS2_PLACEMENT_3D('',#2924,#2222,#2223);
#1899=AXIS2_PLACEMENT_3D('',#2925,#2224,#2225);
#1900=AXIS2_PLACEMENT_3D('',#2928,#2226,#2227);
#1901=AXIS2_PLACEMENT_3D('',#2954,#2230,#2231);
#1902=AXIS2_PLACEMENT_3D('',#2955,#2232,#2233);
#1903=AXIS2_PLACEMENT_3D('',#2956,#2234,#2235);
#1904=AXIS2_PLACEMENT_3D('',#2957,#2236,#2237);
#1905=AXIS2_PLACEMENT_3D('',#2960,#2238,#2239);
#1906=AXIS2_PLACEMENT_3D('',#3023,#2242,#2243);
#1907=AXIS2_PLACEMENT_3D('',#3024,#2244,#2245);
#1908=AXIS2_PLACEMENT_3D('',#3026,#2246,#2247);
#1909=AXIS2_PLACEMENT_3D('',#3030,#2249,#2250);
#1910=AXIS2_PLACEMENT_3D('',#3033,#2252,#2253);
#1911=AXIS2_PLACEMENT_3D('',#3035,#2254,#2255);
#1912=AXIS2_PLACEMENT_3D('',#3036,#2256,#2257);
#1913=AXIS2_PLACEMENT_3D('',#3038,#2258,#2259);
#1914=AXIS2_PLACEMENT_3D('',#3040,#2261,#2262);
#1915=AXIS2_PLACEMENT_3D('',#3044,#2264,#2265);
#1916=AXIS2_PLACEMENT_3D('',#3046,#2267,#2268);
#1917=AXIS2_PLACEMENT_3D('',#3050,#2270,#2271);
#1918=AXIS2_PLACEMENT_3D('',#3052,#2273,#2274);
#1919=AXIS2_PLACEMENT_3D('',#3059,#2279,#2280);
#1920=AXIS2_PLACEMENT_3D('',#3063,#2282,#2283);
#1921=AXIS2_PLACEMENT_3D('',#3065,#2285,#2286);
#1922=AXIS2_PLACEMENT_3D('',#3076,#2288,#2289);
#1923=AXIS2_PLACEMENT_3D('',#3078,#2291,#2292);
#1924=AXIS2_PLACEMENT_3D('',#3080,#2293,#2294);
#1925=AXIS2_PLACEMENT_3D('',#3083,#2296,#2297);
#1926=AXIS2_PLACEMENT_3D('',#3084,#2298,#2299);
#1927=AXIS2_PLACEMENT_3D('',#3087,#2301,#2302);
#1928=AXIS2_PLACEMENT_3D('',#3088,#2303,#2304);
#1929=AXIS2_PLACEMENT_3D('',#3092,#2306,#2307);
#1930=AXIS2_PLACEMENT_3D('',#3094,#2309,#2310);
#1931=AXIS2_PLACEMENT_3D('',#3101,#2315,#2316);
#1932=AXIS2_PLACEMENT_3D('',#3112,#2318,#2319);
#1933=AXIS2_PLACEMENT_3D('',#3114,#2321,#2322);
#1934=AXIS2_PLACEMENT_3D('',#3121,#2326,#2327);
#1935=AXIS2_PLACEMENT_3D('',#3123,#2329,#2330);
#1936=AXIS2_PLACEMENT_3D('',#3125,#2331,#2332);
#1937=AXIS2_PLACEMENT_3D('',#3127,#2334,#2335);
#1938=AXIS2_PLACEMENT_3D('',#3133,#2339,#2340);
#1939=AXIS2_PLACEMENT_3D('',#3135,#2341,#2342);
#1940=AXIS2_PLACEMENT_3D('',#3138,#2344,#2345);
#1941=AXIS2_PLACEMENT_3D('',#3139,#2346,#2347);
#1942=AXIS2_PLACEMENT_3D('',#3145,#2351,#2352);
#1943=AXIS2_PLACEMENT_3D('',#3146,#2353,#2354);
#1944=AXIS2_PLACEMENT_3D('',#3149,#2356,#2357);
#1945=AXIS2_PLACEMENT_3D('',#3150,#2358,#2359);
#1946=AXIS2_PLACEMENT_3D('',#3154,#2362,#2363);
#1947=AXIS2_PLACEMENT_3D('',#3156,#2364,#2365);
#1948=AXIS2_PLACEMENT_3D('',#3159,#2367,#2368);
#1949=AXIS2_PLACEMENT_3D('',#3160,#2369,#2370);
#1950=AXIS2_PLACEMENT_3D('',#3166,#2374,#2375);
#1951=AXIS2_PLACEMENT_3D('',#3167,#2376,#2377);
#1952=AXIS2_PLACEMENT_3D('',#3168,#2378,#2379);
#1953=AXIS2_PLACEMENT_3D('',#3169,#2380,#2381);
#1954=AXIS2_PLACEMENT_3D('',#3172,#2383,#2384);
#1955=AXIS2_PLACEMENT_3D('',#3173,#2385,#2386);
#1956=AXIS2_PLACEMENT_3D('',#3177,#2389,#2390);
#1957=AXIS2_PLACEMENT_3D('',#3178,#2391,#2392);
#1958=AXIS2_PLACEMENT_3D('',#3179,#2393,#2394);
#1959=AXIS2_PLACEMENT_3D('',#3180,#2395,#2396);
#1960=AXIS2_PLACEMENT_3D('',#3181,#2397,#2398);
#1961=AXIS2_PLACEMENT_3D('',#3182,#2399,#2400);
#1962=AXIS2_PLACEMENT_3D('',#3183,#2401,#2402);
#1963=AXIS2_PLACEMENT_3D('',#3184,#2403,#2404);
#1964=AXIS2_PLACEMENT_3D('',#3188,#2406,#2407);
#1965=AXIS2_PLACEMENT_3D('',#3191,#2409,#2410);
#1966=AXIS2_PLACEMENT_3D('',#3192,#2411,#2412);
#1967=AXIS2_PLACEMENT_3D('',#3198,#2416,#2417);
#1968=AXIS2_PLACEMENT_3D('',#3201,#2419,#2420);
#1969=AXIS2_PLACEMENT_3D('',#3202,#2421,#2422);
#1970=AXIS2_PLACEMENT_3D('',#3203,#2423,#2424);
#1971=AXIS2_PLACEMENT_3D('',#3207,#2427,#2428);
#1972=AXIS2_PLACEMENT_3D('',#3210,#2430,#2431);
#1973=AXIS2_PLACEMENT_3D('',#3211,#2432,#2433);
#1974=AXIS2_PLACEMENT_3D('',#3216,#2437,#2438);
#1975=AXIS2_PLACEMENT_3D('',#3219,#2440,#2441);
#1976=AXIS2_PLACEMENT_3D('',#3220,#2442,#2443);
#1977=AXIS2_PLACEMENT_3D('',#3222,#2445,#2446);
#1978=AXIS2_PLACEMENT_3D('',#3223,#2447,#2448);
#1979=AXIS2_PLACEMENT_3D('',#3226,#2450,#2451);
#1980=AXIS2_PLACEMENT_3D('',#3227,#2452,#2453);
#1981=AXIS2_PLACEMENT_3D('',#3233,#2457,#2458);
#1982=AXIS2_PLACEMENT_3D('',#3237,#2461,#2462);
#1983=AXIS2_PLACEMENT_3D('',#3241,#2465,#2466);
#1984=AXIS2_PLACEMENT_3D('',#3242,#2467,#2468);
#1985=AXIS2_PLACEMENT_3D('',#3246,#2471,#2472);
#1986=AXIS2_PLACEMENT_3D('',#3250,#2475,#2476);
#1987=AXIS2_PLACEMENT_3D('',#3254,#2479,#2480);
#1988=AXIS2_PLACEMENT_3D('',#3256,#2482,#2483);
#1989=AXIS2_PLACEMENT_3D('',#3257,#2484,#2485);
#1990=AXIS2_PLACEMENT_3D('',#3258,#2486,#2487);
#1991=AXIS2_PLACEMENT_3D('',#3259,#2488,#2489);
#1992=AXIS2_PLACEMENT_3D('',#3260,#2490,#2491);
#1993=AXIS2_PLACEMENT_3D('',#3261,#2492,#2493);
#1994=AXIS2_PLACEMENT_3D('',#3262,#2494,#2495);
#1995=AXIS2_PLACEMENT_3D('',#3263,#2496,#2497);
#1996=AXIS2_PLACEMENT_3D('',#3265,#2498,#2499);
#1997=AXIS2_PLACEMENT_3D('',#3268,#2501,#2502);
#1998=AXIS2_PLACEMENT_3D('',#3271,#2504,#2505);
#1999=AXIS2_PLACEMENT_3D('',#3274,#2507,#2508);
#2000=AXIS2_PLACEMENT_3D('',#3277,#2510,#2511);
#2001=AXIS2_PLACEMENT_3D('',#3279,#2512,#2513);
#2002=AXIS2_PLACEMENT_3D('',#3281,#2514,#2515);
#2003=AXIS2_PLACEMENT_3D('',#3283,#2516,#2517);
#2004=AXIS2_PLACEMENT_3D('',#3284,#2518,#2519);
#2005=AXIS2_PLACEMENT_3D('',#3286,#2521,#2522);
#2006=AXIS2_PLACEMENT_3D('',#3287,#2523,#2524);
#2007=AXIS2_PLACEMENT_3D('',#3289,#2526,#2527);
#2008=AXIS2_PLACEMENT_3D('',#3290,#2528,#2529);
#2009=AXIS2_PLACEMENT_3D('',#3291,#2530,#2531);
#2010=AXIS2_PLACEMENT_3D('',#3292,#2532,#2533);
#2011=AXIS2_PLACEMENT_3D('',#3294,#2535,#2536);
#2012=AXIS2_PLACEMENT_3D('',#3296,#2538,#2539);
#2013=AXIS2_PLACEMENT_3D('',#3298,#2541,#2542);
#2014=AXIS2_PLACEMENT_3D('',#3300,#2544,#2545);
#2015=AXIS2_PLACEMENT_3D('',#3301,#2546,#2547);
#2016=AXIS2_PLACEMENT_3D('',#3303,#2549,#2550);
#2017=AXIS2_PLACEMENT_3D('',#3305,#2552,#2553);
#2018=DIRECTION('axis',(0.,0.,1.));
#2019=DIRECTION('refdir',(1.,0.,0.));
#2020=DIRECTION('center_axis',(0.,-0.707106781186555,-0.70710678118654));
#2021=DIRECTION('ref_axis',(-1.,0.,0.));
#2022=DIRECTION('',(0.,-0.707106781186538,0.707106781186557));
#2023=DIRECTION('',(-1.,0.,0.));
#2024=DIRECTION('',(0.,0.70710678118654,-0.707106781186555));
#2025=DIRECTION('',(1.,0.,0.));
#2026=DIRECTION('center_axis',(0.,-1.,0.));
#2027=DIRECTION('ref_axis',(0.,0.,-1.));
#2028=DIRECTION('',(0.,-0.707106781186555,-0.70710678118654));
#2029=DIRECTION('center_axis',(0.,-1.,0.));
#2030=DIRECTION('ref_axis',(0.,0.,-1.));
#2031=DIRECTION('center_axis',(0.,1.,0.));
#2032=DIRECTION('ref_axis',(0.,0.,-1.));
#2033=DIRECTION('center_axis',(2.11816857832547E-17,-0.707106781186556,
0.707106781186539));
#2034=DIRECTION('ref_axis',(1.,0.,-2.99554273086046E-17));
#2035=DIRECTION('',(0.,-0.707106781186539,-0.707106781186556));
#2036=DIRECTION('',(1.,0.,-2.99554273086046E-17));
#2037=DIRECTION('',(-1.,0.,2.99554273086046E-17));
#2038=DIRECTION('center_axis',(0.,-1.,0.));
#2039=DIRECTION('ref_axis',(0.,0.,1.));
#2040=DIRECTION('center_axis',(0.,-1.,0.));
#2041=DIRECTION('ref_axis',(0.,0.,1.));
#2042=DIRECTION('center_axis',(0.,1.,0.));
#2043=DIRECTION('ref_axis',(0.,0.,1.));
#2044=DIRECTION('center_axis',(0.,1.,0.));
#2045=DIRECTION('ref_axis',(0.,0.,-1.));
#2046=DIRECTION('',(0.,1.,0.));
#2047=DIRECTION('center_axis',(-3.59586405976986E-17,-1.,0.));
#2048=DIRECTION('ref_axis',(0.,0.,-1.));
#2049=DIRECTION('',(0.,1.,0.));
#2050=DIRECTION('center_axis',(0.,0.,1.));
#2051=DIRECTION('ref_axis',(1.,0.,0.));
#2052=DIRECTION('',(0.,1.,0.));
#2053=DIRECTION('',(-1.,3.59586405976986E-17,0.));
#2054=DIRECTION('center_axis',(0.,-1.,0.));
#2055=DIRECTION('ref_axis',(-1.,0.,0.));
#2056=DIRECTION('',(-1.,0.,-1.46936793852785E-39));
#2057=DIRECTION('',(0.,0.,-1.));
#2058=DIRECTION('',(1.,0.,4.2058947776249E-33));
#2059=DIRECTION('',(0.,0.,1.));
#2060=DIRECTION('center_axis',(0.,1.,0.));
#2061=DIRECTION('ref_axis',(0.,0.,1.));
#2062=DIRECTION('',(0.,1.,0.));
#2063=DIRECTION('center_axis',(-3.59586405976986E-17,-1.,0.));
#2064=DIRECTION('ref_axis',(0.,0.,1.));
#2065=DIRECTION('center_axis',(-2.99554273086046E-17,0.,-1.));
#2066=DIRECTION('ref_axis',(-1.,0.,2.99554273086046E-17));
#2067=DIRECTION('',(1.,-3.59586405976986E-17,-2.99554273086046E-17));
#2068=DIRECTION('center_axis',(-5.88946001672735E-17,0.707106781186549,
-0.707106781186546));
#2069=DIRECTION('ref_axis',(-1.,0.,8.32895423070992E-17));
#2070=DIRECTION('',(0.,0.707106781186546,0.707106781186549));
#2071=DIRECTION('',(1.,8.32895423070988E-17,0.));
#2072=DIRECTION('',(0.,-0.707106781186546,-0.707106781186549));
#2073=DIRECTION('',(-1.,-8.32895423070988E-17,0.));
#2074=DIRECTION('center_axis',(0.,1.,0.));
#2075=DIRECTION('ref_axis',(-0.707106781186547,-3.21243273639672E-17,0.707106781186549));
#2076=DIRECTION('center_axis',(8.32895423070988E-17,-1.,0.));
#2077=DIRECTION('ref_axis',(-0.707106781186546,0.,0.707106781186549));
#2078=DIRECTION('',(0.,0.707106781186569,-0.707106781186526));
#2079=DIRECTION('center_axis',(-8.32895423070988E-17,1.,0.));
#2080=DIRECTION('ref_axis',(-0.707106781186546,-5.88946001672733E-17,0.707106781186549));
#2081=DIRECTION('center_axis',(-5.88946001672735E-17,0.707106781186548,
0.707106781186547));
#2082=DIRECTION('ref_axis',(1.,0.,8.3289542307099E-17));
#2083=DIRECTION('',(0.,0.707106781186547,-0.707106781186548));
#2084=DIRECTION('',(-1.,-8.32895423070988E-17,0.));
#2085=DIRECTION('',(1.,8.32895423070988E-17,0.));
#2086=DIRECTION('center_axis',(0.,1.,0.));
#2087=DIRECTION('ref_axis',(0.707106781186527,3.21243273639664E-17,0.707106781186568));
#2088=DIRECTION('center_axis',(8.32895423070988E-17,-1.,0.));
#2089=DIRECTION('ref_axis',(0.707106781186527,0.,0.707106781186568));
#2090=DIRECTION('center_axis',(-8.32895423070988E-17,1.,0.));
#2091=DIRECTION('ref_axis',(0.707106781186527,5.88946001672717E-17,0.707106781186568));
#2092=DIRECTION('center_axis',(0.,-1.,0.));
#2093=DIRECTION('ref_axis',(-0.707106781186546,0.,0.707106781186549));
#2094=DIRECTION('',(0.,-1.,0.));
#2095=DIRECTION('center_axis',(2.8092687966952E-17,-1.,0.));
#2096=DIRECTION('ref_axis',(-0.707106781186546,0.,0.707106781186549));
#2097=DIRECTION('',(0.,1.,0.));
#2098=DIRECTION('center_axis',(0.,0.,1.));
#2099=DIRECTION('ref_axis',(-1.,0.,0.));
#2100=DIRECTION('',(0.,1.,0.));
#2101=DIRECTION('',(1.,2.8092687966952E-17,0.));
#2102=DIRECTION('center_axis',(-8.32895423070988E-17,1.,0.));
#2103=DIRECTION('ref_axis',(1.,8.32895423070988E-17,-1.02000271388807E-32));
#2104=DIRECTION('',(1.,8.32895423070988E-17,-1.02000256695128E-32));
#2105=DIRECTION('',(0.,0.,1.));
#2106=DIRECTION('',(-1.,-8.32895423070988E-17,-4.2058947776249E-33));
#2107=DIRECTION('',(0.,0.,1.));
#2108=DIRECTION('center_axis',(0.,0.,-1.));
#2109=DIRECTION('ref_axis',(1.,0.,0.));
#2110=DIRECTION('',(-1.,-2.8092687966952E-17,0.));
#2111=DIRECTION('',(0.,-1.,0.));
#2112=DIRECTION('center_axis',(0.,-1.,0.));
#2113=DIRECTION('ref_axis',(0.707106781186527,0.,0.707106781186568));
#2114=DIRECTION('center_axis',(2.8092687966952E-17,-1.,0.));
#2115=DIRECTION('ref_axis',(0.707106781186527,0.,0.707106781186568));
#2116=DIRECTION('center_axis',(0.,1.,0.));
#2117=DIRECTION('ref_axis',(-3.25119689182798E-63,0.,-1.));
#2118=DIRECTION('',(0.,0.,1.));
#2119=DIRECTION('',(-1.,0.,0.));
#2120=DIRECTION('',(0.,0.,-1.));
#2121=DIRECTION('',(1.,0.,0.));
#2122=DIRECTION('center_axis',(0.,-1.,0.));
#2123=DIRECTION('ref_axis',(0.,0.,1.));
#2124=DIRECTION('',(-1.,0.,0.));
#2125=DIRECTION('',(0.,0.,1.));
#2126=DIRECTION('',(1.,0.,0.));
#2127=DIRECTION('',(0.,0.,-1.));
#2128=DIRECTION('center_axis',(1.36642838276754E-15,-1.,0.));
#2129=DIRECTION('ref_axis',(0.707106781186552,7.85046229341882E-16,0.707106781186543));
#2130=DIRECTION('center_axis',(2.22044604925028E-15,-1.,0.));
#2131=DIRECTION('ref_axis',(1.,2.22044604925028E-15,0.));
#2132=DIRECTION('',(-1.36642838276754E-15,1.,0.));
#2133=DIRECTION('center_axis',(-1.11022302462514E-15,1.,0.));
#2134=DIRECTION('ref_axis',(0.,0.,1.));
#2135=DIRECTION('',(1.36642838276754E-15,-1.,0.));
#2136=DIRECTION('center_axis',(-1.,0.,0.));
#2137=DIRECTION('ref_axis',(0.,0.,1.));
#2138=DIRECTION('center_axis',(0.,0.,-1.));
#2139=DIRECTION('ref_axis',(0.707106781186542,0.707106781186553,0.));
#2140=DIRECTION('center_axis',(0.,0.,1.));
#2141=DIRECTION('ref_axis',(0.707106781186542,0.707106781186553,0.));
#2142=DIRECTION('center_axis',(-1.,-2.8092687966952E-17,0.));
#2143=DIRECTION('ref_axis',(0.,0.707106781186547,0.707106781186548));
#2144=DIRECTION('',(1.,2.8092687966952E-17,0.));
#2145=DIRECTION('',(-1.,-2.8092687966952E-17,0.));
#2146=DIRECTION('center_axis',(0.,0.,-1.));
#2147=DIRECTION('ref_axis',(0.707106781186552,0.707106781186543,0.));
#2148=DIRECTION('center_axis',(2.8092687966952E-17,-1.,0.));
#2149=DIRECTION('ref_axis',(1.,2.8092687966952E-17,-1.99610596136995E-34));
#2150=DIRECTION('',(0.,0.,-1.));
#2151=DIRECTION('',(-1.,-2.8092687966952E-17,-4.2058947776249E-33));
#2152=DIRECTION('',(0.,0.,1.));
#2153=DIRECTION('',(1.,2.8092687966952E-17,0.));
#2154=DIRECTION('',(0.,0.,1.));
#2155=DIRECTION('',(1.,2.8092687966952E-17,-3.44036057044838E-33));
#2156=DIRECTION('',(0.,0.,-1.));
#2157=DIRECTION('center_axis',(0.,0.,1.));
#2158=DIRECTION('ref_axis',(-1.,0.,0.));
#2159=DIRECTION('center_axis',(0.,0.,-1.));
#2160=DIRECTION('ref_axis',(0.707106781186552,0.707106781186543,0.));
#2161=DIRECTION('',(1.,0.,0.));
#2162=DIRECTION('center_axis',(0.,0.,1.));
#2163=DIRECTION('ref_axis',(-1.,0.,0.));
#2164=DIRECTION('',(0.,-1.,0.));
#2165=DIRECTION('center_axis',(0.,0.,-1.));
#2166=DIRECTION('ref_axis',(0.707106781186553,0.707106781186543,0.));
#2167=DIRECTION('center_axis',(0.,0.,-1.));
#2168=DIRECTION('ref_axis',(-1.,0.,0.));
#2169=DIRECTION('center_axis',(-1.,-2.8092687966952E-17,0.));
#2170=DIRECTION('ref_axis',(0.,0.707106781186547,0.707106781186548));
#2171=DIRECTION('center_axis',(-1.,0.,0.));
#2172=DIRECTION('ref_axis',(0.,0.,1.));
#2173=DIRECTION('',(-1.,-2.8092687966952E-17,0.));
#2174=DIRECTION('center_axis',(1.11022302462516E-15,-1.,0.));
#2175=DIRECTION('ref_axis',(0.,0.,1.));
#2176=DIRECTION('center_axis',(0.,0.,-1.));
#2177=DIRECTION('ref_axis',(-0.707106781186548,0.707106781186547,0.));
#2178=DIRECTION('center_axis',(0.,0.,1.));
#2179=DIRECTION('ref_axis',(-0.707106781186548,0.707106781186547,0.));
#2180=DIRECTION('center_axis',(1.20630005666197E-15,-1.,0.));
#2181=DIRECTION('ref_axis',(-0.707106781186547,-3.14018491736755E-15,0.707106781186548));
#2182=DIRECTION('',(-1.20630005666197E-15,1.,0.));
#2183=DIRECTION('',(1.20630005666197E-15,-1.,0.));
#2184=DIRECTION('center_axis',(0.,0.,1.));
#2185=DIRECTION('ref_axis',(-1.,0.,0.));
#2186=DIRECTION('center_axis',(0.,0.,-1.));
#2187=DIRECTION('ref_axis',(-0.707106781186547,0.707106781186548,0.));
#2188=DIRECTION('',(0.,1.,0.));
#2189=DIRECTION('center_axis',(0.,0.,1.));
#2190=DIRECTION('ref_axis',(-1.,0.,0.));
#2191=DIRECTION('',(1.,0.,0.));
#2192=DIRECTION('center_axis',(0.,0.,-1.));
#2193=DIRECTION('ref_axis',(-0.707106781186548,0.707106781186547,0.));
#2194=DIRECTION('center_axis',(0.,0.,-1.));
#2195=DIRECTION('ref_axis',(-1.,0.,0.));
#2196=DIRECTION('center_axis',(1.20630005666197E-15,-1.,0.));
#2197=DIRECTION('ref_axis',(-0.707106781186547,-3.14018491736755E-15,0.707106781186548));
#2198=DIRECTION('center_axis',(4.44089209850063E-15,-1.,0.));
#2199=DIRECTION('ref_axis',(0.,0.,1.));
#2200=DIRECTION('',(-1.20630005666197E-15,1.,0.));
#2201=DIRECTION('',(1.20630005666197E-15,-1.,0.));
#2202=DIRECTION('center_axis',(1.,0.,0.));
#2203=DIRECTION('ref_axis',(0.,0.,1.));
#2204=DIRECTION('center_axis',(0.,0.,-1.));
#2205=DIRECTION('ref_axis',(-0.707106781186546,-0.707106781186549,0.));
#2206=DIRECTION('center_axis',(0.,0.,1.));
#2207=DIRECTION('ref_axis',(-0.707106781186546,-0.707106781186549,0.));
#2208=DIRECTION('center_axis',(1.,-3.59586405976986E-17,0.));
#2209=DIRECTION('ref_axis',(0.,-0.707106781186549,0.707106781186546));
#2210=DIRECTION('',(-1.,3.59586405976986E-17,0.));
#2211=DIRECTION('',(1.,-3.59586405976986E-17,0.));
#2212=DIRECTION('center_axis',(0.,0.,1.));
#2213=DIRECTION('ref_axis',(-1.,0.,0.));
#2214=DIRECTION('center_axis',(0.,0.,-1.));
#2215=DIRECTION('ref_axis',(-0.707106781186547,-0.707106781186548,0.));
#2216=DIRECTION('',(-1.,0.,0.));
#2217=DIRECTION('center_axis',(0.,0.,1.));
#2218=DIRECTION('ref_axis',(-1.,0.,0.));
#2219=DIRECTION('',(0.,1.,0.));
#2220=DIRECTION('center_axis',(0.,0.,-1.));
#2221=DIRECTION('ref_axis',(-0.707106781186547,-0.707106781186548,0.));
#2222=DIRECTION('center_axis',(0.,0.,-1.));
#2223=DIRECTION('ref_axis',(-1.,0.,0.));
#2224=DIRECTION('center_axis',(1.,-3.59586405976986E-17,0.));
#2225=DIRECTION('ref_axis',(0.,-0.707106781186549,0.707106781186546));
#2226=DIRECTION('center_axis',(1.,0.,0.));
#2227=DIRECTION('ref_axis',(0.,0.,1.));
#2228=DIRECTION('',(-1.,3.59586405976986E-17,0.));
#2229=DIRECTION('',(1.,-3.59586405976986E-17,0.));
#2230=DIRECTION('center_axis',(0.,1.,0.));
#2231=DIRECTION('ref_axis',(0.,0.,1.));
#2232=DIRECTION('center_axis',(0.,0.,-1.));
#2233=DIRECTION('ref_axis',(0.707106781186548,-0.707106781186548,0.));
#2234=DIRECTION('center_axis',(0.,0.,1.));
#2235=DIRECTION('ref_axis',(0.707106781186547,-0.707106781186547,0.));
#2236=DIRECTION('center_axis',(1.36642838276754E-15,-1.,0.));
#2237=DIRECTION('ref_axis',(0.707106781186552,7.85046229341882E-16,0.707106781186543));
#2238=DIRECTION('center_axis',(0.,1.,0.));
#2239=DIRECTION('ref_axis',(-3.5527136788005E-14,0.,1.));
#2240=DIRECTION('',(1.36642838276754E-15,-1.,0.));
#2241=DIRECTION('',(-1.36642838276754E-15,1.,0.));
#2242=DIRECTION('center_axis',(0.,0.,-1.));
#2243=DIRECTION('ref_axis',(0.707106781186553,-0.707106781186542,0.));
#2244=DIRECTION('center_axis',(0.,0.,1.));
#2245=DIRECTION('ref_axis',(-1.,0.,0.));
#2246=DIRECTION('center_axis',(0.,0.,-1.));
#2247=DIRECTION('ref_axis',(0.707106781186551,-0.707106781186544,0.));
#2248=DIRECTION('',(0.,-1.,0.));
#2249=DIRECTION('center_axis',(0.,0.,1.));
#2250=DIRECTION('ref_axis',(-1.,0.,0.));
#2251=DIRECTION('',(-1.,0.,0.));
#2252=DIRECTION('center_axis',(0.,0.,-1.));
#2253=DIRECTION('ref_axis',(0.707106781186553,-0.707106781186542,0.));
#2254=DIRECTION('center_axis',(0.,0.,-1.));
#2255=DIRECTION('ref_axis',(-1.,0.,0.));
#2256=DIRECTION('center_axis',(0.,0.,-1.));
#2257=DIRECTION('ref_axis',(-0.707106781186547,0.707106781186548,0.));
#2258=DIRECTION('center_axis',(-4.2058947776249E-33,-5.03757460247664E-48,
1.));
#2259=DIRECTION('ref_axis',(-0.707106781186547,0.707106781186548,0.));
#2260=DIRECTION('',(0.,0.,-1.));
#2261=DIRECTION('center_axis',(0.,0.,1.));
#2262=DIRECTION('ref_axis',(-0.707106781186548,0.707106781186547,0.));
#2263=DIRECTION('',(0.,0.,1.));
#2264=DIRECTION('center_axis',(-4.2058947776249E-33,-5.03757460247664E-48,
1.));
#2265=DIRECTION('ref_axis',(-0.707106781186548,0.707106781186547,0.));
#2266=DIRECTION('',(0.,0.,-1.));
#2267=DIRECTION('center_axis',(0.,0.,-1.));
#2268=DIRECTION('ref_axis',(-0.707106781186547,-0.707106781186548,0.));
#2269=DIRECTION('',(0.,0.,1.));
#2270=DIRECTION('center_axis',(-4.2058947776249E-33,-5.03757460247664E-48,
1.));
#2271=DIRECTION('ref_axis',(-0.707106781186547,-0.707106781186548,0.));
#2272=DIRECTION('',(0.,0.,-1.));
#2273=DIRECTION('center_axis',(1.,1.20630005666197E-15,0.));
#2274=DIRECTION('ref_axis',(-1.20630005666197E-15,1.,-3.23530447006626E-34));
#2275=DIRECTION('',(-1.20630005666197E-15,1.,-3.59965060865649E-50));
#2276=DIRECTION('',(0.,0.,1.));
#2277=DIRECTION('',(1.20630005666197E-15,-1.,1.224646799147E-16));
#2278=DIRECTION('',(0.,0.,-1.));
#2279=DIRECTION('center_axis',(0.,0.,1.));
#2280=DIRECTION('ref_axis',(-0.707106781186547,-0.707106781186548,0.));
#2281=DIRECTION('',(0.,0.,1.));
#2282=DIRECTION('center_axis',(-4.2058947776249E-33,-5.03757460247664E-48,
1.));
#2283=DIRECTION('ref_axis',(-0.707106781186547,-0.707106781186548,0.));
#2284=DIRECTION('',(0.,0.,-1.));
#2285=DIRECTION('center_axis',(0.,0.,-1.));
#2286=DIRECTION('ref_axis',(0.707106781186552,0.707106781186543,0.));
#2287=DIRECTION('',(0.,0.,1.));
#2288=DIRECTION('center_axis',(-4.2058947776249E-33,-5.03757460247664E-48,
1.));
#2289=DIRECTION('ref_axis',(0.707106781186552,0.707106781186543,0.));
#2290=DIRECTION('',(0.,0.,-1.));
#2291=DIRECTION('center_axis',(-1.,0.,0.));
#2292=DIRECTION('ref_axis',(0.,0.707106781186548,-0.707106781186547));
#2293=DIRECTION('center_axis',(-1.,-1.36642838276754E-15,0.));
#2294=DIRECTION('ref_axis',(0.,0.707106781186548,-0.707106781186547));
#2295=DIRECTION('',(1.,0.,0.));
#2296=DIRECTION('center_axis',(-1.,-1.77635683940025E-15,0.));
#2297=DIRECTION('ref_axis',(0.,0.707106781186548,-0.707106781186547));
#2298=DIRECTION('center_axis',(0.,0.,1.));
#2299=DIRECTION('ref_axis',(0.707106781186553,0.707106781186543,0.));
#2300=DIRECTION('',(0.,0.,1.));
#2301=DIRECTION('center_axis',(-4.2058947776249E-33,-5.03757460247664E-48,
1.));
#2302=DIRECTION('ref_axis',(0.707106781186553,0.707106781186543,0.));
#2303=DIRECTION('center_axis',(0.,0.,-1.));
#2304=DIRECTION('ref_axis',(0.707106781186551,-0.707106781186544,0.));
#2305=DIRECTION('',(0.,0.,1.));
#2306=DIRECTION('center_axis',(-4.2058947776249E-33,-5.03757460247664E-48,
1.));
#2307=DIRECTION('ref_axis',(0.707106781186551,-0.707106781186544,0.));
#2308=DIRECTION('',(0.,0.,-1.));
#2309=DIRECTION('center_axis',(3.59586405976986E-17,1.,0.));
#2310=DIRECTION('ref_axis',(-1.,3.59586405976986E-17,1.99610596136995E-34));
#2311=DIRECTION('',(1.,-3.59586405976986E-17,4.2058947776249E-33));
#2312=DIRECTION('',(0.,0.,1.));
#2313=DIRECTION('',(-1.,3.59586405976986E-17,-4.40366488033283E-33));
#2314=DIRECTION('',(0.,0.,-1.));
#2315=DIRECTION('center_axis',(0.,0.,1.));
#2316=DIRECTION('ref_axis',(0.707106781186553,-0.707106781186542,0.));
#2317=DIRECTION('',(0.,0.,1.));
#2318=DIRECTION('center_axis',(-4.2058947776249E-33,-5.03757460247664E-48,
1.));
#2319=DIRECTION('ref_axis',(0.707106781186553,-0.707106781186542,0.));
#2320=DIRECTION('',(0.,0.,-1.));
#2321=DIRECTION('center_axis',(-1.,-1.36642838276754E-15,0.));
#2322=DIRECTION('ref_axis',(1.36642838276754E-15,-1.,4.45680376551946E-34));
#2323=DIRECTION('',(0.,0.,1.));
#2324=DIRECTION('',(-1.36642838276754E-15,1.,-1.224646799147E-16));
#2325=DIRECTION('',(0.,0.,-1.));
#2326=DIRECTION('center_axis',(-1.,-1.36642838276754E-15,0.));
#2327=DIRECTION('ref_axis',(0.,-0.707106781186548,-0.707106781186548));
#2328=DIRECTION('',(-1.36642838276754E-15,1.,0.));
#2329=DIRECTION('center_axis',(-1.,0.,0.));
#2330=DIRECTION('ref_axis',(0.,-0.707106781186548,-0.707106781186548));
#2331=DIRECTION('center_axis',(-1.,-1.77635683940025E-15,0.));
#2332=DIRECTION('ref_axis',(0.,-0.707106781186548,-0.707106781186548));
#2333=DIRECTION('',(-1.,0.,0.));
#2334=DIRECTION('center_axis',(1.03900003339114E-39,-0.707106781186546,
-0.70710678118655));
#2335=DIRECTION('ref_axis',(-1.,0.,-1.46936793852785E-39));
#2336=DIRECTION('',(6.28036983473511E-14,0.70710678118655,-0.707106781186545));
#2337=DIRECTION('',(1.,0.,1.46936793852785E-39));
#2338=DIRECTION('',(0.,-0.70710678118655,0.707106781186545));
#2339=DIRECTION('center_axis',(0.,0.,1.));
#2340=DIRECTION('ref_axis',(-0.707106781186546,-0.707106781186549,4.21876028609082E-17));
#2341=DIRECTION('center_axis',(1.46936793852785E-39,-1.224646799147E-16,
-1.));
#2342=DIRECTION('ref_axis',(-0.707106781186546,-0.707106781186549,0.));
#2343=DIRECTION('',(0.707106781186538,0.,-0.707106781186557));
#2344=DIRECTION('center_axis',(-1.46936793852785E-39,1.224646799147E-16,
1.));
#2345=DIRECTION('ref_axis',(-0.707106781186546,-0.707106781186549,8.65956056235245E-17));
#2346=DIRECTION('center_axis',(-0.707106781186549,-8.83614343911257E-16,
-0.707106781186547));
#2347=DIRECTION('ref_axis',(-0.707106781186547,0.,0.707106781186549));
#2348=DIRECTION('',(0.707106781186545,-9.81307786677368E-16,-0.70710678118655));
#2349=DIRECTION('',(1.127154709152E-15,-1.,1.224646799147E-16));
#2350=DIRECTION('',(-1.127154709152E-15,1.,-1.224646799147E-16));
#2351=DIRECTION('center_axis',(0.,0.,1.));
#2352=DIRECTION('ref_axis',(-0.707106781186548,0.707106781186547,-4.21876028609081E-17));
#2353=DIRECTION('center_axis',(1.46936793852785E-39,-1.224646799147E-16,
-1.));
#2354=DIRECTION('ref_axis',(-0.707106781186548,0.707106781186547,0.));
#2355=DIRECTION('',(-1.47196168001603E-15,-0.707106781186544,-0.707106781186551));
#2356=DIRECTION('center_axis',(-1.46936793852785E-39,1.224646799147E-16,
1.));
#2357=DIRECTION('ref_axis',(-0.707106781186548,0.707106781186547,-8.65956056235243E-17));
#2358=DIRECTION('center_axis',(-5.88946001672733E-17,0.707106781186547,
-0.707106781186549));
#2359=DIRECTION('ref_axis',(-1.,0.,8.32895423070986E-17));
#2360=DIRECTION('',(0.,-0.707106781186548,-0.707106781186546));
#2361=DIRECTION('',(-1.,-8.32895423070988E-17,1.02000256695128E-32));
#2362=DIRECTION('center_axis',(0.,0.,1.));
#2363=DIRECTION('ref_axis',(0.707106781186548,0.707106781186547,-4.2187602860908E-17));
#2364=DIRECTION('center_axis',(1.46936793852785E-39,-1.224646799147E-16,
-1.));
#2365=DIRECTION('ref_axis',(0.707106781186548,0.707106781186547,0.));
#2366=DIRECTION('',(-0.707106781186597,-2.45326946669319E-15,-0.707106781186498));
#2367=DIRECTION('center_axis',(-1.46936793852785E-39,1.224646799147E-16,
1.));
#2368=DIRECTION('ref_axis',(0.707106781186548,0.707106781186547,-8.65956056235243E-17));
#2369=DIRECTION('center_axis',(0.707106781186555,1.16947836132351E-15,-0.70710678118654));
#2370=DIRECTION('ref_axis',(-0.70710678118654,0.,-0.707106781186555));
#2371=DIRECTION('',(-0.70710678118654,0.,-0.707106781186555));
#2372=DIRECTION('',(-1.77635683940025E-15,1.,-1.224646799147E-16));
#2373=DIRECTION('',(1.77635683940025E-15,-1.,1.224646799147E-16));
#2374=DIRECTION('center_axis',(0.,0.,1.));
#2375=DIRECTION('ref_axis',(0.707106781186547,-0.707106781186548,4.21876028609081E-17));
#2376=DIRECTION('center_axis',(1.46936793852785E-39,-1.224646799147E-16,
-1.));
#2377=DIRECTION('ref_axis',(0.707106781186547,-0.707106781186548,0.));
#2378=DIRECTION('center_axis',(-1.46936793852785E-39,1.224646799147E-16,
1.));
#2379=DIRECTION('ref_axis',(0.707106781186547,-0.707106781186548,8.65956056235245E-17));
#2380=DIRECTION('center_axis',(0.,0.,-1.));
#2381=DIRECTION('ref_axis',(-0.707106781186548,0.707106781186547,0.));
#2382=DIRECTION('',(0.,0.,1.));
#2383=DIRECTION('center_axis',(-4.2058947776249E-33,-5.03757460247664E-48,
1.));
#2384=DIRECTION('ref_axis',(-0.707106781186548,0.707106781186547,0.));
#2385=DIRECTION('center_axis',(-1.,-1.127154709152E-15,0.));
#2386=DIRECTION('ref_axis',(-1.127154709152E-15,1.,-1.224646799147E-16));
#2387=DIRECTION('',(0.,0.,1.));
#2388=DIRECTION('',(1.127154709152E-15,-1.,-2.9688049767892E-49));
#2389=DIRECTION('center_axis',(0.,0.,-1.));
#2390=DIRECTION('ref_axis',(-0.707106781186546,-0.707106781186549,0.));
#2391=DIRECTION('center_axis',(-4.2058947776249E-33,-5.03757460247664E-48,
1.));
#2392=DIRECTION('ref_axis',(-0.707106781186546,-0.707106781186549,0.));
#2393=DIRECTION('center_axis',(1.46936793852785E-39,-1.224646799147E-16,
-1.));
#2394=DIRECTION('ref_axis',(-1.,-1.79945674268736E-55,-1.46936793852785E-39));
#2395=DIRECTION('center_axis',(1.46936793852785E-39,-1.224646799147E-16,
-1.));
#2396=DIRECTION('ref_axis',(-0.707106781186546,-0.707106781186549,0.));
#2397=DIRECTION('center_axis',(1.46936793852785E-39,-1.224646799147E-16,
-1.));
#2398=DIRECTION('ref_axis',(0.707106781186549,-0.707106781186546,0.));
#2399=DIRECTION('center_axis',(1.46936793852785E-39,-1.224646799147E-16,
-1.));
#2400=DIRECTION('ref_axis',(0.707106781186541,0.707106781186554,0.));
#2401=DIRECTION('center_axis',(1.46936793852785E-39,-1.224646799147E-16,
-1.));
#2402=DIRECTION('ref_axis',(-0.707106781186548,0.707106781186547,0.));
#2403=DIRECTION('center_axis',(1.,0.,0.));
#2404=DIRECTION('ref_axis',(-6.65643988471923E-16,0.707106781186547,0.707106781186548));
#2405=DIRECTION('',(-0.707106781186542,0.,-0.707106781186553));
#2406=DIRECTION('center_axis',(-1.,-1.77635683940025E-15,0.));
#2407=DIRECTION('ref_axis',(0.,0.707106781186547,0.707106781186548));
#2408=DIRECTION('',(0.70710678118654,0.707106781186555,0.));
#2409=DIRECTION('center_axis',(1.,1.77635683940025E-15,0.));
#2410=DIRECTION('ref_axis',(-1.25607396694702E-15,0.707106781186547,0.707106781186548));
#2411=DIRECTION('center_axis',(0.707106781186493,1.14295491372762E-15,-0.707106781186603));
#2412=DIRECTION('ref_axis',(-0.707106781186602,0.,-0.707106781186493));
#2413=DIRECTION('',(1.77635683940025E-15,-1.,1.59974499225527E-16));
#2414=DIRECTION('',(-0.707106781186602,0.,-0.707106781186493));
#2415=DIRECTION('',(-1.77635683940025E-15,1.,-1.59974499225527E-16));
#2416=DIRECTION('center_axis',(1.,0.,0.));
#2417=DIRECTION('ref_axis',(6.65643988471924E-16,-0.707106781186547,0.707106781186548));
#2418=DIRECTION('',(-0.707106781186661,0.707106781186434,0.));
#2419=DIRECTION('center_axis',(-1.,-1.77635683940025E-15,0.));
#2420=DIRECTION('ref_axis',(0.,-0.707106781186547,0.707106781186548));
#2421=DIRECTION('center_axis',(1.,1.77635683940025E-15,0.));
#2422=DIRECTION('ref_axis',(1.25607396694702E-15,-0.707106781186547,0.707106781186548));
#2423=DIRECTION('center_axis',(0.707106781186555,0.70710678118654,0.));
#2424=DIRECTION('ref_axis',(0.,0.,-1.));
#2425=DIRECTION('',(0.,0.,-1.));
#2426=DIRECTION('',(-0.70710678118654,0.707106781186555,0.));
#2427=DIRECTION('center_axis',(1.,0.,0.));
#2428=DIRECTION('ref_axis',(6.65643988471924E-16,-0.707106781186548,-0.707106781186548));
#2429=DIRECTION('',(-0.707106781186664,0.,0.707106781186431));
#2430=DIRECTION('center_axis',(1.,1.77635683940025E-15,0.));
#2431=DIRECTION('ref_axis',(1.25607396694702E-15,-0.707106781186547,-0.707106781186547));
#2432=DIRECTION('center_axis',(0.707106781186493,1.25607396694692E-15,0.707106781186602));
#2433=DIRECTION('ref_axis',(0.707106781186602,0.,-0.707106781186493));
#2434=DIRECTION('',(-1.77635683940025E-15,1.,0.));
#2435=DIRECTION('',(-0.707106781186602,0.,0.707106781186493));
#2436=DIRECTION('',(1.77635683940025E-15,-1.,0.));
#2437=DIRECTION('center_axis',(1.,0.,0.));
#2438=DIRECTION('ref_axis',(-6.65643988471924E-16,0.707106781186548,-0.707106781186547));
#2439=DIRECTION('',(-0.707106781186542,-0.707106781186553,0.));
#2440=DIRECTION('center_axis',(1.,1.77635683940025E-15,0.));
#2441=DIRECTION('ref_axis',(-1.25607396694702E-15,0.707106781186548,-0.707106781186547));
#2442=DIRECTION('center_axis',(0.707106781186618,-0.707106781186477,0.));
#2443=DIRECTION('ref_axis',(0.,0.,-1.));
#2444=DIRECTION('',(0.,0.,1.));
#2445=DIRECTION('center_axis',(0.,0.,-1.));
#2446=DIRECTION('ref_axis',(0.,-1.,0.));
#2447=DIRECTION('center_axis',(-1.,0.,0.));
#2448=DIRECTION('ref_axis',(0.,0.707106781186547,0.707106781186548));
#2449=DIRECTION('',(-1.,0.,0.));
#2450=DIRECTION('center_axis',(-1.,-1.36642838276754E-15,0.));
#2451=DIRECTION('ref_axis',(0.,0.707106781186547,0.707106781186548));
#2452=DIRECTION('center_axis',(1.,1.77635683940025E-15,0.));
#2453=DIRECTION('ref_axis',(1.77635683940025E-15,-1.,1.224646799147E-16));
#2454=DIRECTION('',(0.,0.,-1.));
#2455=DIRECTION('',(-1.77635683940025E-15,1.,-2.43359535155514E-48));
#2456=DIRECTION('',(0.,0.,1.));
#2457=DIRECTION('center_axis',(0.,1.,0.));
#2458=DIRECTION('ref_axis',(-1.,0.,0.));
#2459=DIRECTION('',(0.,0.,1.));
#2460=DIRECTION('',(-1.,0.,-4.2058947776249E-33));
#2461=DIRECTION('center_axis',(-1.,-1.36642838276754E-15,0.));
#2462=DIRECTION('ref_axis',(1.36642838276754E-15,-1.,4.45680376551946E-34));
#2463=DIRECTION('',(1.36642838276754E-15,-1.,7.09479396603809E-49));
#2464=DIRECTION('',(1.36642838276754E-15,-1.,1.59974499225527E-16));
#2465=DIRECTION('center_axis',(-1.,-1.36642838276754E-15,0.));
#2466=DIRECTION('ref_axis',(0.,-0.707106781186547,0.707106781186548));
#2467=DIRECTION('center_axis',(-1.,0.,0.));
#2468=DIRECTION('ref_axis',(0.,-1.,0.));
#2469=DIRECTION('',(0.,0.,1.));
#2470=DIRECTION('',(0.,-1.,-5.03757460247664E-48));
#2471=DIRECTION('center_axis',(1.,0.,0.));
#2472=DIRECTION('ref_axis',(0.,1.,0.));
#2473=DIRECTION('',(0.,0.,1.));
#2474=DIRECTION('',(0.,1.,5.03757460247664E-48));
#2475=DIRECTION('center_axis',(0.,-1.,0.));
#2476=DIRECTION('ref_axis',(1.,0.,0.));
#2477=DIRECTION('',(0.,0.,1.));
#2478=DIRECTION('',(1.,0.,4.2058947776249E-33));
#2479=DIRECTION('center_axis',(0.,1.59974499225527E-16,1.));
#2480=DIRECTION('ref_axis',(-4.95325690964959E-48,1.,-1.59974499225527E-16));
#2481=DIRECTION('',(1.,0.,0.));
#2482=DIRECTION('center_axis',(1.,0.,0.));
#2483=DIRECTION('ref_axis',(0.,-0.707106781186547,0.707106781186548));
#2484=DIRECTION('center_axis',(0.,0.,-1.));
#2485=DIRECTION('ref_axis',(0.707106781186541,0.707106781186554,0.));
#2486=DIRECTION('center_axis',(0.,0.,1.));
#2487=DIRECTION('ref_axis',(-0.707106781186548,0.707106781186547,0.));
#2488=DIRECTION('center_axis',(0.,0.,-1.));
#2489=DIRECTION('ref_axis',(0.707106781186549,-0.707106781186546,0.));
#2490=DIRECTION('center_axis',(0.,0.,1.));
#2491=DIRECTION('ref_axis',(-0.707106781186546,-0.707106781186549,0.));
#2492=DIRECTION('center_axis',(-4.2058947776249E-33,-5.03757460247664E-48,
1.));
#2493=DIRECTION('ref_axis',(-1.,0.,-4.2058947776249E-33));
#2494=DIRECTION('center_axis',(-4.2058947776249E-33,-5.03757460247664E-48,
1.));
#2495=DIRECTION('ref_axis',(0.707106781186547,-0.707106781186548,0.));
#2496=DIRECTION('center_axis',(-4.2058947776249E-33,-5.03757460247664E-48,
1.));
#2497=DIRECTION('ref_axis',(0.707106781186548,0.707106781186547,0.));
#2498=DIRECTION('center_axis',(-4.2058947776249E-33,-5.03757460247664E-48,
1.));
#2499=DIRECTION('ref_axis',(-1.,0.,0.));
#2500=DIRECTION('',(0.,1.,5.03757460247664E-48));
#2501=DIRECTION('center_axis',(-4.2058947776249E-33,-5.03757460247664E-48,
1.));
#2502=DIRECTION('ref_axis',(-1.,0.,0.));
#2503=DIRECTION('',(1.,0.,4.2058947776249E-33));
#2504=DIRECTION('center_axis',(-4.2058947776249E-33,-5.03757460247664E-48,
1.));
#2505=DIRECTION('ref_axis',(-1.,0.,0.));
#2506=DIRECTION('',(0.,-1.,-5.03757460247664E-48));
#2507=DIRECTION('center_axis',(-4.2058947776249E-33,-5.03757460247664E-48,
1.));
#2508=DIRECTION('ref_axis',(-1.,0.,0.));
#2509=DIRECTION('',(-1.,0.,-4.2058947776249E-33));
#2510=DIRECTION('center_axis',(-4.2058947776249E-33,-5.03757460247664E-48,
1.));
#2511=DIRECTION('ref_axis',(-1.,0.,0.));
#2512=DIRECTION('center_axis',(-4.2058947776249E-33,-5.03757460247664E-48,
1.));
#2513=DIRECTION('ref_axis',(-1.,0.,0.));
#2514=DIRECTION('center_axis',(-4.2058947776249E-33,-5.03757460247664E-48,
1.));
#2515=DIRECTION('ref_axis',(-1.,0.,0.));
#2516=DIRECTION('center_axis',(-4.2058947776249E-33,-5.03757460247664E-48,
1.));
#2517=DIRECTION('ref_axis',(-1.,0.,0.));
#2518=DIRECTION('center_axis',(0.,-1.,0.));
#2519=DIRECTION('ref_axis',(1.,0.,0.));
#2520=DIRECTION('',(0.,0.,1.));
#2521=DIRECTION('center_axis',(0.,0.,1.));
#2522=DIRECTION('ref_axis',(-1.,0.,0.));
#2523=DIRECTION('center_axis',(1.,0.,0.));
#2524=DIRECTION('ref_axis',(0.,1.,0.));
#2525=DIRECTION('',(0.,0.,1.));
#2526=DIRECTION('center_axis',(0.,0.,1.));
#2527=DIRECTION('ref_axis',(-1.,0.,0.));
#2528=DIRECTION('center_axis',(0.,0.,1.));
#2529=DIRECTION('ref_axis',(0.707106781186548,0.707106781186547,0.));
#2530=DIRECTION('center_axis',(0.,0.,-1.));
#2531=DIRECTION('ref_axis',(0.707106781186547,-0.707106781186548,0.));
#2532=DIRECTION('center_axis',(0.,0.,1.));
#2533=DIRECTION('ref_axis',(-1.,0.,0.));
#2534=DIRECTION('',(0.,0.,-1.));
#2535=DIRECTION('center_axis',(0.,0.,1.));
#2536=DIRECTION('ref_axis',(-1.,0.,0.));
#2537=DIRECTION('',(0.,0.,-1.));
#2538=DIRECTION('center_axis',(0.,0.,1.));
#2539=DIRECTION('ref_axis',(-1.,0.,0.));
#2540=DIRECTION('',(0.,0.,-1.));
#2541=DIRECTION('center_axis',(-1.,0.,0.));
#2542=DIRECTION('ref_axis',(0.,-1.,0.));
#2543=DIRECTION('',(0.,0.,1.));
#2544=DIRECTION('center_axis',(0.,0.,1.));
#2545=DIRECTION('ref_axis',(-1.,0.,0.));
#2546=DIRECTION('center_axis',(0.,0.,1.));
#2547=DIRECTION('ref_axis',(-1.,0.,0.));
#2548=DIRECTION('',(0.,0.,-1.));
#2549=DIRECTION('center_axis',(0.,1.,0.));
#2550=DIRECTION('ref_axis',(-1.,0.,0.));
#2551=DIRECTION('',(0.,0.,1.));
#2552=DIRECTION('center_axis',(0.,0.,1.));
#2553=DIRECTION('ref_axis',(0.70710678544342,0.707106776929675,0.));
#2554=CARTESIAN_POINT('',(0.,0.,0.));
#2555=CARTESIAN_POINT('Origin',(150.136627064943,-30.9,-2.185));
#2556=CARTESIAN_POINT('',(200.523254129885,-30.8,-2.285));
#2557=CARTESIAN_POINT('',(200.523254129885,-31.,-2.085));
#2558=CARTESIAN_POINT('',(200.523254129885,-30.8,-2.285));
#2559=CARTESIAN_POINT('',(52.2732541298854,-31.,-2.085));
#2560=CARTESIAN_POINT('',(150.136627064943,-31.,-2.085));
#2561=CARTESIAN_POINT('',(52.2732541298854,-30.8,-2.285));
#2562=CARTESIAN_POINT('',(52.2732541298854,-31.,-2.085));
#2563=CARTESIAN_POINT('',(150.136627064943,-30.8,-2.285));
#2564=CARTESIAN_POINT('Origin',(200.523254129885,-30.9,-3.485));
#2565=CARTESIAN_POINT('',(200.523254129885,-30.8,-4.685));
#2566=CARTESIAN_POINT('',(200.523254129885,-31.,-4.885));
#2567=CARTESIAN_POINT('',(200.523254129885,-30.8,-4.685));
#2568=CARTESIAN_POINT('Origin',(200.523254129885,-31.,-3.485));
#2569=CARTESIAN_POINT('Origin',(200.523254129885,-30.8,-3.485));
#2570=CARTESIAN_POINT('Origin',(224.261627064943,-30.9,-4.785));
#2571=CARTESIAN_POINT('',(52.2732541298854,-30.8,-4.685));
#2572=CARTESIAN_POINT('',(52.2732541298854,-31.,-4.885));
#2573=CARTESIAN_POINT('',(52.2732541298854,-30.8,-4.685));
#2574=CARTESIAN_POINT('',(224.261627064943,-31.,-4.885));
#2575=CARTESIAN_POINT('',(224.261627064943,-30.8,-4.685));
#2576=CARTESIAN_POINT('Origin',(52.2732541298854,-30.9,-3.485));
#2577=CARTESIAN_POINT('Origin',(52.2732541298854,-31.,-3.485));
#2578=CARTESIAN_POINT('Origin',(52.2732541298854,-30.8,-3.485));
#2579=CARTESIAN_POINT('Origin',(200.523254129885,-31.,-3.485));
#2580=CARTESIAN_POINT('',(200.523254129885,-28.25,-2.285));
#2581=CARTESIAN_POINT('',(200.523254129885,-31.,-2.285));
#2582=CARTESIAN_POINT('',(200.523254129885,-28.25,-4.685));
#2583=CARTESIAN_POINT('Origin',(200.523254129885,-28.25,-3.485));
#2584=CARTESIAN_POINT('',(200.523254129885,-31.,-4.685));
#2585=CARTESIAN_POINT('Origin',(52.2732541298854,-31.,-2.285));
#2586=CARTESIAN_POINT('',(52.2732541298854,-28.25,-2.285));
#2587=CARTESIAN_POINT('',(52.2732541298854,-31.,-2.285));
#2588=CARTESIAN_POINT('',(150.136626851988,-28.25,-2.285));
#2589=CARTESIAN_POINT('Origin',(248.,-31.,-5.485));
#2590=CARTESIAN_POINT('',(249.99999957409,-31.,-7.285));
#2591=CARTESIAN_POINT('',(1.00000042591004,-31.,-7.285));
#2592=CARTESIAN_POINT('',(187.,-31.,-7.285));
#2593=CARTESIAN_POINT('',(249.99999957409,-31.,7.185));
#2594=CARTESIAN_POINT('',(249.99999957409,-31.,-5.485));
#2595=CARTESIAN_POINT('',(1.00000042591004,-31.,7.18500000000001));
#2596=CARTESIAN_POINT('',(186.25,-31.,7.18500000000001));
#2597=CARTESIAN_POINT('',(1.00000042591004,-31.,-5.485));
#2598=CARTESIAN_POINT('Origin',(52.2732541298854,-31.,-3.485));
#2599=CARTESIAN_POINT('',(52.2732541298854,-28.25,-4.685));
#2600=CARTESIAN_POINT('',(52.2732541298854,-31.,-4.685));
#2601=CARTESIAN_POINT('Origin',(52.2732541298854,-28.25,-3.485));
#2602=CARTESIAN_POINT('Origin',(200.523254129885,-31.,-4.685));
#2603=CARTESIAN_POINT('',(224.261626851988,-28.25,-4.685));
#2604=CARTESIAN_POINT('Origin',(102.636627064943,2.89999999999999,-2.385));
#2605=CARTESIAN_POINT('',(52.2732541298854,2.79999999999998,-2.485));
#2606=CARTESIAN_POINT('',(52.2732541298854,2.99999999999998,-2.285));
#2607=CARTESIAN_POINT('',(52.2732541298854,2.79999999999998,-2.485));
#2608=CARTESIAN_POINT('',(200.523254129885,2.99999999999999,-2.285));
#2609=CARTESIAN_POINT('',(102.636627064943,2.99999999999999,-2.285));
#2610=CARTESIAN_POINT('',(200.523254129885,2.79999999999999,-2.485));
#2611=CARTESIAN_POINT('',(200.523254129885,2.99999999999999,-2.285));
#2612=CARTESIAN_POINT('',(102.636627064943,2.79999999999999,-2.485));
#2613=CARTESIAN_POINT('Origin',(52.2732541298854,2.89999999999998,-3.485));
#2614=CARTESIAN_POINT('',(52.2732541298854,2.79999999999997,-4.485));
#2615=CARTESIAN_POINT('Origin',(52.2732541298854,2.79999999999997,-3.485));
#2616=CARTESIAN_POINT('',(52.2732541298854,2.99999999999998,-4.685));
#2617=CARTESIAN_POINT('',(52.2732541298854,2.79999999999997,-4.485));
#2618=CARTESIAN_POINT('Origin',(52.2732541298854,2.99999999999998,-3.485));
#2619=CARTESIAN_POINT('Origin',(27.6366270649427,2.89999999999998,-4.585));
#2620=CARTESIAN_POINT('',(200.523254129885,2.79999999999999,-4.485));
#2621=CARTESIAN_POINT('',(200.523254129885,2.99999999999999,-4.685));
#2622=CARTESIAN_POINT('',(200.523254129885,2.79999999999999,-4.485));
#2623=CARTESIAN_POINT('',(27.6366270649427,2.99999999999998,-4.685));
#2624=CARTESIAN_POINT('',(27.6366270649427,2.79999999999998,-4.485));
#2625=CARTESIAN_POINT('Origin',(200.523254129885,2.89999999999998,-3.485));
#2626=CARTESIAN_POINT('Origin',(200.523254129885,2.79999999999996,-3.485));
#2627=CARTESIAN_POINT('Origin',(200.523254129885,2.99999999999999,-3.485));
#2628=CARTESIAN_POINT('Origin',(52.2732541298854,2.99999999999999,-3.485));
#2629=CARTESIAN_POINT('',(52.2732541298854,0.249999999999978,-2.485));
#2630=CARTESIAN_POINT('',(52.2732541298854,2.99999999999999,-2.485));
#2631=CARTESIAN_POINT('',(52.2732541298854,0.249999999999978,-4.485));
#2632=CARTESIAN_POINT('Origin',(52.2732541298854,0.249999999999977,-3.485));
#2633=CARTESIAN_POINT('',(52.2732541298854,2.99999999999999,-4.485));
#2634=CARTESIAN_POINT('Origin',(201.273254129885,2.99999999999999,-2.485));
#2635=CARTESIAN_POINT('',(200.523254129885,0.249999999999983,-2.485));
#2636=CARTESIAN_POINT('',(200.523254129885,2.99999999999999,-2.485));
#2637=CARTESIAN_POINT('',(101.136627277898,0.24999999999998,-2.485));
#2638=CARTESIAN_POINT('Origin',(4.,2.99999999999998,-5.485));
#2639=CARTESIAN_POINT('',(1.00000042591002,2.99999999999998,-7.285));
#2640=CARTESIAN_POINT('',(249.99999957409,3.,-7.285));
#2641=CARTESIAN_POINT('',(65.,2.99999999999998,-7.285));
#2642=CARTESIAN_POINT('',(1.00000042591002,2.99999999999998,7.185));
#2643=CARTESIAN_POINT('',(1.00000042591002,2.99999999999998,-5.485));
#2644=CARTESIAN_POINT('',(249.99999957409,3.,7.185));
#2645=CARTESIAN_POINT('',(64.25,2.99999999999998,7.185));
#2646=CARTESIAN_POINT('',(249.99999957409,3.,-5.485));
#2647=CARTESIAN_POINT('Origin',(51.2732541298854,2.99999999999999,-4.485));
#2648=CARTESIAN_POINT('',(200.523254129885,0.249999999999983,-4.485));
#2649=CARTESIAN_POINT('',(26.1366272778977,0.249999999999978,-4.485));
#2650=CARTESIAN_POINT('',(200.523254129885,2.99999999999999,-4.485));
#2651=CARTESIAN_POINT('Origin',(200.523254129885,2.99999999999999,-3.485));
#2652=CARTESIAN_POINT('Origin',(200.523254129885,0.249999999999977,-3.485));
#2653=CARTESIAN_POINT('Origin',(254.,-9.16000000000045,3.71));
#2654=CARTESIAN_POINT('',(252.,-9.16000001330867,3.08990468778679));
#2655=CARTESIAN_POINT('',(251.950999743721,-9.16000000000045,3.51));
#2656=CARTESIAN_POINT('Ctrl Pts',(252.,-9.16000000000045,3.08990468778678));
#2657=CARTESIAN_POINT('Ctrl Pts',(251.999999999133,-9.16000000000045,3.15565421231519));
#2658=CARTESIAN_POINT('Ctrl Pts',(251.996308531316,-9.16000000000051,3.22154873312087));
#2659=CARTESIAN_POINT('Ctrl Pts',(251.984447565603,-9.16000000000051,3.33007912590309));
#2660=CARTESIAN_POINT('Ctrl Pts',(251.978208814094,-9.16000000000049,3.37314564071385));
#2661=CARTESIAN_POINT('Ctrl Pts',(251.964805218906,-9.16000000000049,3.44741109245246));
#2662=CARTESIAN_POINT('Ctrl Pts',(251.958303572393,-9.16000000000046,3.47881185443025));
#2663=CARTESIAN_POINT('Ctrl Pts',(251.950999743721,-9.16000000000046,3.51));
#2664=CARTESIAN_POINT('',(252.,-9.16000000000045,2.51));
#2665=CARTESIAN_POINT('',(252.,-9.16000000000045,-0.887499999999999));
#2666=CARTESIAN_POINT('',(253.8,-9.16000000000045,2.51));
#2667=CARTESIAN_POINT('',(254.,-9.16000000000045,2.51));
#2668=CARTESIAN_POINT('',(253.8,-9.16000000000045,3.51));
#2669=CARTESIAN_POINT('',(253.8,-9.16000000000045,-0.887500000000001));
#2670=CARTESIAN_POINT('',(254.,-9.16000000000045,3.51));
#2671=CARTESIAN_POINT('Origin',(254.,-18.8400000000005,2.51));
#2672=CARTESIAN_POINT('',(251.950999743721,-18.8400000000005,3.51));
#2673=CARTESIAN_POINT('',(252.,-18.8399999866922,3.08990468778591));
#2674=CARTESIAN_POINT('Ctrl Pts',(251.950999743721,-18.8400000000005,3.51));
#2675=CARTESIAN_POINT('Ctrl Pts',(251.961977441439,-18.8400000000005,3.46312403263777));
#2676=CARTESIAN_POINT('Ctrl Pts',(251.971149003575,-18.8400000000005,3.41574234649634));
#2677=CARTESIAN_POINT('Ctrl Pts',(251.992616371533,-18.8400000000005,3.27629348830419));
#2678=CARTESIAN_POINT('Ctrl Pts',(251.999999998775,-18.8400000000005,3.18288020670451));
#2679=CARTESIAN_POINT('Ctrl Pts',(252.,-18.8400000000005,3.0899046877859));
#2680=CARTESIAN_POINT('',(253.8,-18.8400000000005,3.51));
#2681=CARTESIAN_POINT('',(254.,-18.8400000000005,3.51));
#2682=CARTESIAN_POINT('',(253.8,-18.8400000000005,2.51));
#2683=CARTESIAN_POINT('',(253.8,-18.8400000000005,-1.4875));
#2684=CARTESIAN_POINT('',(252.,-18.8400000000005,2.51));
#2685=CARTESIAN_POINT('',(254.,-18.8400000000005,2.51));
#2686=CARTESIAN_POINT('',(252.,-18.8400000000005,-1.4875));
#2687=CARTESIAN_POINT('Origin',(251.,-2.50000021295484,2.51));
#2688=CARTESIAN_POINT('',(252.,-7.86794919243111,2.51));
#2689=CARTESIAN_POINT('',(251.,-7.86794919243111,3.51));
#2690=CARTESIAN_POINT('Origin',(251.,-7.86794919243111,2.51));
#2691=CARTESIAN_POINT('',(251.,-1.75000042591005,3.51));
#2692=CARTESIAN_POINT('',(251.,-2.50000021295484,3.51));
#2693=CARTESIAN_POINT('',(252.,-1.75000042591005,2.51));
#2694=CARTESIAN_POINT('Origin',(251.,-1.75000042591005,2.51));
#2695=CARTESIAN_POINT('',(252.,-2.50000021295484,2.51));
#2696=CARTESIAN_POINT('Ctrl Pts',(252.,-1.75000042591005,2.51));
#2697=CARTESIAN_POINT('Ctrl Pts',(252.,0.249999999999982,2.51));
#2698=CARTESIAN_POINT('Ctrl Pts',(249.99999957409,0.249999999999984,2.51));
#2699=CARTESIAN_POINT('Ctrl Pts',(252.,-1.75000042591005,3.51000000000001));
#2700=CARTESIAN_POINT('Ctrl Pts',(252.,0.249999999999982,3.51000000000001));
#2701=CARTESIAN_POINT('Ctrl Pts',(249.99999957409,0.249999999999984,3.51000000000001));
#2702=CARTESIAN_POINT('Ctrl Pts',(251.,-1.75000042591005,3.51));
#2703=CARTESIAN_POINT('Ctrl Pts',(251.,-0.750000000000031,3.51));
#2704=CARTESIAN_POINT('Ctrl Pts',(249.99999957409,-0.75000000000003,3.51));
#2705=CARTESIAN_POINT('',(249.99999957409,-0.750000000000016,3.51));
#2706=CARTESIAN_POINT('',(249.99999957409,0.249999999999984,2.51));
#2707=CARTESIAN_POINT('Origin',(249.99999957409,-0.750000000000016,2.51));
#2708=CARTESIAN_POINT('Origin',(249.99999957409,-1.75000042591005,2.51));
#2709=CARTESIAN_POINT('Origin',(249.99999957409,-1.75000042591005,3.51));
#2710=CARTESIAN_POINT('Origin',(2.50000021295501,-0.750000000000023,2.51));
#2711=CARTESIAN_POINT('',(244.132050807569,-0.750000000000016,3.51));
#2712=CARTESIAN_POINT('',(242.4,0.249999999999984,2.51));
#2713=CARTESIAN_POINT('Ctrl Pts',(244.132050807569,-0.750000000000008,3.51));
#2714=CARTESIAN_POINT('Ctrl Pts',(244.056483019005,-0.619112750791767,3.51));
#2715=CARTESIAN_POINT('Ctrl Pts',(243.96058684613,-0.489509957866194,3.48316180584401));
#2716=CARTESIAN_POINT('Ctrl Pts',(243.746595326357,-0.263074562819435,3.39193121103717));
#2717=CARTESIAN_POINT('Ctrl Pts',(243.628564316228,-0.166001355998048,3.32798580248774));
#2718=CARTESIAN_POINT('Ctrl Pts',(243.350657449149,0.020850899829466,3.16395182806102));
#2719=CARTESIAN_POINT('Ctrl Pts',(243.162922608083,0.109632797956897,3.04066959930043));
#2720=CARTESIAN_POINT('Ctrl Pts',(242.778181861138,0.224148702119092,2.77760692545824));
#2721=CARTESIAN_POINT('Ctrl Pts',(242.58106849942,0.249999999999984,2.6380347637988));
#2722=CARTESIAN_POINT('Ctrl Pts',(242.4,0.249999999999984,2.51));
#2723=CARTESIAN_POINT('',(2.50000021295501,0.249999999999977,2.51));
#2724=CARTESIAN_POINT('',(2.50000021295501,-0.750000000000023,3.51));
#2725=CARTESIAN_POINT('Ctrl Pts',(251.,-7.86794919243111,3.51));
#2726=CARTESIAN_POINT('Ctrl Pts',(251.008936941609,-7.87310893807473,3.51));
#2727=CARTESIAN_POINT('Ctrl Pts',(251.027251923612,-7.88387822826671,3.51));
#2728=CARTESIAN_POINT('Ctrl Pts',(251.065476484251,-7.9071841668379,3.51));
#2729=CARTESIAN_POINT('Ctrl Pts',(251.137188570124,-7.95348725527567,3.51));
#2730=CARTESIAN_POINT('Ctrl Pts',(251.295537543185,-8.06840271782431,3.51));
#2731=CARTESIAN_POINT('Ctrl Pts',(251.509747566409,-8.26917678691737,3.51));
#2732=CARTESIAN_POINT('Ctrl Pts',(251.772999992205,-8.64070501033944,3.51));
#2733=CARTESIAN_POINT('Ctrl Pts',(251.901112015622,-8.93879330741525,3.51));
#2734=CARTESIAN_POINT('Ctrl Pts',(251.950999743721,-9.16000000000061,3.51));
#2735=CARTESIAN_POINT('Ctrl Pts',(251.299199300342,-7.86794919243111,3.51));
#2736=CARTESIAN_POINT('Ctrl Pts',(251.306425633346,-7.87305946886466,3.50724434103297));
#2737=CARTESIAN_POINT('Ctrl Pts',(251.321171617513,-7.88398471249581,3.50173173151641));
#2738=CARTESIAN_POINT('Ctrl Pts',(251.35163510547,-7.90860665355066,3.490652369346));
#2739=CARTESIAN_POINT('Ctrl Pts',(251.407881632094,-7.95973855739412,3.47164216513813));
#2740=CARTESIAN_POINT('Ctrl Pts',(251.528466325083,-8.09299326627883,3.43731397349548));
#2741=CARTESIAN_POINT('Ctrl Pts',(251.681113960858,-8.32391383388531,3.4176546183074));
#2742=CARTESIAN_POINT('Ctrl Pts',(251.856980895269,-8.71074235715531,3.42523178300395));
#2743=CARTESIAN_POINT('Ctrl Pts',(251.938325363303,-8.99568425892489,3.44931043453679));
#2744=CARTESIAN_POINT('Ctrl Pts',(251.969512546736,-9.19949779761739,3.46898540374764));
#2745=CARTESIAN_POINT('Ctrl Pts',(251.816975787248,-7.86794919243111,3.25868401277413));
#2746=CARTESIAN_POINT('Ctrl Pts',(251.819152472235,-7.87701059671108,3.25443486874481));
#2747=CARTESIAN_POINT('Ctrl Pts',(251.823564269004,-7.89587796759782,3.24615277581726));
#2748=CARTESIAN_POINT('Ctrl Pts',(251.83259535478,-7.93644605032941,3.23063093104177));
#2749=CARTESIAN_POINT('Ctrl Pts',(251.848978975333,-8.01531720643856,3.20670965516749));
#2750=CARTESIAN_POINT('Ctrl Pts',(251.883044770665,-8.20053252783943,3.17477892343965));
#2751=CARTESIAN_POINT('Ctrl Pts',(251.923139953789,-8.46905617600977,3.18616410365316));
#2752=CARTESIAN_POINT('Ctrl Pts',(251.96679824706,-8.85135886665376,3.26192771704026));
#2753=CARTESIAN_POINT('Ctrl Pts',(251.98566753329,-9.10031764409658,3.33775184086656));
#2754=CARTESIAN_POINT('Ctrl Pts',(251.992933440926,-9.27064199761842,3.39510911659232));
#2755=CARTESIAN_POINT('Ctrl Pts',(252.,-7.86794919243112,2.73439947525641));
#2756=CARTESIAN_POINT('Ctrl Pts',(251.999976955555,-7.88512174771243,2.73313383119297));
#2757=CARTESIAN_POINT('Ctrl Pts',(251.999939834604,-7.91973766490368,2.73134148936334));
#2758=CARTESIAN_POINT('Ctrl Pts',(251.999861413497,-7.9897707768683,2.73067962353326));
#2759=CARTESIAN_POINT('Ctrl Pts',(251.999756066155,-8.11464787771196,2.73730615218386));
#2760=CARTESIAN_POINT('Ctrl Pts',(251.999601985218,-8.36734874337461,2.78013046201115));
#2761=CARTESIAN_POINT('Ctrl Pts',(251.999720501026,-8.65568625603396,2.89064878503962));
#2762=CARTESIAN_POINT('Ctrl Pts',(251.999695425655,-9.0058693697329,3.08296927659648));
#2763=CARTESIAN_POINT('Ctrl Pts',(252.000001290221,-9.20882445343756,3.22210825026457));
#2764=CARTESIAN_POINT('Ctrl Pts',(252.,-9.34332490771413,3.3196350296332));
#2765=CARTESIAN_POINT('Ctrl Pts',(252.,-7.86794919243112,2.51));
#2766=CARTESIAN_POINT('Ctrl Pts',(252.,-7.8885881750056,2.51));
#2767=CARTESIAN_POINT('Ctrl Pts',(252.,-7.92993535026254,2.51096575272717));
#2768=CARTESIAN_POINT('Ctrl Pts',(252.,-8.012566004051,2.51662089129712));
#2769=CARTESIAN_POINT('Ctrl Pts',(252.,-8.1571217817388,2.53625551253343));
#2770=CARTESIAN_POINT('Ctrl Pts',(252.,-8.43872732896279,2.61095700125901));
#2771=CARTESIAN_POINT('Ctrl Pts',(252.,-8.73561755652453,2.76392282729112));
#2772=CARTESIAN_POINT('Ctrl Pts',(252.,-9.07208342744022,3.00614605262677));
#2773=CARTESIAN_POINT('Ctrl Pts',(252.,-9.2553266372049,3.17254748397783));
#2774=CARTESIAN_POINT('Ctrl Pts',(252.,-9.37447459877152,3.28728912481844));
#2775=CARTESIAN_POINT('Origin',(250.,-9.6,3.51));
#2776=CARTESIAN_POINT('Ctrl Pts',(252.,-7.86794919243112,2.51));
#2777=CARTESIAN_POINT('Ctrl Pts',(252.,-7.8885881750056,2.51));
#2778=CARTESIAN_POINT('Ctrl Pts',(252.,-7.92993535026254,2.51096575272717));
#2779=CARTESIAN_POINT('Ctrl Pts',(252.,-8.012566004051,2.51662089129712));
#2780=CARTESIAN_POINT('Ctrl Pts',(252.,-8.1571217817388,2.53625551253343));
#2781=CARTESIAN_POINT('Ctrl Pts',(252.,-8.43872732896279,2.61095700125901));
#2782=CARTESIAN_POINT('Ctrl Pts',(252.,-8.73561755652453,2.76392282729112));
#2783=CARTESIAN_POINT('Ctrl Pts',(252.,-8.99291563408239,2.94915281822337));
#2784=CARTESIAN_POINT('Ctrl Pts',(252.,-9.10874167107774,3.04527747797868));
#2785=CARTESIAN_POINT('Ctrl Pts',(252.,-9.16001399574563,3.08988858109897));
#2786=CARTESIAN_POINT('Origin',(1.00000042591002,0.249999999999977,-5.485));
#2787=CARTESIAN_POINT('',(242.4,0.249999999999984,7.185));
#2788=CARTESIAN_POINT('',(242.4,0.249999999999984,-1.9875));
#2789=CARTESIAN_POINT('',(9.6,0.249999999999978,7.185));
#2790=CARTESIAN_POINT('',(62.750000212955,0.249999999999979,7.185));
#2791=CARTESIAN_POINT('',(9.6,0.249999999999977,2.51));
#2792=CARTESIAN_POINT('',(9.6,0.249999999999977,-1.9875));
#2793=CARTESIAN_POINT('',(1.00000042591002,0.249999999999977,2.51));
#2794=CARTESIAN_POINT('',(2.50000021295501,0.249999999999977,2.51));
#2795=CARTESIAN_POINT('',(1.00000042591001,0.249999999999977,-7.485));
#2796=CARTESIAN_POINT('',(1.00000042591002,0.249999999999977,-5.485));
#2797=CARTESIAN_POINT('',(249.99999957409,0.249999999999984,-7.485));
#2798=CARTESIAN_POINT('',(63.500000212955,0.249999999999979,-7.485));
#2799=CARTESIAN_POINT('',(249.99999957409,0.249999999999984,-5.485));
#2800=CARTESIAN_POINT('Origin',(4.,-4.,3.51));
#2801=CARTESIAN_POINT('',(250.,-7.6,3.51));
#2802=CARTESIAN_POINT('Origin',(250.,-9.6,3.51));
#2803=CARTESIAN_POINT('',(248.,-7.6,3.51));
#2804=CARTESIAN_POINT('',(126.,-7.6,3.51));
#2805=CARTESIAN_POINT('',(244.4,-4.,3.51));
#2806=CARTESIAN_POINT('Origin',(248.,-4.,3.51));
#2807=CARTESIAN_POINT('',(244.4,-1.75000000000002,3.51));
#2808=CARTESIAN_POINT('',(244.4,-2.2,3.51));
#2809=CARTESIAN_POINT('Origin',(242.4,-1.75000000000002,3.51));
#2810=CARTESIAN_POINT('',(249.7,-4.,3.51));
#2811=CARTESIAN_POINT('Origin',(248.,-4.,3.51));
#2812=CARTESIAN_POINT('Origin',(2.50000021295501,-0.750000000000023,2.51));
#2813=CARTESIAN_POINT('',(1.00000042591002,-0.750000000000023,3.51));
#2814=CARTESIAN_POINT('Origin',(1.00000042591002,-0.750000000000023,2.51));
#2815=CARTESIAN_POINT('',(7.86794919243112,-0.750000000000023,3.51));
#2816=CARTESIAN_POINT('Ctrl Pts',(9.6,0.249999999999977,2.51));
#2817=CARTESIAN_POINT('Ctrl Pts',(9.41893150058051,0.249999999999977,2.6380347637988));
#2818=CARTESIAN_POINT('Ctrl Pts',(9.22181813886171,0.224148702119083,2.77760692545824));
#2819=CARTESIAN_POINT('Ctrl Pts',(8.83707739191734,0.10963279795689,3.04066959930044));
#2820=CARTESIAN_POINT('Ctrl Pts',(8.64934255085054,0.0208508998294624,3.16395182806101));
#2821=CARTESIAN_POINT('Ctrl Pts',(8.37143568377216,-0.166001355998052,3.32798580248774));
#2822=CARTESIAN_POINT('Ctrl Pts',(8.25340467364327,-0.26307456281941,3.39193121103716));
#2823=CARTESIAN_POINT('Ctrl Pts',(8.03941315387014,-0.489509957866176,3.483161805844));
#2824=CARTESIAN_POINT('Ctrl Pts',(7.94351698099499,-0.61911275079178,3.51));
#2825=CARTESIAN_POINT('Ctrl Pts',(7.86794919243112,-0.750000000000022,3.51));
#2826=CARTESIAN_POINT('',(2.50000021295501,-0.750000000000023,3.51));
#2827=CARTESIAN_POINT('Ctrl Pts',(1.00000042591002,0.249999999999976,2.51));
#2828=CARTESIAN_POINT('Ctrl Pts',(-1.,0.249999999999977,2.51));
#2829=CARTESIAN_POINT('Ctrl Pts',(-1.,-1.75000042591004,2.51));
#2830=CARTESIAN_POINT('Ctrl Pts',(1.00000042591002,0.249999999999976,3.51));
#2831=CARTESIAN_POINT('Ctrl Pts',(-1.,0.249999999999977,3.51));
#2832=CARTESIAN_POINT('Ctrl Pts',(-1.,-1.75000042591004,3.51));
#2833=CARTESIAN_POINT('Ctrl Pts',(1.00000042591002,-0.750000000000024,3.51));
#2834=CARTESIAN_POINT('Ctrl Pts',(-2.63677968348475E-15,-0.750000000000023,
3.51));
#2835=CARTESIAN_POINT('Ctrl Pts',(-1.94289029309402E-15,-1.75000042591004,
3.51));
#2836=CARTESIAN_POINT('',(-2.28983498828939E-15,-1.75000042591004,3.51));
#2837=CARTESIAN_POINT('',(-1.,-1.75000042591005,2.51));
#2838=CARTESIAN_POINT('Origin',(-2.28983498828939E-15,-1.75000042591004,
2.51));
#2839=CARTESIAN_POINT('Origin',(1.00000042591002,-1.75000042591004,2.51));
#2840=CARTESIAN_POINT('Origin',(1.00000042591002,-1.75000042591004,3.51));
#2841=CARTESIAN_POINT('Origin',(1.4432899320127E-14,-15.499999787045,2.51));
#2842=CARTESIAN_POINT('',(5.12707667275177E-15,-7.86794919243112,3.51));
#2843=CARTESIAN_POINT('',(-0.999999999999992,-9.6,2.51));
#2844=CARTESIAN_POINT('Ctrl Pts',(5.99346960949987E-15,-7.86794919243112,
3.51));
#2845=CARTESIAN_POINT('Ctrl Pts',(-0.144805329798469,-7.95155258857037,
3.51));
#2846=CARTESIAN_POINT('Ctrl Pts',(-0.285886658446168,-8.05870824772063,
3.47740629398865));
#2847=CARTESIAN_POINT('Ctrl Pts',(-0.528279392369204,-8.298675098835,3.36937602519993));
#2848=CARTESIAN_POINT('Ctrl Pts',(-0.629848140626591,-8.4314178452762,3.2943654217465));
#2849=CARTESIAN_POINT('Ctrl Pts',(-0.897306549892233,-8.86958996287348,
3.02690701248086));
#2850=CARTESIAN_POINT('Ctrl Pts',(-0.999999999999993,-9.2638979137079,2.74766006438809));
#2851=CARTESIAN_POINT('Ctrl Pts',(-0.999999999999993,-9.6,2.51));
#2852=CARTESIAN_POINT('',(-0.999999999999985,-15.499999787045,2.51));
#2853=CARTESIAN_POINT('',(1.4432899320127E-14,-15.499999787045,3.51));
#2854=CARTESIAN_POINT('Origin',(4.,-4.,3.51));
#2855=CARTESIAN_POINT('',(7.6,-1.75000000000002,3.51));
#2856=CARTESIAN_POINT('Origin',(9.6,-1.75000000000002,3.51));
#2857=CARTESIAN_POINT('',(7.6,-4.,3.51));
#2858=CARTESIAN_POINT('',(7.6,-4.00000002167246,3.51));
#2859=CARTESIAN_POINT('',(4.00000004334492,-7.6,3.51));
#2860=CARTESIAN_POINT('Origin',(4.,-4.,3.51));
#2861=CARTESIAN_POINT('',(1.00000000000001,-7.6,3.51));
#2862=CARTESIAN_POINT('',(2.2,-7.6,3.51));
#2863=CARTESIAN_POINT('Origin',(1.00000000000001,-9.6,3.51));
#2864=CARTESIAN_POINT('',(5.7,-4.,3.51));
#2865=CARTESIAN_POINT('Origin',(4.,-4.,3.51));
#2866=CARTESIAN_POINT('Origin',(1.4432899320127E-14,-15.499999787045,2.51));
#2867=CARTESIAN_POINT('',(2.74006246723556E-14,-26.24999957409,3.51));
#2868=CARTESIAN_POINT('',(-0.999999999999972,-26.24999957409,2.51));
#2869=CARTESIAN_POINT('Origin',(2.74006246723556E-14,-26.24999957409,2.51));
#2870=CARTESIAN_POINT('',(-0.999999999999982,-18.4,2.51));
#2871=CARTESIAN_POINT('',(-0.999999999999985,-15.499999787045,2.51));
#2872=CARTESIAN_POINT('',(2.01304971374705E-14,-20.1320508075689,3.51));
#2873=CARTESIAN_POINT('Ctrl Pts',(-0.999999999999982,-18.4,2.51));
#2874=CARTESIAN_POINT('Ctrl Pts',(-0.999999999999982,-18.5810684994195,
2.6380347637988));
#2875=CARTESIAN_POINT('Ctrl Pts',(-0.974148702119088,-18.7781818611383,
2.77760692545824));
#2876=CARTESIAN_POINT('Ctrl Pts',(-0.859632797956893,-19.1629226080827,
3.04066959930044));
#2877=CARTESIAN_POINT('Ctrl Pts',(-0.770850899829466,-19.3506574491495,
3.16395182806101));
#2878=CARTESIAN_POINT('Ctrl Pts',(-0.583998644001951,-19.6285643162278,
3.32798580248774));
#2879=CARTESIAN_POINT('Ctrl Pts',(-0.486925437180595,-19.7465953263567,
3.39193121103716));
#2880=CARTESIAN_POINT('Ctrl Pts',(-0.260490042133828,-19.9605868461299,
3.483161805844));
#2881=CARTESIAN_POINT('Ctrl Pts',(-0.130887249208223,-20.056483019005,3.51));
#2882=CARTESIAN_POINT('Ctrl Pts',(1.98625837999344E-14,-20.1320508075689,
3.51));
#2883=CARTESIAN_POINT('',(1.4432899320127E-14,-15.499999787045,3.51));
#2884=CARTESIAN_POINT('Ctrl Pts',(-0.999999999999975,-26.24999957409,2.51));
#2885=CARTESIAN_POINT('Ctrl Pts',(-0.999999999999975,-28.25,2.51));
#2886=CARTESIAN_POINT('Ctrl Pts',(1.00000042591004,-28.25,2.51));
#2887=CARTESIAN_POINT('Ctrl Pts',(-0.999999999999975,-26.24999957409,3.51));
#2888=CARTESIAN_POINT('Ctrl Pts',(-0.999999999999975,-28.25,3.51));
#2889=CARTESIAN_POINT('Ctrl Pts',(1.00000042591004,-28.25,3.51));
#2890=CARTESIAN_POINT('Ctrl Pts',(2.74780198594726E-14,-26.24999957409,
3.51));
#2891=CARTESIAN_POINT('Ctrl Pts',(2.74780198594726E-14,-27.25,3.51));
#2892=CARTESIAN_POINT('Ctrl Pts',(1.00000042591004,-27.25,3.51));
#2893=CARTESIAN_POINT('',(1.00000042591004,-27.25,3.51));
#2894=CARTESIAN_POINT('',(1.00000042591004,-28.25,2.51));
#2895=CARTESIAN_POINT('Origin',(1.00000042591004,-27.25,2.51));
#2896=CARTESIAN_POINT('Origin',(1.00000042591004,-26.24999957409,2.51));
#2897=CARTESIAN_POINT('Origin',(1.00000042591004,-26.24999957409,3.51));
#2898=CARTESIAN_POINT('Origin',(125.999999787045,-27.25,2.51));
#2899=CARTESIAN_POINT('',(7.86794919243111,-27.25,3.51));
#2900=CARTESIAN_POINT('',(9.59999999999999,-28.25,2.51));
#2901=CARTESIAN_POINT('Ctrl Pts',(7.86794919243111,-27.25,3.51));
#2902=CARTESIAN_POINT('Ctrl Pts',(7.94351698099498,-27.3808872492082,3.51));
#2903=CARTESIAN_POINT('Ctrl Pts',(8.03941315387013,-27.5104900421338,3.483161805844));
#2904=CARTESIAN_POINT('Ctrl Pts',(8.25340467364326,-27.7369254371806,3.39193121103716));
#2905=CARTESIAN_POINT('Ctrl Pts',(8.37143568377214,-27.833998644002,3.32798580248774));
#2906=CARTESIAN_POINT('Ctrl Pts',(8.64934255085053,-28.0208508998295,3.16395182806102));
#2907=CARTESIAN_POINT('Ctrl Pts',(8.83707739191732,-28.1096327979569,3.04066959930044));
#2908=CARTESIAN_POINT('Ctrl Pts',(9.22181813886169,-28.2241487021191,2.77760692545824));
#2909=CARTESIAN_POINT('Ctrl Pts',(9.4189315005805,-28.25,2.6380347637988));
#2910=CARTESIAN_POINT('Ctrl Pts',(9.59999999999999,-28.25,2.51));
#2911=CARTESIAN_POINT('',(125.999999787045,-28.25,2.51));
#2912=CARTESIAN_POINT('',(125.999999787045,-27.25,3.51));
#2913=CARTESIAN_POINT('Origin',(4.,-4.,3.51));
#2914=CARTESIAN_POINT('',(1.00000000000002,-20.4,3.51));
#2915=CARTESIAN_POINT('Origin',(1.00000000000002,-18.4,3.51));
#2916=CARTESIAN_POINT('',(4.,-20.4,3.51));
#2917=CARTESIAN_POINT('',(4.,-20.4,3.51));
#2918=CARTESIAN_POINT('',(7.6,-24.,3.51));
#2919=CARTESIAN_POINT('Origin',(4.,-24.,3.51));
#2920=CARTESIAN_POINT('',(7.6,-26.25,3.51));
#2921=CARTESIAN_POINT('',(7.6,-15.8,3.51));
#2922=CARTESIAN_POINT('Origin',(9.59999999999999,-26.25,3.51));
#2923=CARTESIAN_POINT('',(5.7,-24.,3.51));
#2924=CARTESIAN_POINT('Origin',(4.,-24.,3.51));
#2925=CARTESIAN_POINT('Origin',(125.999999787045,-27.25,2.51));
#2926=CARTESIAN_POINT('',(249.99999957409,-27.25,3.51));
#2927=CARTESIAN_POINT('',(249.99999957409,-28.25,2.51));
#2928=CARTESIAN_POINT('Origin',(249.99999957409,-27.25,2.51));
#2929=CARTESIAN_POINT('',(242.4,-28.25,2.51));
#2930=CARTESIAN_POINT('',(125.999999787045,-28.25,2.51));
#2931=CARTESIAN_POINT('',(244.132050807569,-27.25,3.51));
#2932=CARTESIAN_POINT('Ctrl Pts',(242.4,-28.25,2.51));
#2933=CARTESIAN_POINT('Ctrl Pts',(242.58106849942,-28.25,2.6380347637988));
#2934=CARTESIAN_POINT('Ctrl Pts',(242.778181861138,-28.2241487021191,2.77760692545825));
#2935=CARTESIAN_POINT('Ctrl Pts',(243.162922608083,-28.1096327979569,3.04066959930043));
#2936=CARTESIAN_POINT('Ctrl Pts',(243.350657449149,-28.0208508998295,3.16395182806102));
#2937=CARTESIAN_POINT('Ctrl Pts',(243.628564316228,-27.833998644002,3.32798580248774));
#2938=CARTESIAN_POINT('Ctrl Pts',(243.746595326357,-27.7369254371806,3.39193121103716));
#2939=CARTESIAN_POINT('Ctrl Pts',(243.96058684613,-27.5104900421339,3.483161805844));
#2940=CARTESIAN_POINT('Ctrl Pts',(244.056483019005,-27.3808872492082,3.51));
#2941=CARTESIAN_POINT('Ctrl Pts',(244.132050807569,-27.25,3.51));
#2942=CARTESIAN_POINT('',(125.999999787045,-27.25,3.51));
#2943=CARTESIAN_POINT('Ctrl Pts',(249.99999957409,-28.25,2.51));
#2944=CARTESIAN_POINT('Ctrl Pts',(252.,-28.25,2.51));
#2945=CARTESIAN_POINT('Ctrl Pts',(252.,-26.2499995740899,2.51));
#2946=CARTESIAN_POINT('Ctrl Pts',(249.99999957409,-28.25,3.51000000000001));
#2947=CARTESIAN_POINT('Ctrl Pts',(252.,-28.25,3.51000000000001));
#2948=CARTESIAN_POINT('Ctrl Pts',(252.,-26.2499995740899,3.51000000000001));
#2949=CARTESIAN_POINT('Ctrl Pts',(249.99999957409,-27.25,3.51));
#2950=CARTESIAN_POINT('Ctrl Pts',(251.,-27.25,3.51));
#2951=CARTESIAN_POINT('Ctrl Pts',(251.,-26.2499995740899,3.51));
#2952=CARTESIAN_POINT('',(251.,-26.2499995740899,3.51));
#2953=CARTESIAN_POINT('',(252.,-26.2499995740899,2.51));
#2954=CARTESIAN_POINT('Origin',(251.,-26.2499995740899,2.51));
#2955=CARTESIAN_POINT('Origin',(249.99999957409,-26.2499995740899,2.51));
#2956=CARTESIAN_POINT('Origin',(249.99999957409,-26.2499995740899,3.51));
#2957=CARTESIAN_POINT('Origin',(251.,-2.50000021295484,2.51));
#2958=CARTESIAN_POINT('',(251.,-20.1320508075689,3.51));
#2959=CARTESIAN_POINT('',(252.,-20.1320508075689,2.51));
#2960=CARTESIAN_POINT('Origin',(251.,-20.1320508075689,2.51));
#2961=CARTESIAN_POINT('',(252.,-2.50000021295484,2.51));
#2962=CARTESIAN_POINT('',(251.,-2.50000021295484,3.51));
#2963=CARTESIAN_POINT('Ctrl Pts',(251.950999743721,-18.8400000000005,3.51));
#2964=CARTESIAN_POINT('Ctrl Pts',(251.901112015621,-19.0612066925876,3.51));
#2965=CARTESIAN_POINT('Ctrl Pts',(251.773000005613,-19.359294906747,3.51));
#2966=CARTESIAN_POINT('Ctrl Pts',(251.509747583278,-19.730823148991,3.51));
#2967=CARTESIAN_POINT('Ctrl Pts',(251.295537558191,-19.9315972360977,3.51));
#2968=CARTESIAN_POINT('Ctrl Pts',(251.137188573148,-20.0465127329767,3.51));
#2969=CARTESIAN_POINT('Ctrl Pts',(251.065476485879,-20.0928158281462,3.51));
#2970=CARTESIAN_POINT('Ctrl Pts',(251.027251924141,-20.1161217698577,3.51));
#2971=CARTESIAN_POINT('Ctrl Pts',(251.008936941609,-20.1268910619253,3.51));
#2972=CARTESIAN_POINT('Ctrl Pts',(251.,-20.1320508075689,3.51));
#2973=CARTESIAN_POINT('Ctrl Pts',(251.969512546736,-18.8005022023836,3.46898540374754));
#2974=CARTESIAN_POINT('Ctrl Pts',(251.938325363302,-19.0043157410777,3.44931043453655));
#2975=CARTESIAN_POINT('Ctrl Pts',(251.856980861159,-19.2892576175241,3.42523160795389));
#2976=CARTESIAN_POINT('Ctrl Pts',(251.681113938816,-19.6760861543653,3.41765445958497));
#2977=CARTESIAN_POINT('Ctrl Pts',(251.528466311392,-19.9070067370916,3.43731383918896));
#2978=CARTESIAN_POINT('Ctrl Pts',(251.40788162658,-20.0402614518164,3.47164211435868));
#2979=CARTESIAN_POINT('Ctrl Pts',(251.351635103692,-20.0913933491425,3.49065235070023));
#2980=CARTESIAN_POINT('Ctrl Pts',(251.32117161668,-20.1160152891614,3.5017317232975));
#2981=CARTESIAN_POINT('Ctrl Pts',(251.306425633346,-20.1269405311353,3.50724434103297));
#2982=CARTESIAN_POINT('Ctrl Pts',(251.299199300342,-20.1320508075689,3.51));
#2983=CARTESIAN_POINT('Ctrl Pts',(251.99293343715,-18.7293580020132,3.39510911620871));
#2984=CARTESIAN_POINT('Ctrl Pts',(251.985667529514,-18.8996823555365,3.33775184048251));
#2985=CARTESIAN_POINT('Ctrl Pts',(251.966797621957,-19.1486410991975,3.26192724689042));
#2986=CARTESIAN_POINT('Ctrl Pts',(251.923139209996,-19.5309437907695,3.18616352877565));
#2987=CARTESIAN_POINT('Ctrl Pts',(251.883043442995,-19.7994674436715,3.17477785332366));
#2988=CARTESIAN_POINT('Ctrl Pts',(251.848977440884,-19.9846827847158,3.20670838918623));
#2989=CARTESIAN_POINT('Ctrl Pts',(251.832593733908,-20.0635539459975,3.23062958499435));
#2990=CARTESIAN_POINT('Ctrl Pts',(251.823562626909,-20.1041220309173,3.24615140932623));
#2991=CARTESIAN_POINT('Ctrl Pts',(251.819150812588,-20.1229894032889,3.25443348554302));
#2992=CARTESIAN_POINT('Ctrl Pts',(251.816974127601,-20.1320508075689,3.25868262957235));
#2993=CARTESIAN_POINT('Ctrl Pts',(252.,-18.6566750922865,3.31963502963273));
#2994=CARTESIAN_POINT('Ctrl Pts',(252.000001290221,-18.7911755465642,3.22210825026332));
#2995=CARTESIAN_POINT('Ctrl Pts',(251.999695379185,-18.994130603587,3.08296931591617));
#2996=CARTESIAN_POINT('Ctrl Pts',(251.999720459222,-19.3443137175178,2.8906488204675));
#2997=CARTESIAN_POINT('Ctrl Pts',(251.999601949816,-19.6326512338566,2.78013049069778));
#2998=CARTESIAN_POINT('Ctrl Pts',(251.999756052723,-19.8853521157224,2.7373061616011));
#2999=CARTESIAN_POINT('Ctrl Pts',(251.999861408545,-20.0102292203047,2.73067962719952));
#3000=CARTESIAN_POINT('Ctrl Pts',(251.999939832417,-20.0802623339945,2.73134149088984));
#3001=CARTESIAN_POINT('Ctrl Pts',(251.999976955555,-20.1148782522876,2.73313383119297));
#3002=CARTESIAN_POINT('Ctrl Pts',(252.,-20.1320508075689,2.73439947525641));
#3003=CARTESIAN_POINT('Ctrl Pts',(252.,-18.625525401229,3.28728912481789));
#3004=CARTESIAN_POINT('Ctrl Pts',(252.,-18.7446733627967,3.17254748397636));
#3005=CARTESIAN_POINT('Ctrl Pts',(252.,-18.9279165521395,3.00614606462967));
#3006=CARTESIAN_POINT('Ctrl Pts',(252.,-19.2643824234361,2.76392283885463));
#3007=CARTESIAN_POINT('Ctrl Pts',(252.,-19.5612726546289,2.61095701024514));
#3008=CARTESIAN_POINT('Ctrl Pts',(252.,-19.8428782145111,2.53625551465118));
#3009=CARTESIAN_POINT('Ctrl Pts',(252.,-19.9874339941501,2.51662089227713));
#3010=CARTESIAN_POINT('Ctrl Pts',(252.,-20.0700646491132,2.51096575307621));
#3011=CARTESIAN_POINT('Ctrl Pts',(252.,-20.1114118249944,2.51));
#3012=CARTESIAN_POINT('Ctrl Pts',(252.,-20.1320508075689,2.51));
#3013=CARTESIAN_POINT('Ctrl Pts',(252.,-18.8399860029263,3.08988857956307));
#3014=CARTESIAN_POINT('Ctrl Pts',(252.,-18.8912583216351,3.04527748089757));
#3015=CARTESIAN_POINT('Ctrl Pts',(252.,-19.0070843485283,2.94915282800541));
#3016=CARTESIAN_POINT('Ctrl Pts',(252.,-19.2643824234361,2.76392283885463));
#3017=CARTESIAN_POINT('Ctrl Pts',(252.,-19.5612726546289,2.61095701024514));
#3018=CARTESIAN_POINT('Ctrl Pts',(252.,-19.8428782145111,2.53625551465118));
#3019=CARTESIAN_POINT('Ctrl Pts',(252.,-19.9874339941501,2.51662089227713));
#3020=CARTESIAN_POINT('Ctrl Pts',(252.,-20.0700646491132,2.51096575307621));
#3021=CARTESIAN_POINT('Ctrl Pts',(252.,-20.1114118249944,2.51));
#3022=CARTESIAN_POINT('Ctrl Pts',(252.,-20.1320508075689,2.51));
#3023=CARTESIAN_POINT('Origin',(250.,-18.4,3.51));
#3024=CARTESIAN_POINT('Origin',(4.,-4.,3.51));
#3025=CARTESIAN_POINT('',(244.4,-26.25,3.51));
#3026=CARTESIAN_POINT('Origin',(242.4,-26.25,3.51));
#3027=CARTESIAN_POINT('',(244.4,-24.,3.51));
#3028=CARTESIAN_POINT('',(244.4,-14.,3.51));
#3029=CARTESIAN_POINT('',(248.,-20.4,3.51));
#3030=CARTESIAN_POINT('Origin',(248.,-24.,3.51));
#3031=CARTESIAN_POINT('',(250.,-20.4,3.51));
#3032=CARTESIAN_POINT('',(127.8,-20.4,3.51));
#3033=CARTESIAN_POINT('Origin',(250.,-18.4,3.51));
#3034=CARTESIAN_POINT('',(249.7,-24.,3.51));
#3035=CARTESIAN_POINT('Origin',(248.,-24.,3.51));
#3036=CARTESIAN_POINT('Origin',(9.6,-1.75000000000002,-1.9875));
#3037=CARTESIAN_POINT('',(7.6,-1.75000000000002,7.185));
#3038=CARTESIAN_POINT('Origin',(9.6,-1.75000000000002,7.185));
#3039=CARTESIAN_POINT('',(7.6,-1.75000000000002,-1.9875));
#3040=CARTESIAN_POINT('Origin',(1.00000000000001,-9.6,-1.9875));
#3041=CARTESIAN_POINT('',(1.00000000000001,-7.6,7.185));
#3042=CARTESIAN_POINT('',(1.00000000000001,-7.6,-1.9875));
#3043=CARTESIAN_POINT('',(-0.999999999999992,-9.6,7.185));
#3044=CARTESIAN_POINT('Origin',(1.00000000000001,-9.6,7.185));
#3045=CARTESIAN_POINT('',(-0.999999999999993,-9.6,-1.9875));
#3046=CARTESIAN_POINT('Origin',(1.00000000000002,-18.4,-1.9875));
#3047=CARTESIAN_POINT('',(-0.999999999999981,-18.4,7.185));
#3048=CARTESIAN_POINT('',(-0.999999999999982,-18.4,-1.9875));
#3049=CARTESIAN_POINT('',(1.00000000000001,-20.4,7.185));
#3050=CARTESIAN_POINT('Origin',(1.00000000000002,-18.4,7.185));
#3051=CARTESIAN_POINT('',(1.00000000000002,-20.4,-1.9875));
#3052=CARTESIAN_POINT('Origin',(-0.999999999999971,-26.99999957409,-5.485));
#3053=CARTESIAN_POINT('',(-0.999999999999979,-20.4999997870451,7.185));
#3054=CARTESIAN_POINT('',(-0.999999999999981,-26.24999957409,-7.485));
#3055=CARTESIAN_POINT('',(-0.999999999999972,-26.24999957409,-5.485));
#3056=CARTESIAN_POINT('',(-1.00000000000001,-1.75000042591005,-7.485));
#3057=CARTESIAN_POINT('',(-0.999999999999988,-20.4999997870451,-7.485));
#3058=CARTESIAN_POINT('',(-1.,-1.75000042591005,-5.485));
#3059=CARTESIAN_POINT('Origin',(9.59999999999999,-26.25,-1.9875));
#3060=CARTESIAN_POINT('',(7.6,-26.25,7.185));
#3061=CARTESIAN_POINT('',(7.6,-26.25,-1.9875));
#3062=CARTESIAN_POINT('',(9.59999999999997,-28.25,7.185));
#3063=CARTESIAN_POINT('Origin',(9.59999999999999,-26.25,7.185));
#3064=CARTESIAN_POINT('',(9.59999999999999,-28.25,-1.9875));
#3065=CARTESIAN_POINT('Origin',(250.,-9.6,-1.9875));
#3066=CARTESIAN_POINT('',(252.,-9.6,4.59995412747463));
#3067=CARTESIAN_POINT('Ctrl Pts',(251.950999743721,-9.16000000000045,3.51));
#3068=CARTESIAN_POINT('Ctrl Pts',(251.950999743721,-9.16000000000045,3.70682484732824));
#3069=CARTESIAN_POINT('Ctrl Pts',(251.9610861612,-9.19922106775383,3.91623219294401));
#3070=CARTESIAN_POINT('Ctrl Pts',(251.986437297138,-9.35497014617554,4.2937027231595));
#3071=CARTESIAN_POINT('Ctrl Pts',(252.,-9.46819538501699,4.46330689510354));
#3072=CARTESIAN_POINT('Ctrl Pts',(252.,-9.6,4.59995412747464));
#3073=CARTESIAN_POINT('',(252.,-9.6,7.185));
#3074=CARTESIAN_POINT('',(252.,-9.6,-1.9875));
#3075=CARTESIAN_POINT('',(250.,-7.6,7.185));
#3076=CARTESIAN_POINT('Origin',(250.,-9.6,7.185));
#3077=CARTESIAN_POINT('',(250.,-7.6,-1.9875));
#3078=CARTESIAN_POINT('Origin',(254.,-10.7300000000004,2.51));
#3079=CARTESIAN_POINT('',(252.,-10.7300000000004,0.94));
#3080=CARTESIAN_POINT('Origin',(252.,-10.7300000000004,2.51));
#3081=CARTESIAN_POINT('',(253.8,-10.7300000000004,0.94));
#3082=CARTESIAN_POINT('',(254.,-10.7300000000004,0.94));
#3083=CARTESIAN_POINT('Origin',(253.8,-10.7300000000004,2.51));
#3084=CARTESIAN_POINT('Origin',(242.4,-1.75000000000002,-1.9875));
#3085=CARTESIAN_POINT('',(244.4,-1.75000000000002,7.185));
#3086=CARTESIAN_POINT('',(244.4,-1.75000000000002,-1.9875));
#3087=CARTESIAN_POINT('Origin',(242.4,-1.75000000000002,7.185));
#3088=CARTESIAN_POINT('Origin',(242.4,-26.25,-1.9875));
#3089=CARTESIAN_POINT('',(242.4,-28.25,7.185));
#3090=CARTESIAN_POINT('',(242.4,-28.25,-1.9875));
#3091=CARTESIAN_POINT('',(244.4,-26.25,7.185));
#3092=CARTESIAN_POINT('Origin',(242.4,-26.25,7.185));
#3093=CARTESIAN_POINT('',(244.4,-26.25,-1.9875));
#3094=CARTESIAN_POINT('Origin',(247.99999957409,-28.25,-5.485));
#3095=CARTESIAN_POINT('',(186.249999787045,-28.25,7.185));
#3096=CARTESIAN_POINT('',(249.99999957409,-28.25,-7.485));
#3097=CARTESIAN_POINT('',(249.99999957409,-28.25,-5.485));
#3098=CARTESIAN_POINT('',(1.00000042591002,-28.25,-7.485));
#3099=CARTESIAN_POINT('',(186.999999787045,-28.25,-7.485));
#3100=CARTESIAN_POINT('',(1.00000042591004,-28.25,-5.485));
#3101=CARTESIAN_POINT('Origin',(250.,-18.4,-1.9875));
#3102=CARTESIAN_POINT('',(252.,-18.4,4.59995412747557));
#3103=CARTESIAN_POINT('Ctrl Pts',(252.,-18.4,4.59995412747557));
#3104=CARTESIAN_POINT('Ctrl Pts',(252.,-18.5318046149834,4.46330689510432));
#3105=CARTESIAN_POINT('Ctrl Pts',(251.986437297138,-18.6450298538252,4.29370272315996));
#3106=CARTESIAN_POINT('Ctrl Pts',(251.9610861612,-18.8007789322471,3.91623219294406));
#3107=CARTESIAN_POINT('Ctrl Pts',(251.950999743721,-18.8400000000005,3.70682484732827));
#3108=CARTESIAN_POINT('Ctrl Pts',(251.950999743721,-18.8400000000005,3.51));
#3109=CARTESIAN_POINT('',(250.,-20.4,7.185));
#3110=CARTESIAN_POINT('',(250.,-20.4,-1.9875));
#3111=CARTESIAN_POINT('',(252.,-18.4,7.185));
#3112=CARTESIAN_POINT('Origin',(250.,-18.4,7.185));
#3113=CARTESIAN_POINT('',(252.,-18.4,-1.9875));
#3114=CARTESIAN_POINT('Origin',(252.,-1.00000042591002,-5.485));
#3115=CARTESIAN_POINT('',(252.,-1.75000042591005,-7.485));
#3116=CARTESIAN_POINT('',(252.,-1.75000042591005,-5.485));
#3117=CARTESIAN_POINT('',(252.,-26.2499995740899,-7.485));
#3118=CARTESIAN_POINT('',(252.,-7.50000021295495,-7.485));
#3119=CARTESIAN_POINT('',(252.,-26.2499995740899,-5.485));
#3120=CARTESIAN_POINT('',(252.,-17.2700000000005,0.94));
#3121=CARTESIAN_POINT('Origin',(252.,-17.2700000000005,2.51));
#3122=CARTESIAN_POINT('',(252.,-5.76500021295524,0.94));
#3123=CARTESIAN_POINT('Origin',(254.,-17.2700000000005,2.51));
#3124=CARTESIAN_POINT('',(253.8,-17.2700000000005,0.94));
#3125=CARTESIAN_POINT('Origin',(253.8,-17.2700000000005,2.51));
#3126=CARTESIAN_POINT('',(254.,-17.2700000000005,0.94));
#3127=CARTESIAN_POINT('Origin',(187.,-30.9,-7.385));
#3128=CARTESIAN_POINT('',(1.00000042591006,-30.8,-7.485));
#3129=CARTESIAN_POINT('',(1.00000042591004,-31.,-7.285));
#3130=CARTESIAN_POINT('',(249.99999957409,-30.8,-7.485));
#3131=CARTESIAN_POINT('',(187.,-30.8,-7.485));
#3132=CARTESIAN_POINT('',(249.99999957409,-30.8,-7.485));
#3133=CARTESIAN_POINT('Origin',(1.00000042591004,-26.99999957409,-7.385));
#3134=CARTESIAN_POINT('',(-2.99999999999997,-26.99999957409,-7.285));
#3135=CARTESIAN_POINT('Origin',(1.00000042591004,-26.99999957409,-7.285));
#3136=CARTESIAN_POINT('',(-2.79999999999998,-26.99999957409,-7.485));
#3137=CARTESIAN_POINT('',(-2.99999999999997,-26.99999957409,-7.285));
#3138=CARTESIAN_POINT('Origin',(1.00000042591004,-26.99999957409,-7.485));
#3139=CARTESIAN_POINT('Origin',(-2.89999999999998,-19.0000000000001,-7.385));
#3140=CARTESIAN_POINT('',(-3.,-1.00000042591005,-7.285));
#3141=CARTESIAN_POINT('',(-2.80000000000001,-1.00000042591005,-7.485));
#3142=CARTESIAN_POINT('',(-3.,-1.00000042591005,-7.285));
#3143=CARTESIAN_POINT('',(-2.79999999999998,-19.0000000000001,-7.485));
#3144=CARTESIAN_POINT('',(-2.99999999999998,-19.0000000000001,-7.285));
#3145=CARTESIAN_POINT('Origin',(1.00000042591002,-1.00000042591004,-7.385));
#3146=CARTESIAN_POINT('Origin',(1.00000042591002,-1.00000042591004,-7.285));
#3147=CARTESIAN_POINT('',(1.00000042591002,2.79999999999998,-7.485));
#3148=CARTESIAN_POINT('',(1.00000042591002,2.99999999999998,-7.285));
#3149=CARTESIAN_POINT('Origin',(1.00000042591002,-1.00000042591004,-7.485));
#3150=CARTESIAN_POINT('Origin',(65.,2.89999999999998,-7.385));
#3151=CARTESIAN_POINT('',(249.99999957409,2.8,-7.485));
#3152=CARTESIAN_POINT('',(249.99999957409,3.,-7.285));
#3153=CARTESIAN_POINT('',(65.,2.79999999999998,-7.485));
#3154=CARTESIAN_POINT('Origin',(249.99999957409,-1.00000042591002,-7.385));
#3155=CARTESIAN_POINT('',(254.,-1.00000042591002,-7.285));
#3156=CARTESIAN_POINT('Origin',(249.99999957409,-1.00000042591002,-7.285));
#3157=CARTESIAN_POINT('',(253.8,-1.00000042591002,-7.485));
#3158=CARTESIAN_POINT('',(254.,-1.00000042591002,-7.285));
#3159=CARTESIAN_POINT('Origin',(249.99999957409,-1.00000042591002,-7.485));
#3160=CARTESIAN_POINT('Origin',(253.9,-8.9999999999999,-7.385));
#3161=CARTESIAN_POINT('',(254.,-26.9999995740899,-7.285));
#3162=CARTESIAN_POINT('',(253.8,-26.9999995740899,-7.485));
#3163=CARTESIAN_POINT('',(254.,-26.9999995740899,-7.285));
#3164=CARTESIAN_POINT('',(253.8,-8.9999999999999,-7.485));
#3165=CARTESIAN_POINT('',(254.,-8.9999999999999,-7.285));
#3166=CARTESIAN_POINT('Origin',(249.99999957409,-26.99999957409,-7.385));
#3167=CARTESIAN_POINT('Origin',(249.99999957409,-26.99999957409,-7.285));
#3168=CARTESIAN_POINT('Origin',(249.99999957409,-26.99999957409,-7.485));
#3169=CARTESIAN_POINT('Origin',(1.00000042591002,-1.00000042591004,-5.485));
#3170=CARTESIAN_POINT('',(-3.,-1.00000042591005,7.185));
#3171=CARTESIAN_POINT('',(-3.,-1.00000042591005,-5.485));
#3172=CARTESIAN_POINT('Origin',(1.00000042591002,-1.00000042591004,7.185));
#3173=CARTESIAN_POINT('Origin',(-2.99999999999998,-24.,-5.485));
#3174=CARTESIAN_POINT('',(-2.99999999999997,-26.99999957409,7.185));
#3175=CARTESIAN_POINT('',(-2.99999999999997,-26.99999957409,-5.485));
#3176=CARTESIAN_POINT('',(-2.99999999999999,-19.0000000000001,7.18500000000001));
#3177=CARTESIAN_POINT('Origin',(1.00000042591004,-26.99999957409,-5.485));
#3178=CARTESIAN_POINT('Origin',(1.00000042591004,-26.99999957409,7.18500000000001));
#3179=CARTESIAN_POINT('Origin',(126.,-14.,-7.485));
#3180=CARTESIAN_POINT('Origin',(1.00000042591004,-26.24999957409,-7.485));
#3181=CARTESIAN_POINT('Origin',(249.99999957409,-26.2499995740899,-7.485));
#3182=CARTESIAN_POINT('Origin',(249.99999957409,-1.75000042591005,-7.485));
#3183=CARTESIAN_POINT('Origin',(1.00000042591002,-1.75000042591004,-7.485));
#3184=CARTESIAN_POINT('Origin',(253.9,-10.7300000000004,3.51));
#3185=CARTESIAN_POINT('',(254.,-10.7300000000004,5.28));
#3186=CARTESIAN_POINT('',(253.8,-10.7300000000004,5.08));
#3187=CARTESIAN_POINT('',(254.,-10.7300000000004,5.28));
#3188=CARTESIAN_POINT('Origin',(253.8,-10.7300000000004,3.51));
#3189=CARTESIAN_POINT('',(254.,-8.96000000000045,3.51));
#3190=CARTESIAN_POINT('',(253.8,-9.16000000000045,3.51));
#3191=CARTESIAN_POINT('Origin',(254.,-10.7300000000004,3.51));
#3192=CARTESIAN_POINT('Origin',(253.9,-10.7350000000002,5.18));
#3193=CARTESIAN_POINT('',(254.,-17.2700000000005,5.28));
#3194=CARTESIAN_POINT('',(254.,-10.7350000000002,5.28));
#3195=CARTESIAN_POINT('',(253.8,-17.2700000000005,5.08));
#3196=CARTESIAN_POINT('',(254.,-17.2700000000005,5.28));
#3197=CARTESIAN_POINT('',(253.8,-10.7350000000002,5.08));
#3198=CARTESIAN_POINT('Origin',(253.9,-17.2700000000005,3.51));
#3199=CARTESIAN_POINT('',(254.,-19.0400000000005,3.51));
#3200=CARTESIAN_POINT('',(254.,-19.0400000000005,3.51));
#3201=CARTESIAN_POINT('Origin',(253.8,-17.2700000000005,3.51));
#3202=CARTESIAN_POINT('Origin',(254.,-17.2700000000005,3.51));
#3203=CARTESIAN_POINT('Origin',(253.9,-18.9400000000005,-1.4875));
#3204=CARTESIAN_POINT('',(254.,-19.0400000000005,2.51));
#3205=CARTESIAN_POINT('',(254.,-19.0400000000005,-1.4875));
#3206=CARTESIAN_POINT('',(254.,-19.0400000000005,2.51));
#3207=CARTESIAN_POINT('Origin',(253.9,-17.2700000000005,2.51));
#3208=CARTESIAN_POINT('',(254.,-17.2700000000005,0.739999999999999));
#3209=CARTESIAN_POINT('',(254.,-17.2700000000005,0.739999999999999));
#3210=CARTESIAN_POINT('Origin',(254.,-17.2700000000005,2.51));
#3211=CARTESIAN_POINT('Origin',(253.9,-7.26500000000023,0.84));
#3212=CARTESIAN_POINT('',(254.,-10.7300000000004,0.74));
#3213=CARTESIAN_POINT('',(254.,-7.26500000000023,0.74));
#3214=CARTESIAN_POINT('',(254.,-10.7300000000004,0.74));
#3215=CARTESIAN_POINT('',(253.8,-7.26500000000023,0.94));
#3216=CARTESIAN_POINT('Origin',(253.9,-10.7300000000004,2.51));
#3217=CARTESIAN_POINT('',(254.,-8.96000000000045,2.51));
#3218=CARTESIAN_POINT('',(254.,-8.96000000000045,2.51));
#3219=CARTESIAN_POINT('Origin',(254.,-10.7300000000004,2.51));
#3220=CARTESIAN_POINT('Origin',(253.9,-9.06000000000045,-0.887500000000001));
#3221=CARTESIAN_POINT('',(254.,-8.96000000000045,-0.887500000000001));
#3222=CARTESIAN_POINT('Origin',(254.,-10.5300000000005,0.94));
#3223=CARTESIAN_POINT('Origin',(254.,-10.7300000000004,3.51));
#3224=CARTESIAN_POINT('',(252.,-10.7300000000004,5.08));
#3225=CARTESIAN_POINT('',(254.,-10.7300000000004,5.08));
#3226=CARTESIAN_POINT('Origin',(252.,-10.7300000000004,3.51));
#3227=CARTESIAN_POINT('Origin',(254.,-4.,-5.485));
#3228=CARTESIAN_POINT('',(254.,-1.00000042591001,7.185));
#3229=CARTESIAN_POINT('',(254.,-1.00000042591002,-5.485));
#3230=CARTESIAN_POINT('',(254.,-26.9999995740899,7.185));
#3231=CARTESIAN_POINT('',(254.,-8.99999999999989,7.185));
#3232=CARTESIAN_POINT('',(254.,-26.9999995740899,-5.485));
#3233=CARTESIAN_POINT('Origin',(251.6,-20.4,1.51));
#3234=CARTESIAN_POINT('',(248.,-20.4,7.185));
#3235=CARTESIAN_POINT('',(248.,-20.4,1.51));
#3236=CARTESIAN_POINT('',(188.05,-20.4,7.185));
#3237=CARTESIAN_POINT('Origin',(252.,-1.00000042591002,-5.485));
#3238=CARTESIAN_POINT('',(252.,-7.50000021295493,7.185));
#3239=CARTESIAN_POINT('',(252.,-17.2700000000005,5.08));
#3240=CARTESIAN_POINT('',(252.,-9.23500021295524,5.08));
#3241=CARTESIAN_POINT('Origin',(252.,-17.2700000000005,3.51));
#3242=CARTESIAN_POINT('Origin',(244.4,-0.4,1.51));
#3243=CARTESIAN_POINT('',(244.4,-4.,7.185));
#3244=CARTESIAN_POINT('',(244.4,-4.,1.51));
#3245=CARTESIAN_POINT('',(244.4,-7.20000000000001,7.185));
#3246=CARTESIAN_POINT('Origin',(7.6,-27.6,1.51));
#3247=CARTESIAN_POINT('',(7.6,-24.,7.185));
#3248=CARTESIAN_POINT('',(7.6,-24.,1.51));
#3249=CARTESIAN_POINT('',(7.6,-20.8,7.185));
#3250=CARTESIAN_POINT('Origin',(0.4,-7.6,1.51));
#3251=CARTESIAN_POINT('',(4.00000004334492,-7.6,7.185));
#3252=CARTESIAN_POINT('',(4.00000004334492,-7.6,1.51));
#3253=CARTESIAN_POINT('',(62.45,-7.6,7.185));
#3254=CARTESIAN_POINT('Origin',(254.,-17.4700000000005,5.08));
#3255=CARTESIAN_POINT('',(254.,-17.2700000000005,5.08));
#3256=CARTESIAN_POINT('Origin',(254.,-17.2700000000005,3.51));
#3257=CARTESIAN_POINT('Origin',(249.99999957409,-1.75000042591005,-5.485));
#3258=CARTESIAN_POINT('Origin',(1.00000042591002,-1.75000042591004,-5.485));
#3259=CARTESIAN_POINT('Origin',(249.99999957409,-26.2499995740899,-5.485));
#3260=CARTESIAN_POINT('Origin',(1.00000042591004,-26.24999957409,-5.485));
#3261=CARTESIAN_POINT('Origin',(124.5,-14.,7.185));
#3262=CARTESIAN_POINT('Origin',(249.99999957409,-26.99999957409,7.185));
#3263=CARTESIAN_POINT('Origin',(249.99999957409,-1.00000042591002,7.185));
#3264=CARTESIAN_POINT('',(7.6,-4.,7.185));
#3265=CARTESIAN_POINT('Origin',(4.,-4.,7.185));
#3266=CARTESIAN_POINT('',(7.6,-9.00000002167246,7.185));
#3267=CARTESIAN_POINT('',(248.,-7.6,7.185));
#3268=CARTESIAN_POINT('Origin',(248.,-4.,7.185));
#3269=CARTESIAN_POINT('',(186.25,-7.6,7.185));
#3270=CARTESIAN_POINT('',(244.4,-24.,7.185));
#3271=CARTESIAN_POINT('Origin',(248.,-24.,7.185));
#3272=CARTESIAN_POINT('',(244.4,-19.,7.185));
#3273=CARTESIAN_POINT('',(4.,-20.4,7.185));
#3274=CARTESIAN_POINT('Origin',(4.,-24.,7.185));
#3275=CARTESIAN_POINT('',(64.25,-20.4,7.185));
#3276=CARTESIAN_POINT('',(5.7,-24.,7.185));
#3277=CARTESIAN_POINT('Origin',(4.,-24.,7.185));
#3278=CARTESIAN_POINT('',(249.7,-24.,7.185));
#3279=CARTESIAN_POINT('Origin',(248.,-24.,7.185));
#3280=CARTESIAN_POINT('',(5.7,-4.,7.185));
#3281=CARTESIAN_POINT('Origin',(4.,-4.,7.185));
#3282=CARTESIAN_POINT('',(249.7,-4.,7.185));
#3283=CARTESIAN_POINT('Origin',(248.,-4.,7.185));
#3284=CARTESIAN_POINT('Origin',(248.,-7.6,1.51));
#3285=CARTESIAN_POINT('',(248.,-7.6,1.51));
#3286=CARTESIAN_POINT('Origin',(248.,-4.,1.51));
#3287=CARTESIAN_POINT('Origin',(7.6,-4.00000004334492,1.51));
#3288=CARTESIAN_POINT('',(7.6,-4.,1.51));
#3289=CARTESIAN_POINT('Origin',(4.,-4.,1.51));
#3290=CARTESIAN_POINT('Origin',(249.99999957409,-1.00000042591002,-5.485));
#3291=CARTESIAN_POINT('Origin',(249.99999957409,-26.99999957409,-5.485));
#3292=CARTESIAN_POINT('Origin',(4.,-4.,1.51));
#3293=CARTESIAN_POINT('',(5.7,-4.,1.51));
#3294=CARTESIAN_POINT('Origin',(248.,-4.,1.51));
#3295=CARTESIAN_POINT('',(249.7,-4.,1.51));
#3296=CARTESIAN_POINT('Origin',(248.,-24.,1.51));
#3297=CARTESIAN_POINT('',(249.7,-24.,1.51));
#3298=CARTESIAN_POINT('Origin',(244.4,-24.,1.51));
#3299=CARTESIAN_POINT('',(244.4,-24.,1.51));
#3300=CARTESIAN_POINT('Origin',(248.,-24.,1.51));
#3301=CARTESIAN_POINT('Origin',(4.,-24.,1.51));
#3302=CARTESIAN_POINT('',(5.7,-24.,1.51));
#3303=CARTESIAN_POINT('Origin',(4.,-20.4,1.51));
#3304=CARTESIAN_POINT('',(4.,-20.4,1.51));
#3305=CARTESIAN_POINT('Origin',(4.,-24.,1.51));
#3306=UNCERTAINTY_MEASURE_WITH_UNIT(LENGTH_MEASURE(0.01),#3310,
'DISTANCE_ACCURACY_VALUE',
'Maximum model space distance between geometric entities at asserted c
onnectivities');
#3307=UNCERTAINTY_MEASURE_WITH_UNIT(LENGTH_MEASURE(0.01),#3310,
'DISTANCE_ACCURACY_VALUE',
'Maximum model space distance between geometric entities at asserted c
onnectivities');
#3308=(
GEOMETRIC_REPRESENTATION_CONTEXT(3)
GLOBAL_UNCERTAINTY_ASSIGNED_CONTEXT((#3306))
GLOBAL_UNIT_ASSIGNED_CONTEXT((#3310,#3311,#3312))
REPRESENTATION_CONTEXT('','3D')
);
#3309=(
GEOMETRIC_REPRESENTATION_CONTEXT(3)
GLOBAL_UNCERTAINTY_ASSIGNED_CONTEXT((#3307))
GLOBAL_UNIT_ASSIGNED_CONTEXT((#3310,#3311,#3312))
REPRESENTATION_CONTEXT('','3D')
);
#3310=(
LENGTH_UNIT()
NAMED_UNIT(*)
SI_UNIT(.MILLI.,.METRE.)
);
#3311=(
NAMED_UNIT(*)
PLANE_ANGLE_UNIT()
SI_UNIT($,.RADIAN.)
);
#3312=(
NAMED_UNIT(*)
SI_UNIT($,.STERADIAN.)
SOLID_ANGLE_UNIT()
);
#3313=SHAPE_DEFINITION_REPRESENTATION(#3314,#3315);
#3314=PRODUCT_DEFINITION_SHAPE('',$,#3317);
#3315=SHAPE_REPRESENTATION('',(#1830),#3308);
#3316=PRODUCT_DEFINITION_CONTEXT('part definition',#3321,'design');
#3317=PRODUCT_DEFINITION('board 1',
'glowbug v4 - for machining - smaller slit',#3318,#3316);
#3318=PRODUCT_DEFINITION_FORMATION('',$,#3323);
#3319=PRODUCT_RELATED_PRODUCT_CATEGORY(
'glowbug v4 - for machining - smaller slit',
'glowbug v4 - for machining - smaller slit',(#3323));
#3320=APPLICATION_PROTOCOL_DEFINITION('international standard',
'automotive_design',2009,#3321);
#3321=APPLICATION_CONTEXT(
'Core Data for Automotive Mechanical Design Process');
#3322=PRODUCT_CONTEXT('part definition',#3321,'mechanical');
#3323=PRODUCT('board 1','glowbug v4 - for machining - smaller slit',
'KiCad electronic assembly',(#3322));
#3324=PRESENTATION_STYLE_ASSIGNMENT((#3327));
#3325=PRESENTATION_STYLE_ASSIGNMENT((#3328));
#3326=PRESENTATION_STYLE_ASSIGNMENT((#3329));
#3327=SURFACE_STYLE_USAGE(.BOTH.,#3330);
#3328=SURFACE_STYLE_USAGE(.BOTH.,#3331);
#3329=SURFACE_STYLE_USAGE(.BOTH.,#3332);
#3330=SURFACE_SIDE_STYLE('',(#3333));
#3331=SURFACE_SIDE_STYLE('',(#3334));
#3332=SURFACE_SIDE_STYLE('',(#3335));
#3333=SURFACE_STYLE_FILL_AREA(#3336);
#3334=SURFACE_STYLE_FILL_AREA(#3337);
#3335=SURFACE_STYLE_FILL_AREA(#3338);
#3336=FILL_AREA_STYLE('Steel - Satin',(#3339));
#3337=FILL_AREA_STYLE('Aluminum - Bead Blasted',(#3340));
#3338=FILL_AREA_STYLE('Acrylic (Clear)',(#3341));
#3339=FILL_AREA_STYLE_COLOUR('Steel - Satin',#3342);
#3340=FILL_AREA_STYLE_COLOUR('Aluminum - Bead Blasted',#3343);
#3341=FILL_AREA_STYLE_COLOUR('Acrylic (Clear)',#3344);
#3342=COLOUR_RGB('Steel - Satin',0.627450980392157,0.627450980392157,0.627450980392157);
#3343=COLOUR_RGB('Aluminum - Bead Blasted',0.96078431372549,0.96078431372549,
0.964705882352941);
#3344=COLOUR_RGB('Acrylic (Clear)',0.964705882352941,0.964705882352941,
0.952941176470588);
ENDSEC;
END-ISO-10303-21;
